将处理 1 个数据集: bge_m3
输出目录: C:\Users\v_chchsli\Desktop\TriviumDB

======================================================================
  BGE-M3 1M ads (1024-d)
  源: huggingface | 前缀: bge_m3
======================================================================
  [完整下载] 加载数据集...
Warning: You are sending unauthenticated requests to the HF Hub. Please set a HF_TOKEN to enable higher rate limits and faster downloads.

Generating train split:   0%|          | 0/1007717 [00:00<?, ? examples/s]
Generating train split:   1%|          | 7104/1007717 [00:01<02:42, 6146.52 examples/s]
Generating train split:   1%|▏         | 14189/1007717 [00:01<01:51, 8873.18 examples/s]
Generating train split:   2%|▏         | 21283/1007717 [00:02<01:36, 10269.19 examples/s]
Generating train split:   3%|▎         | 28357/1007717 [00:02<01:24, 11579.32 examples/s]
Generating train split:   4%|▎         | 35449/1007717 [00:03<01:15, 12832.79 examples/s]
Generating train split:   4%|▍         | 42526/1007717 [00:03<01:10, 13600.76 examples/s]
Generating train split:   5%|▍         | 49079/1007717 [00:04<01:08, 14063.79 examples/s]
Generating train split:   6%|▌         | 55526/1007717 [00:04<01:09, 13701.24 examples/s]
Generating train split:   6%|▌         | 62149/1007717 [00:05<01:11, 13153.06 examples/s]
Generating train split:   7%|▋         | 69001/1007717 [00:05<01:12, 12900.34 examples/s]
Generating train split:   8%|▊         | 75722/1007717 [00:06<01:15, 12382.59 examples/s]
Generating train split:   8%|▊         | 82343/1007717 [00:06<01:12, 12773.77 examples/s]
Generating train split:   9%|▉         | 88891/1007717 [00:07<01:11, 12762.84 examples/s]
Generating train split:   9%|▉         | 95386/1007717 [00:07<01:09, 13200.09 examples/s]
Generating train split:  10%|█         | 101828/1007717 [00:08<01:05, 13745.22 examples/s]
Generating train split:  11%|█         | 108209/1007717 [00:08<01:05, 13654.91 examples/s]
Generating train split:  11%|█▏        | 114573/1007717 [00:09<01:06, 13415.65 examples/s]
Generating train split:  12%|█▏        | 121034/1007717 [00:09<01:09, 12793.46 examples/s]
Generating train split:  13%|█▎        | 127552/1007717 [00:10<01:08, 12780.25 examples/s]
Generating train split:  13%|█▎        | 133747/1007717 [00:10<01:06, 13220.13 examples/s]
Generating train split:  14%|█▍        | 139879/1007717 [00:11<01:04, 13451.67 examples/s]
Generating train split:  15%|█▍        | 146297/1007717 [00:11<01:07, 12781.40 examples/s]
Generating train split:  15%|█▌        | 153506/1007717 [00:12<01:01, 13972.13 examples/s]
Generating train split:  16%|█▌        | 160357/1007717 [00:12<01:00, 13976.69 examples/s]
Generating train split:  16%|█▋        | 166210/1007717 [00:12<00:56, 14805.60 examples/s]
Generating train split:  17%|█▋        | 171140/1007717 [00:13<00:56, 14744.50 examples/s]
Generating train split:  17%|█▋        | 176183/1007717 [00:13<00:56, 14757.99 examples/s]
Generating train split:  18%|█▊        | 181264/1007717 [00:13<00:56, 14631.60 examples/s]
Generating train split:  18%|█▊        | 186190/1007717 [00:14<00:57, 14198.05 examples/s]
Generating train split:  19%|█▉        | 191224/1007717 [00:14<00:56, 14335.94 examples/s]
Generating train split:  19%|█▉        | 196259/1007717 [00:15<01:00, 13516.09 examples/s]
Generating train split:  20%|█▉        | 201247/1007717 [00:15<00:59, 13623.44 examples/s]
Generating train split:  20%|██        | 206290/1007717 [00:15<00:59, 13386.76 examples/s]
Generating train split:  21%|██        | 211251/1007717 [00:16<01:00, 13132.16 examples/s]
Generating train split:  21%|██▏       | 216289/1007717 [00:16<00:59, 13319.57 examples/s]
Generating train split:  22%|██▏       | 221370/1007717 [00:16<00:58, 13534.21 examples/s]
Generating train split:  22%|██▏       | 226278/1007717 [00:17<00:59, 13102.33 examples/s]
Generating train split:  23%|██▎       | 231323/1007717 [00:17<01:02, 12465.85 examples/s]
Generating train split:  23%|██▎       | 236401/1007717 [00:18<01:01, 12479.50 examples/s]
Generating train split:  24%|██▍       | 241361/1007717 [00:18<01:00, 12592.29 examples/s]
Generating train split:  24%|██▍       | 246393/1007717 [00:18<00:59, 12868.54 examples/s]
Generating train split:  25%|██▍       | 251388/1007717 [00:19<00:58, 12836.81 examples/s]
Generating train split:  25%|██▌       | 256407/1007717 [00:19<00:58, 12874.09 examples/s]
Generating train split:  26%|██▌       | 261475/1007717 [00:20<00:58, 12762.93 examples/s]
Generating train split:  26%|██▋       | 266401/1007717 [00:20<00:58, 12625.03 examples/s]
Generating train split:  27%|██▋       | 271444/1007717 [00:20<00:57, 12762.31 examples/s]
Generating train split:  27%|██▋       | 276524/1007717 [00:21<00:58, 12562.23 examples/s]
Generating train split:  28%|██▊       | 281457/1007717 [00:21<00:56, 12827.10 examples/s]
Generating train split:  28%|██▊       | 286491/1007717 [00:22<00:58, 12352.70 examples/s]
Generating train split:  29%|██▉       | 291522/1007717 [00:22<00:59, 12034.30 examples/s]
Generating train split:  29%|██▉       | 296510/1007717 [00:22<00:59, 11950.07 examples/s]
Generating train split:  30%|██▉       | 301556/1007717 [00:23<00:59, 11906.90 examples/s]
Generating train split:  30%|███       | 306507/1007717 [00:23<00:59, 11739.20 examples/s]
Generating train split:  31%|███       | 311546/1007717 [00:24<00:59, 11639.85 examples/s]
Generating train split:  31%|███▏      | 316995/1007717 [00:24<00:56, 12149.68 examples/s]
Generating train split:  32%|███▏      | 322822/1007717 [00:25<00:55, 12435.89 examples/s]
Generating train split:  33%|███▎      | 328483/1007717 [00:25<00:55, 12223.20 examples/s]
Generating train split:  33%|███▎      | 334467/1007717 [00:26<00:57, 11794.01 examples/s]
Generating train split:  34%|███▍      | 340311/1007717 [00:26<00:52, 12633.82 examples/s]
Generating train split:  34%|███▍      | 346107/1007717 [00:27<00:52, 12580.55 examples/s]
Generating train split:  35%|███▍      | 351965/1007717 [00:27<00:53, 12216.42 examples/s]
Generating train split:  35%|███▌      | 357734/1007717 [00:27<00:50, 12808.11 examples/s]
Generating train split:  36%|███▌      | 363284/1007717 [00:28<00:50, 12684.57 examples/s]
Generating train split:  37%|███▋      | 369130/1007717 [00:28<00:48, 13043.95 examples/s]
Generating train split:  37%|███▋      | 374922/1007717 [00:29<00:47, 13286.01 examples/s]
Generating train split:  38%|███▊      | 380601/1007717 [00:29<00:45, 13892.69 examples/s]
Generating train split:  38%|███▊      | 385995/1007717 [00:29<00:44, 13981.62 examples/s]
Generating train split:  39%|███▉      | 391385/1007717 [00:30<00:44, 13882.31 examples/s]
Generating train split:  39%|███▉      | 396711/1007717 [00:30<00:47, 12767.80 examples/s]
Generating train split:  40%|███▉      | 401939/1007717 [00:31<00:44, 13470.48 examples/s]
Generating train split:  40%|████      | 407100/1007717 [00:31<00:44, 13392.44 examples/s]
Generating train split:  41%|████      | 412635/1007717 [00:32<00:45, 13040.30 examples/s]
Generating train split:  41%|████▏     | 418137/1007717 [00:32<00:47, 12531.43 examples/s]
Generating train split:  42%|████▏     | 423548/1007717 [00:33<00:51, 11294.29 examples/s]
Generating train split:  43%|████▎     | 430652/1007717 [00:33<00:36, 15871.05 examples/s]
Generating train split:  43%|████▎     | 438186/1007717 [00:33<00:36, 15578.73 examples/s]
Generating train split:  44%|████▍     | 445954/1007717 [00:34<00:40, 13982.08 examples/s]
Generating train split:  45%|████▌     | 453656/1007717 [00:34<00:39, 13989.86 examples/s]
Generating train split:  46%|████▌     | 461022/1007717 [00:35<00:42, 13013.59 examples/s]
Generating train split:  46%|████▋     | 468322/1007717 [00:36<00:42, 12595.14 examples/s]
Generating train split:  47%|████▋     | 475719/1007717 [00:36<00:44, 12041.59 examples/s]
Generating train split:  48%|████▊     | 482914/1007717 [00:37<00:42, 12454.94 examples/s]
Generating train split:  49%|████▊     | 490312/1007717 [00:37<00:39, 12976.23 examples/s]
Generating train split:  49%|████▉     | 497623/1007717 [00:38<00:39, 12759.86 examples/s]
Generating train split:  50%|█████     | 505052/1007717 [00:39<00:39, 12885.70 examples/s]
Generating train split:  51%|█████     | 512190/1007717 [00:39<00:38, 12741.80 examples/s]
Generating train split:  52%|█████▏    | 520214/1007717 [00:40<00:38, 12744.59 examples/s]
Generating train split:  52%|█████▏    | 527936/1007717 [00:40<00:36, 13269.24 examples/s]
Generating train split:  53%|█████▎    | 534894/1007717 [00:41<00:45, 10433.15 examples/s]
Generating train split:  54%|█████▎    | 541561/1007717 [00:42<00:40, 11375.11 examples/s]
Generating train split:  54%|█████▍    | 548315/1007717 [00:42<00:39, 11758.41 examples/s]
Generating train split:  55%|█████▌    | 555145/1007717 [00:43<00:38, 11728.41 examples/s]
Generating train split:  56%|█████▌    | 562249/1007717 [00:43<00:28, 15465.98 examples/s]
Generating train split:  57%|█████▋    | 569403/1007717 [00:44<00:28, 15282.69 examples/s]
Generating train split:  57%|█████▋    | 576872/1007717 [00:44<00:29, 14525.67 examples/s]
Generating train split:  58%|█████▊    | 584543/1007717 [00:45<00:38, 11115.33 examples/s]
Generating train split:  59%|█████▊    | 590725/1007717 [00:46<00:35, 11908.61 examples/s]
Generating train split:  59%|█████▉    | 596553/1007717 [00:46<00:33, 12141.15 examples/s]
Generating train split:  60%|█████▉    | 602255/1007717 [00:47<00:34, 11668.99 examples/s]
Generating train split:  60%|██████    | 609156/1007717 [00:47<00:33, 12016.65 examples/s]
Generating train split:  61%|██████▏   | 617649/1007717 [00:48<00:28, 13847.59 examples/s]
Generating train split:  62%|██████▏   | 626109/1007717 [00:48<00:26, 14507.90 examples/s]
Generating train split:  63%|██████▎   | 633213/1007717 [00:48<00:21, 17415.16 examples/s]
Generating train split:  64%|██████▎   | 640755/1007717 [00:49<00:23, 15739.33 examples/s]
Generating train split:  64%|██████▍   | 647999/1007717 [00:50<00:33, 10656.42 examples/s]
Generating train split:  65%|██████▌   | 655038/1007717 [00:51<00:32, 10978.44 examples/s]
Generating train split:  66%|██████▌   | 662087/1007717 [00:51<00:31, 11038.52 examples/s]
Generating train split:  66%|██████▋   | 669124/1007717 [00:52<00:29, 11317.69 examples/s]
Generating train split:  67%|██████▋   | 676166/1007717 [00:53<00:29, 11248.38 examples/s]
Generating train split:  68%|██████▊   | 683197/1007717 [00:53<00:28, 11247.01 examples/s]
Generating train split:  68%|██████▊   | 690239/1007717 [00:54<00:28, 11228.03 examples/s]
Generating train split:  69%|██████▉   | 697273/1007717 [00:54<00:26, 11861.03 examples/s]
Generating train split:  70%|██████▉   | 704135/1007717 [00:55<00:25, 12096.70 examples/s]
Generating train split:  71%|███████   | 710912/1007717 [00:55<00:24, 12104.57 examples/s]
Generating train split:  71%|███████   | 717418/1007717 [00:56<00:21, 13372.09 examples/s]
Generating train split:  72%|███████▏  | 723212/1007717 [00:56<00:21, 13205.87 examples/s]
Generating train split:  72%|███████▏  | 729033/1007717 [00:57<00:21, 13024.45 examples/s]
Generating train split:  73%|███████▎  | 734873/1007717 [00:57<00:21, 12784.43 examples/s]
Generating train split:  73%|███████▎  | 740666/1007717 [00:58<00:21, 12379.32 examples/s]
Generating train split:  74%|███████▍  | 746728/1007717 [00:58<00:22, 11765.49 examples/s]
Generating train split:  75%|███████▍  | 753286/1007717 [00:59<00:20, 12233.87 examples/s]
Generating train split:  75%|███████▌  | 759843/1007717 [00:59<00:20, 12296.65 examples/s]
Generating train split:  76%|███████▌  | 766415/1007717 [01:00<00:18, 12927.86 examples/s]
Generating train split:  77%|███████▋  | 772980/1007717 [01:00<00:17, 13367.62 examples/s]
Generating train split:  77%|███████▋  | 779552/1007717 [01:01<00:17, 12912.39 examples/s]
Generating train split:  78%|███████▊  | 786071/1007717 [01:01<00:16, 13092.62 examples/s]
Generating train split:  79%|███████▊  | 792293/1007717 [01:02<00:16, 13302.95 examples/s]
Generating train split:  79%|███████▉  | 797933/1007717 [01:02<00:16, 12782.33 examples/s]
Generating train split:  80%|███████▉  | 803307/1007717 [01:03<00:15, 12837.25 examples/s]
Generating train split:  80%|████████  | 808761/1007717 [01:03<00:16, 12130.69 examples/s]
Generating train split:  81%|████████  | 814710/1007717 [01:04<00:17, 10905.45 examples/s]
Generating train split:  82%|████████▏ | 821814/1007717 [01:04<00:12, 15150.26 examples/s]
Generating train split:  82%|████████▏ | 828933/1007717 [01:04<00:12, 14510.39 examples/s]
Generating train split:  83%|████████▎ | 836222/1007717 [01:05<00:12, 13327.33 examples/s]
Generating train split:  84%|████████▎ | 843296/1007717 [01:06<00:16, 9692.37 examples/s] 
Generating train split:  84%|████████▍ | 850167/1007717 [01:07<00:15, 10300.86 examples/s]
Generating train split:  85%|████████▌ | 857283/1007717 [01:07<00:12, 11635.97 examples/s]
Generating train split:  86%|████████▌ | 864205/1007717 [01:08<00:13, 10857.50 examples/s]
Generating train split:  86%|████████▋ | 871172/1007717 [01:08<00:12, 11160.28 examples/s]
Generating train split:  87%|████████▋ | 878045/1007717 [01:09<00:11, 11322.17 examples/s]
Generating train split:  88%|████████▊ | 884558/1007717 [01:10<00:10, 11500.10 examples/s]
Generating train split:  88%|████████▊ | 890589/1007717 [01:10<00:10, 11270.84 examples/s]
Generating train split:  89%|████████▉ | 897054/1007717 [01:11<00:09, 11268.89 examples/s]
Generating train split:  90%|████████▉ | 903822/1007717 [01:11<00:08, 11900.62 examples/s]
Generating train split:  90%|█████████ | 910515/1007717 [01:12<00:08, 11752.06 examples/s]
Generating train split:  91%|█████████ | 917935/1007717 [01:12<00:06, 13495.52 examples/s]
Generating train split:  92%|█████████▏| 925039/1007717 [01:12<00:04, 17778.01 examples/s]
Generating train split:  92%|█████████▏| 930477/1007717 [01:13<00:06, 12805.97 examples/s]
Generating train split:  93%|█████████▎| 935971/1007717 [01:14<00:05, 12974.63 examples/s]
Generating train split:  93%|█████████▎| 941590/1007717 [01:14<00:04, 13440.66 examples/s]
Generating train split:  94%|█████████▍| 947276/1007717 [01:14<00:04, 13408.88 examples/s]
Generating train split:  95%|█████████▍| 953021/1007717 [01:15<00:04, 12187.90 examples/s]
Generating train split:  95%|█████████▌| 960232/1007717 [01:15<00:03, 13108.56 examples/s]
Generating train split:  96%|█████████▌| 967284/1007717 [01:16<00:03, 12157.40 examples/s]
Generating train split:  97%|█████████▋| 974388/1007717 [01:16<00:02, 16463.78 examples/s]
Generating train split:  97%|█████████▋| 980957/1007717 [01:17<00:02, 12929.15 examples/s]
Generating train split:  98%|█████████▊| 987273/1007717 [01:17<00:01, 13551.66 examples/s]
Generating train split:  99%|█████████▊| 994024/1007717 [01:18<00:01, 13651.38 examples/s]
Generating train split:  99%|█████████▉| 1000735/1007717 [01:18<00:00, 14686.64 examples/s]
Generating train split: 100%|██████████| 1007717/1007717 [01:19<00:00, 10857.05 examples/s]
Generating train split: 100%|██████████| 1007717/1007717 [01:19<00:00, 12645.42 examples/s]
  总行数: 1,007,717

  提取向量:   0%|          | 0/1001000 [00:00<?, ?it/s]
  提取向量:   0%|          | 368/1001000 [00:00<04:33, 3654.62it/s]
  提取向量:   0%|          | 756/1001000 [00:00<04:24, 3776.96it/s]
  提取向量:   0%|          | 1160/1001000 [00:00<04:16, 3893.37it/s]
  提取向量:   0%|          | 1598/1001000 [00:00<04:05, 4073.66it/s]
  提取向量:   0%|          | 2085/1001000 [00:00<03:49, 4346.42it/s]
  提取向量:   0%|          | 2526/1001000 [00:00<03:48, 4366.40it/s]
  提取向量:   0%|          | 2963/1001000 [00:00<03:55, 4243.32it/s]
  提取向量:   0%|          | 3446/1001000 [00:00<03:45, 4424.59it/s]
  提取向量:   0%|          | 3890/1001000 [00:00<03:57, 4193.78it/s]
  提取向量:   0%|          | 4370/1001000 [00:01<03:48, 4354.13it/s]
  提取向量:   0%|          | 4864/1001000 [00:01<03:40, 4519.44it/s]
  提取向量:   1%|          | 5364/1001000 [00:01<03:33, 4653.58it/s]
  提取向量:   1%|          | 5896/1001000 [00:01<03:25, 4847.64it/s]
  提取向量:   1%|          | 6385/1001000 [00:01<03:25, 4849.73it/s]
  提取向量:   1%|          | 6872/1001000 [00:01<03:24, 4851.94it/s]
  提取向量:   1%|          | 7359/1001000 [00:01<03:30, 4711.40it/s]
  提取向量:   1%|          | 7849/1001000 [00:01<03:28, 4756.25it/s]
  提取向量:   1%|          | 8326/1001000 [00:01<03:37, 4557.67it/s]
  提取向量:   1%|          | 8784/1001000 [00:01<04:00, 4130.49it/s]
  提取向量:   1%|          | 9293/1001000 [00:02<03:45, 4389.28it/s]
  提取向量:   1%|          | 9812/1001000 [00:02<03:35, 4600.67it/s]
  提取向量:   1%|          | 10280/1001000 [00:02<03:35, 4587.84it/s]
  提取向量:   1%|          | 10783/1001000 [00:02<03:30, 4703.67it/s]
  提取向量:   1%|          | 11258/1001000 [00:02<03:36, 4580.08it/s]
  提取向量:   1%|          | 11720/1001000 [00:02<03:36, 4574.75it/s]
  提取向量:   1%|          | 12229/1001000 [00:02<03:29, 4719.67it/s]
  提取向量:   1%|▏         | 12743/1001000 [00:02<03:24, 4842.13it/s]
  提取向量:   1%|▏         | 13229/1001000 [00:02<03:25, 4802.24it/s]
  提取向量:   1%|▏         | 13754/1001000 [00:03<03:20, 4926.80it/s]
  提取向量:   1%|▏         | 14248/1001000 [00:03<03:22, 4880.94it/s]
  提取向量:   1%|▏         | 14762/1001000 [00:03<03:19, 4947.75it/s]
  提取向量:   2%|▏         | 15297/1001000 [00:03<03:14, 5063.61it/s]
  提取向量:   2%|▏         | 15804/1001000 [00:03<03:21, 4893.16it/s]
  提取向量:   2%|▏         | 16295/1001000 [00:03<03:22, 4856.94it/s]
  提取向量:   2%|▏         | 16810/1001000 [00:03<03:19, 4937.32it/s]
  提取向量:   2%|▏         | 17305/1001000 [00:03<03:24, 4817.03it/s]
  提取向量:   2%|▏         | 17788/1001000 [00:03<03:31, 4653.13it/s]
  提取向量:   2%|▏         | 18270/1001000 [00:03<03:29, 4693.89it/s]
  提取向量:   2%|▏         | 18797/1001000 [00:04<03:22, 4856.26it/s]
  提取向量:   2%|▏         | 19299/1001000 [00:04<03:20, 4891.48it/s]
  提取向量:   2%|▏         | 19850/1001000 [00:04<03:14, 5051.87it/s]
  提取向量:   2%|▏         | 20431/1001000 [00:04<03:06, 5266.57it/s]
  提取向量:   2%|▏         | 20999/1001000 [00:04<03:02, 5378.92it/s]
  提取向量:   2%|▏         | 21590/1001000 [00:04<02:57, 5520.31it/s]
  提取向量:   2%|▏         | 22143/1001000 [00:04<02:59, 5456.49it/s]
  提取向量:   2%|▏         | 22690/1001000 [00:04<02:59, 5449.95it/s]
  提取向量:   2%|▏         | 23272/1001000 [00:04<02:56, 5543.90it/s]
  提取向量:   2%|▏         | 23845/1001000 [00:04<02:54, 5596.15it/s]
  提取向量:   2%|▏         | 24417/1001000 [00:05<02:53, 5619.00it/s]
  提取向量:   2%|▏         | 24993/1001000 [00:05<02:52, 5657.01it/s]
  提取向量:   3%|▎         | 25559/1001000 [00:05<02:53, 5635.56it/s]
  提取向量:   3%|▎         | 26131/1001000 [00:05<02:52, 5659.46it/s]
  提取向量:   3%|▎         | 26720/1001000 [00:05<02:50, 5723.95it/s]
  提取向量:   3%|▎         | 27299/1001000 [00:05<02:50, 5722.12it/s]
  提取向量:   3%|▎         | 27875/1001000 [00:05<02:50, 5719.42it/s]
  提取向量:   3%|▎         | 28447/1001000 [00:05<02:51, 5660.42it/s]
  提取向量:   3%|▎         | 29014/1001000 [00:05<02:51, 5656.04it/s]
  提取向量:   3%|▎         | 29590/1001000 [00:05<02:50, 5685.81it/s]
  提取向量:   3%|▎         | 30172/1001000 [00:06<02:49, 5724.72it/s]
  提取向量:   3%|▎         | 30776/1001000 [00:06<02:46, 5814.13it/s]
  提取向量:   3%|▎         | 31358/1001000 [00:06<02:48, 5759.36it/s]
  提取向量:   3%|▎         | 31935/1001000 [00:06<02:49, 5705.05it/s]
  提取向量:   3%|▎         | 32506/1001000 [00:06<02:51, 5659.76it/s]
  提取向量:   3%|▎         | 33076/1001000 [00:06<02:51, 5650.18it/s]
  提取向量:   3%|▎         | 33642/1001000 [00:06<02:51, 5650.63it/s]
  提取向量:   3%|▎         | 34208/1001000 [00:06<02:51, 5653.18it/s]
  提取向量:   3%|▎         | 34784/1001000 [00:06<02:49, 5684.88it/s]
  提取向量:   4%|▎         | 35369/1001000 [00:06<02:48, 5730.91it/s]
  提取向量:   4%|▎         | 35945/1001000 [00:07<02:48, 5727.64it/s]
  提取向量:   4%|▎         | 36518/1001000 [00:07<02:51, 5630.07it/s]
  提取向量:   4%|▎         | 37090/1001000 [00:07<02:50, 5647.58it/s]
  提取向量:   4%|▍         | 37670/1001000 [00:07<02:49, 5683.00it/s]
  提取向量:   4%|▍         | 38264/1001000 [00:07<02:47, 5754.06it/s]
  提取向量:   4%|▍         | 38840/1001000 [00:07<02:48, 5715.78it/s]
  提取向量:   4%|▍         | 39425/1001000 [00:07<02:47, 5751.35it/s]
  提取向量:   4%|▍         | 40024/1001000 [00:07<02:45, 5820.30it/s]
  提取向量:   4%|▍         | 40607/1001000 [00:07<02:46, 5759.18it/s]
  提取向量:   4%|▍         | 41184/1001000 [00:08<02:47, 5744.91it/s]
  提取向量:   4%|▍         | 41759/1001000 [00:08<02:49, 5665.52it/s]
  提取向量:   4%|▍         | 42359/1001000 [00:08<02:46, 5747.74it/s]
  提取向量:   4%|▍         | 42935/1001000 [00:08<02:46, 5750.18it/s]
  提取向量:   4%|▍         | 43511/1001000 [00:08<02:47, 5716.88it/s]
  提取向量:   4%|▍         | 44083/1001000 [00:08<02:54, 5489.71it/s]
  提取向量:   4%|▍         | 44634/1001000 [00:08<02:54, 5494.27it/s]
  提取向量:   5%|▍         | 45207/1001000 [00:08<02:51, 5561.31it/s]
  提取向量:   5%|▍         | 45784/1001000 [00:08<02:50, 5610.42it/s]
  提取向量:   5%|▍         | 46353/1001000 [00:08<02:49, 5622.09it/s]
  提取向量:   5%|▍         | 46916/1001000 [00:09<02:50, 5598.09it/s]
  提取向量:   5%|▍         | 47477/1001000 [00:09<02:52, 5537.81it/s]
  提取向量:   5%|▍         | 48045/1001000 [00:09<02:50, 5573.88it/s]
  提取向量:   5%|▍         | 48603/1001000 [00:09<02:51, 5554.62it/s]
  提取向量:   5%|▍         | 49159/1001000 [00:09<02:51, 5541.54it/s]
  提取向量:   5%|▍         | 49714/1001000 [00:09<02:52, 5528.68it/s]
  提取向量:   5%|▌         | 50301/1001000 [00:09<02:49, 5614.53it/s]
  提取向量:   5%|▌         | 50863/1001000 [00:09<02:50, 5573.22it/s]
  提取向量:   5%|▌         | 51427/1001000 [00:09<02:50, 5579.38it/s]
  提取向量:   5%|▌         | 51986/1001000 [00:09<02:51, 5544.75it/s]
  提取向量:   5%|▌         | 52541/1001000 [00:10<02:51, 5528.06it/s]
  提取向量:   5%|▌         | 53094/1001000 [00:10<02:52, 5495.91it/s]
  提取向量:   5%|▌         | 53666/1001000 [00:10<02:50, 5557.17it/s]
  提取向量:   5%|▌         | 54222/1001000 [00:10<02:51, 5514.65it/s]
  提取向量:   5%|▌         | 54774/1001000 [00:10<02:54, 5433.63it/s]
  提取向量:   6%|▌         | 55318/1001000 [00:10<02:55, 5384.01it/s]
  提取向量:   6%|▌         | 55880/1001000 [00:10<02:53, 5449.27it/s]
  提取向量:   6%|▌         | 56454/1001000 [00:10<02:50, 5535.01it/s]
  提取向量:   6%|▌         | 57008/1001000 [00:10<02:50, 5534.96it/s]
  提取向量:   6%|▌         | 57562/1001000 [00:10<02:51, 5486.27it/s]
  提取向量:   6%|▌         | 58111/1001000 [00:11<02:52, 5472.24it/s]
  提取向量:   6%|▌         | 58659/1001000 [00:11<02:52, 5462.24it/s]
  提取向量:   6%|▌         | 59223/1001000 [00:11<02:50, 5510.93it/s]
  提取向量:   6%|▌         | 59803/1001000 [00:11<02:48, 5588.97it/s]
  提取向量:   6%|▌         | 60362/1001000 [00:11<02:50, 5512.01it/s]
  提取向量:   6%|▌         | 60935/1001000 [00:11<02:48, 5573.17it/s]
  提取向量:   6%|▌         | 61493/1001000 [00:11<02:48, 5563.70it/s]
  提取向量:   6%|▌         | 62050/1001000 [00:11<02:51, 5484.48it/s]
  提取向量:   6%|▋         | 62622/1001000 [00:11<02:49, 5545.94it/s]
  提取向量:   6%|▋         | 63177/1001000 [00:11<02:49, 5535.51it/s]
  提取向量:   6%|▋         | 63731/1001000 [00:12<02:51, 5480.87it/s]
  提取向量:   6%|▋         | 64282/1001000 [00:12<02:50, 5481.96it/s]
  提取向量:   6%|▋         | 64852/1001000 [00:12<02:48, 5539.45it/s]
  提取向量:   7%|▋         | 65415/1001000 [00:12<02:48, 5562.65it/s]
  提取向量:   7%|▋         | 65983/1001000 [00:12<02:47, 5586.10it/s]
  提取向量:   7%|▋         | 66551/1001000 [00:12<02:46, 5612.44it/s]
  提取向量:   7%|▋         | 67113/1001000 [00:12<02:55, 5321.25it/s]
  提取向量:   7%|▋         | 67659/1001000 [00:12<02:54, 5347.47it/s]
  提取向量:   7%|▋         | 68234/1001000 [00:12<02:50, 5457.62it/s]
  提取向量:   7%|▋         | 68814/1001000 [00:13<02:48, 5542.25it/s]
  提取向量:   7%|▋         | 69370/1001000 [00:13<02:48, 5527.99it/s]
  提取向量:   7%|▋         | 69924/1001000 [00:13<02:48, 5517.47it/s]
  提取向量:   7%|▋         | 70495/1001000 [00:13<02:47, 5559.74it/s]
  提取向量:   7%|▋         | 71086/1001000 [00:13<02:44, 5648.21it/s]
  提取向量:   7%|▋         | 71656/1001000 [00:13<02:44, 5658.67it/s]
  提取向量:   7%|▋         | 72227/1001000 [00:13<02:43, 5664.25it/s]
  提取向量:   7%|▋         | 72815/1001000 [00:13<02:42, 5725.28it/s]
  提取向量:   7%|▋         | 73391/1001000 [00:13<02:41, 5728.16it/s]
  提取向量:   7%|▋         | 73964/1001000 [00:13<02:43, 5676.21it/s]
  提取向量:   7%|▋         | 74551/1001000 [00:14<02:41, 5732.34it/s]
  提取向量:   8%|▊         | 75125/1001000 [00:14<02:43, 5672.27it/s]
  提取向量:   8%|▊         | 75696/1001000 [00:14<02:43, 5671.43it/s]
  提取向量:   8%|▊         | 76264/1001000 [00:14<02:44, 5626.30it/s]
  提取向量:   8%|▊         | 76827/1001000 [00:14<02:46, 5557.52it/s]
  提取向量:   8%|▊         | 77404/1001000 [00:14<02:44, 5607.40it/s]
  提取向量:   8%|▊         | 77969/1001000 [00:14<02:44, 5604.53it/s]
  提取向量:   8%|▊         | 78536/1001000 [00:14<02:44, 5615.05it/s]
  提取向量:   8%|▊         | 79098/1001000 [00:14<02:44, 5599.02it/s]
  提取向量:   8%|▊         | 79670/1001000 [00:14<02:43, 5625.12it/s]
  提取向量:   8%|▊         | 80233/1001000 [00:15<02:45, 5573.16it/s]
  提取向量:   8%|▊         | 80791/1001000 [00:15<02:50, 5384.85it/s]
  提取向量:   8%|▊         | 81369/1001000 [00:15<02:47, 5490.47it/s]
  提取向量:   8%|▊         | 81937/1001000 [00:15<02:46, 5530.47it/s]
  提取向量:   8%|▊         | 82494/1001000 [00:15<02:45, 5541.55it/s]
  提取向量:   8%|▊         | 83049/1001000 [00:15<02:48, 5445.48it/s]
  提取向量:   8%|▊         | 83595/1001000 [00:15<02:49, 5407.39it/s]
  提取向量:   8%|▊         | 84156/1001000 [00:15<02:48, 5449.94it/s]
  提取向量:   8%|▊         | 84723/1001000 [00:15<02:46, 5505.15it/s]
  提取向量:   9%|▊         | 85276/1001000 [00:15<02:46, 5504.83it/s]
  提取向量:   9%|▊         | 85827/1001000 [00:16<02:47, 5452.88it/s]
  提取向量:   9%|▊         | 86375/1001000 [00:16<02:47, 5449.55it/s]
  提取向量:   9%|▊         | 86940/1001000 [00:16<02:45, 5507.26it/s]
  提取向量:   9%|▊         | 87491/1001000 [00:16<02:49, 5387.83it/s]
  提取向量:   9%|▉         | 88031/1001000 [00:16<02:49, 5387.82it/s]
  提取向量:   9%|▉         | 88571/1001000 [00:16<02:51, 5321.79it/s]
  提取向量:   9%|▉         | 89121/1001000 [00:16<02:50, 5362.87it/s]
  提取向量:   9%|▉         | 89687/1001000 [00:16<02:47, 5443.39it/s]
  提取向量:   9%|▉         | 90237/1001000 [00:16<02:47, 5445.45it/s]
  提取向量:   9%|▉         | 90782/1001000 [00:16<02:48, 5416.46it/s]
  提取向量:   9%|▉         | 91330/1001000 [00:17<02:47, 5432.58it/s]
  提取向量:   9%|▉         | 91922/1001000 [00:17<02:43, 5568.14it/s]
  提取向量:   9%|▉         | 92479/1001000 [00:17<02:43, 5564.10it/s]
  提取向量:   9%|▉         | 93036/1001000 [00:17<02:43, 5543.51it/s]
  提取向量:   9%|▉         | 93616/1001000 [00:17<02:41, 5608.81it/s]
  提取向量:   9%|▉         | 94180/1001000 [00:17<02:41, 5611.87it/s]
  提取向量:   9%|▉         | 94742/1001000 [00:17<02:41, 5609.62it/s]
  提取向量:  10%|▉         | 95330/1001000 [00:17<02:39, 5675.41it/s]
  提取向量:  10%|▉         | 95928/1001000 [00:17<02:37, 5752.58it/s]
  提取向量:  10%|▉         | 96504/1001000 [00:17<02:39, 5680.87it/s]
  提取向量:  10%|▉         | 97073/1001000 [00:18<02:39, 5653.27it/s]
  提取向量:  10%|▉         | 97639/1001000 [00:18<02:40, 5639.98it/s]
  提取向量:  10%|▉         | 98204/1001000 [00:18<02:40, 5635.64it/s]
  提取向量:  10%|▉         | 98768/1001000 [00:18<02:40, 5604.31it/s]
  提取向量:  10%|▉         | 99350/1001000 [00:18<02:39, 5658.41it/s]
  提取向量:  10%|▉         | 99938/1001000 [00:18<02:37, 5718.63it/s]
  提取向量:  10%|█         | 100513/1001000 [00:18<02:37, 5710.27it/s]
  提取向量:  10%|█         | 101087/1001000 [00:18<02:37, 5708.99it/s]
  提取向量:  10%|█         | 101658/1001000 [00:18<02:38, 5677.63it/s]
  提取向量:  10%|█         | 102237/1001000 [00:18<02:37, 5700.85it/s]
  提取向量:  10%|█         | 102815/1001000 [00:19<02:37, 5714.05it/s]
  提取向量:  10%|█         | 103387/1001000 [00:19<02:37, 5690.71it/s]
  提取向量:  10%|█         | 103965/1001000 [00:19<02:37, 5705.18it/s]
  提取向量:  10%|█         | 104536/1001000 [00:19<02:37, 5676.15it/s]
  提取向量:  10%|█         | 105104/1001000 [00:19<02:38, 5657.61it/s]
  提取向量:  11%|█         | 105688/1001000 [00:19<02:36, 5711.23it/s]
  提取向量:  11%|█         | 106260/1001000 [00:19<02:41, 5549.19it/s]
  提取向量:  11%|█         | 106832/1001000 [00:19<02:39, 5590.71it/s]
  提取向量:  11%|█         | 107392/1001000 [00:19<02:41, 5532.07it/s]
  提取向量:  11%|█         | 107946/1001000 [00:20<02:43, 5468.62it/s]
  提取向量:  11%|█         | 108544/1001000 [00:20<02:39, 5600.87it/s]
  提取向量:  11%|█         | 109111/1001000 [00:20<02:38, 5612.83it/s]
  提取向量:  11%|█         | 109673/1001000 [00:20<02:39, 5589.00it/s]
  提取向量:  11%|█         | 110233/1001000 [00:20<02:40, 5563.50it/s]
  提取向量:  11%|█         | 110794/1001000 [00:20<02:39, 5574.51it/s]
  提取向量:  11%|█         | 111360/1001000 [00:20<02:39, 5594.32it/s]
  提取向量:  11%|█         | 111920/1001000 [00:20<02:41, 5496.13it/s]
  提取向量:  11%|█         | 112502/1001000 [00:20<02:39, 5573.30it/s]
  提取向量:  11%|█▏        | 113060/1001000 [00:20<02:39, 5575.26it/s]
  提取向量:  11%|█▏        | 113622/1001000 [00:21<02:39, 5572.70it/s]
  提取向量:  11%|█▏        | 114180/1001000 [00:21<02:41, 5507.96it/s]
  提取向量:  11%|█▏        | 114762/1001000 [00:21<02:38, 5586.67it/s]
  提取向量:  12%|█▏        | 115321/1001000 [00:21<02:40, 5527.94it/s]
  提取向量:  12%|█▏        | 115898/1001000 [00:21<02:38, 5588.32it/s]
  提取向量:  12%|█▏        | 116486/1001000 [00:21<02:36, 5667.18it/s]
  提取向量:  12%|█▏        | 117058/1001000 [00:21<02:35, 5677.17it/s]
  提取向量:  12%|█▏        | 117626/1001000 [00:21<02:35, 5666.63it/s]
  提取向量:  12%|█▏        | 118209/1001000 [00:21<02:34, 5711.88it/s]
  提取向量:  12%|█▏        | 118781/1001000 [00:21<02:34, 5709.16it/s]
  提取向量:  12%|█▏        | 119352/1001000 [00:22<02:36, 5627.91it/s]
  提取向量:  12%|█▏        | 119929/1001000 [00:22<02:35, 5654.20it/s]
  提取向量:  12%|█▏        | 120495/1001000 [00:22<02:36, 5636.78it/s]
  提取向量:  12%|█▏        | 121079/1001000 [00:22<02:34, 5681.25it/s]
  提取向量:  12%|█▏        | 121648/1001000 [00:22<02:37, 5598.73it/s]
  提取向量:  12%|█▏        | 122220/1001000 [00:22<02:36, 5613.20it/s]
  提取向量:  12%|█▏        | 122791/1001000 [00:22<02:35, 5635.39it/s]
  提取向量:  12%|█▏        | 123355/1001000 [00:22<02:35, 5629.40it/s]
  提取向量:  12%|█▏        | 123923/1001000 [00:22<02:35, 5635.63it/s]
  提取向量:  12%|█▏        | 124487/1001000 [00:22<02:36, 5598.29it/s]
  提取向量:  12%|█▏        | 125061/1001000 [00:23<02:35, 5633.96it/s]
  提取向量:  13%|█▎        | 125632/1001000 [00:23<02:34, 5650.29it/s]
  提取向量:  13%|█▎        | 126207/1001000 [00:23<02:34, 5677.15it/s]
  提取向量:  13%|█▎        | 126775/1001000 [00:23<02:35, 5609.58it/s]
  提取向量:  13%|█▎        | 127357/1001000 [00:23<02:34, 5669.04it/s]
  提取向量:  13%|█▎        | 127925/1001000 [00:23<02:35, 5604.92it/s]
  提取向量:  13%|█▎        | 128486/1001000 [00:23<02:37, 5553.47it/s]
  提取向量:  13%|█▎        | 129042/1001000 [00:23<02:38, 5508.73it/s]
  提取向量:  13%|█▎        | 129594/1001000 [00:23<02:38, 5505.09it/s]
  提取向量:  13%|█▎        | 130145/1001000 [00:23<02:38, 5503.54it/s]
  提取向量:  13%|█▎        | 130712/1001000 [00:24<02:37, 5537.47it/s]
  提取向量:  13%|█▎        | 131279/1001000 [00:24<02:36, 5574.77it/s]
  提取向量:  13%|█▎        | 131837/1001000 [00:24<02:36, 5567.99it/s]
  提取向量:  13%|█▎        | 132394/1001000 [00:24<02:36, 5546.42it/s]
  提取向量:  13%|█▎        | 132949/1001000 [00:24<02:37, 5525.95it/s]
  提取向量:  13%|█▎        | 133502/1001000 [00:24<02:38, 5461.18it/s]
  提取向量:  13%|█▎        | 134049/1001000 [00:24<02:39, 5449.16it/s]
  提取向量:  13%|█▎        | 134618/1001000 [00:24<02:37, 5514.78it/s]
  提取向量:  14%|█▎        | 135171/1001000 [00:24<02:37, 5508.68it/s]
  提取向量:  14%|█▎        | 135731/1001000 [00:24<02:36, 5527.36it/s]
  提取向量:  14%|█▎        | 136284/1001000 [00:25<02:37, 5494.16it/s]
  提取向量:  14%|█▎        | 136842/1001000 [00:25<02:36, 5513.11it/s]
  提取向量:  14%|█▎        | 137396/1001000 [00:25<02:36, 5518.53it/s]
  提取向量:  14%|█▍        | 137954/1001000 [00:25<02:36, 5524.62it/s]
  提取向量:  14%|█▍        | 138507/1001000 [00:25<02:36, 5503.41it/s]
  提取向量:  14%|█▍        | 139058/1001000 [00:25<02:37, 5455.63it/s]
  提取向量:  14%|█▍        | 139604/1001000 [00:25<02:40, 5369.27it/s]
  提取向量:  14%|█▍        | 140155/1001000 [00:25<02:39, 5407.69it/s]
  提取向量:  14%|█▍        | 140699/1001000 [00:25<02:38, 5413.04it/s]
  提取向量:  14%|█▍        | 141268/1001000 [00:26<02:36, 5489.17it/s]
  提取向量:  14%|█▍        | 141825/1001000 [00:26<02:36, 5499.45it/s]
  提取向量:  14%|█▍        | 142376/1001000 [00:26<02:36, 5502.29it/s]
  提取向量:  14%|█▍        | 142975/1001000 [00:26<02:32, 5637.95it/s]
  提取向量:  14%|█▍        | 143539/1001000 [00:26<02:32, 5615.53it/s]
  提取向量:  14%|█▍        | 144107/1001000 [00:26<02:32, 5616.80it/s]
  提取向量:  14%|█▍        | 144690/1001000 [00:26<02:31, 5669.01it/s]
  提取向量:  15%|█▍        | 145257/1001000 [00:26<02:31, 5653.91it/s]
  提取向量:  15%|█▍        | 145823/1001000 [00:26<02:32, 5612.32it/s]
  提取向量:  15%|█▍        | 146385/1001000 [00:26<02:33, 5574.06it/s]
  提取向量:  15%|█▍        | 146947/1001000 [00:27<02:33, 5573.34it/s]
  提取向量:  15%|█▍        | 147505/1001000 [00:27<02:33, 5570.79it/s]
  提取向量:  15%|█▍        | 148063/1001000 [00:27<02:36, 5453.54it/s]
  提取向量:  15%|█▍        | 148618/1001000 [00:27<02:35, 5470.94it/s]
  提取向量:  15%|█▍        | 149166/1001000 [00:27<02:36, 5450.31it/s]
  提取向量:  15%|█▍        | 149712/1001000 [00:27<02:36, 5446.00it/s]
  提取向量:  15%|█▌        | 150278/1001000 [00:27<02:34, 5491.19it/s]
  提取向量:  15%|█▌        | 150828/1001000 [00:27<02:35, 5468.45it/s]
  提取向量:  15%|█▌        | 151375/1001000 [00:27<02:35, 5459.21it/s]
  提取向量:  15%|█▌        | 151921/1001000 [00:27<02:36, 5431.99it/s]
  提取向量:  15%|█▌        | 152465/1001000 [00:28<02:37, 5392.99it/s]
  提取向量:  15%|█▌        | 153031/1001000 [00:28<02:35, 5454.99it/s]
  提取向量:  15%|█▌        | 153594/1001000 [00:28<02:34, 5494.12it/s]
  提取向量:  15%|█▌        | 154158/1001000 [00:28<02:33, 5528.25it/s]
  提取向量:  15%|█▌        | 154711/1001000 [00:28<02:34, 5482.38it/s]
  提取向量:  16%|█▌        | 155260/1001000 [00:28<02:35, 5431.97it/s]
  提取向量:  16%|█▌        | 155820/1001000 [00:28<02:34, 5465.99it/s]
  提取向量:  16%|█▌        | 156367/1001000 [00:28<02:35, 5425.48it/s]
  提取向量:  16%|█▌        | 156926/1001000 [00:28<02:34, 5454.38it/s]
  提取向量:  16%|█▌        | 157473/1001000 [00:28<02:34, 5447.20it/s]
  提取向量:  16%|█▌        | 158035/1001000 [00:29<02:33, 5497.67it/s]
  提取向量:  16%|█▌        | 158596/1001000 [00:29<02:32, 5511.45it/s]
  提取向量:  16%|█▌        | 159152/1001000 [00:29<02:32, 5520.08it/s]
  提取向量:  16%|█▌        | 159726/1001000 [00:29<02:30, 5576.66it/s]
  提取向量:  16%|█▌        | 160291/1001000 [00:29<02:30, 5585.25it/s]
  提取向量:  16%|█▌        | 160850/1001000 [00:29<02:30, 5583.40it/s]
  提取向量:  16%|█▌        | 161409/1001000 [00:29<02:30, 5576.02it/s]
  提取向量:  16%|█▌        | 161967/1001000 [00:29<02:31, 5552.72it/s]
  提取向量:  16%|█▌        | 162523/1001000 [00:29<02:32, 5510.03it/s]
  提取向量:  16%|█▋        | 163088/1001000 [00:29<02:30, 5549.75it/s]
  提取向量:  16%|█▋        | 163644/1001000 [00:30<02:31, 5524.54it/s]
  提取向量:  16%|█▋        | 164210/1001000 [00:30<02:30, 5547.45it/s]
  提取向量:  16%|█▋        | 164765/1001000 [00:30<02:31, 5536.82it/s]
  提取向量:  17%|█▋        | 165324/1001000 [00:30<02:30, 5550.08it/s]
  提取向量:  17%|█▋        | 165880/1001000 [00:30<02:31, 5523.10it/s]
  提取向量:  17%|█▋        | 166439/1001000 [00:30<02:30, 5528.21it/s]
  提取向量:  17%|█▋        | 166992/1001000 [00:30<02:33, 5442.39it/s]
  提取向量:  17%|█▋        | 167544/1001000 [00:30<02:32, 5458.43it/s]
  提取向量:  17%|█▋        | 168103/1001000 [00:30<02:31, 5494.50it/s]
  提取向量:  17%|█▋        | 168653/1001000 [00:30<02:32, 5460.49it/s]
  提取向量:  17%|█▋        | 169200/1001000 [00:31<02:32, 5454.68it/s]
  提取向量:  17%|█▋        | 169778/1001000 [00:31<02:30, 5536.92it/s]
  提取向量:  17%|█▋        | 170332/1001000 [00:31<02:30, 5513.72it/s]
  提取向量:  17%|█▋        | 170884/1001000 [00:31<02:33, 5423.78it/s]
  提取向量:  17%|█▋        | 171447/1001000 [00:31<02:31, 5468.59it/s]
  提取向量:  17%|█▋        | 172004/1001000 [00:31<02:31, 5485.65it/s]
  提取向量:  17%|█▋        | 172553/1001000 [00:31<02:32, 5427.05it/s]
  提取向量:  17%|█▋        | 173096/1001000 [00:31<02:33, 5397.29it/s]
  提取向量:  17%|█▋        | 173641/1001000 [00:31<02:32, 5411.77it/s]
  提取向量:  17%|█▋        | 174203/1001000 [00:31<02:31, 5468.95it/s]
  提取向量:  17%|█▋        | 174759/1001000 [00:32<02:30, 5481.48it/s]
  提取向量:  18%|█▊        | 175333/1001000 [00:32<02:28, 5552.33it/s]
  提取向量:  18%|█▊        | 175913/1001000 [00:32<02:26, 5625.38it/s]
  提取向量:  18%|█▊        | 176476/1001000 [00:32<02:27, 5583.93it/s]
  提取向量:  18%|█▊        | 177035/1001000 [00:32<02:28, 5537.88it/s]
  提取向量:  18%|█▊        | 177594/1001000 [00:32<02:28, 5541.67it/s]
  提取向量:  18%|█▊        | 178149/1001000 [00:32<02:31, 5447.49it/s]
  提取向量:  18%|█▊        | 178695/1001000 [00:32<02:31, 5424.02it/s]
  提取向量:  18%|█▊        | 179238/1001000 [00:32<02:32, 5373.42it/s]
  提取向量:  18%|█▊        | 179781/1001000 [00:33<02:32, 5387.40it/s]
  提取向量:  18%|█▊        | 180329/1001000 [00:33<02:31, 5406.22it/s]
  提取向量:  18%|█▊        | 180870/1001000 [00:33<02:32, 5366.26it/s]
  提取向量:  18%|█▊        | 181407/1001000 [00:33<02:34, 5301.49it/s]
  提取向量:  18%|█▊        | 181938/1001000 [00:33<02:36, 5250.20it/s]
  提取向量:  18%|█▊        | 182467/1001000 [00:33<02:35, 5259.75it/s]
  提取向量:  18%|█▊        | 183006/1001000 [00:33<02:34, 5294.97it/s]
  提取向量:  18%|█▊        | 183536/1001000 [00:33<02:34, 5285.16it/s]
  提取向量:  18%|█▊        | 184093/1001000 [00:33<02:32, 5367.52it/s]
  提取向量:  18%|█▊        | 184659/1001000 [00:33<02:30, 5434.23it/s]
  提取向量:  19%|█▊        | 185242/1001000 [00:34<02:27, 5537.29it/s]
  提取向量:  19%|█▊        | 185796/1001000 [00:34<02:28, 5475.07it/s]
  提取向量:  19%|█▊        | 186346/1001000 [00:34<02:28, 5474.42it/s]
  提取向量:  19%|█▊        | 186894/1001000 [00:34<02:30, 5400.78it/s]
  提取向量:  19%|█▊        | 187435/1001000 [00:34<02:34, 5282.79it/s]
  提取向量:  19%|█▉        | 187964/1001000 [00:34<02:34, 5264.77it/s]
  提取向量:  19%|█▉        | 188507/1001000 [00:34<02:33, 5310.35it/s]
  提取向量:  19%|█▉        | 189039/1001000 [00:34<02:33, 5281.72it/s]
  提取向量:  19%|█▉        | 189596/1001000 [00:34<02:31, 5351.40it/s]
  提取向量:  19%|█▉        | 190132/1001000 [00:34<02:32, 5326.83it/s]
  提取向量:  19%|█▉        | 190684/1001000 [00:35<02:30, 5368.58it/s]
  提取向量:  19%|█▉        | 191240/1001000 [00:35<02:29, 5422.23it/s]
  提取向量:  19%|█▉        | 191787/1001000 [00:35<02:29, 5428.71it/s]
  提取向量:  19%|█▉        | 192337/1001000 [00:35<02:28, 5435.58it/s]
  提取向量:  19%|█▉        | 192881/1001000 [00:35<02:29, 5404.93it/s]
  提取向量:  19%|█▉        | 193425/1001000 [00:35<02:29, 5415.07it/s]
  提取向量:  19%|█▉        | 193967/1001000 [00:35<02:29, 5414.95it/s]
  提取向量:  19%|█▉        | 194509/1001000 [00:35<02:30, 5367.69it/s]
  提取向量:  19%|█▉        | 195058/1001000 [00:35<02:29, 5390.29it/s]
  提取向量:  20%|█▉        | 195598/1001000 [00:35<02:30, 5354.27it/s]
  提取向量:  20%|█▉        | 196137/1001000 [00:36<02:30, 5360.99it/s]
  提取向量:  20%|█▉        | 196691/1001000 [00:36<02:28, 5413.86it/s]
  提取向量:  20%|█▉        | 197233/1001000 [00:36<02:29, 5374.20it/s]
  提取向量:  20%|█▉        | 197771/1001000 [00:36<02:30, 5321.18it/s]
  提取向量:  20%|█▉        | 198314/1001000 [00:36<02:30, 5346.49it/s]
  提取向量:  20%|█▉        | 198865/1001000 [00:36<02:28, 5393.59it/s]
  提取向量:  20%|█▉        | 199405/1001000 [00:36<02:30, 5342.35it/s]
  提取向量:  20%|█▉        | 199943/1001000 [00:36<02:29, 5346.97it/s]
  提取向量:  20%|██        | 200478/1001000 [00:36<02:30, 5305.82it/s]
  提取向量:  20%|██        | 201011/1001000 [00:36<02:30, 5301.65it/s]
  提取向量:  20%|██        | 201542/1001000 [00:37<02:31, 5275.59it/s]
  提取向量:  20%|██        | 202078/1001000 [00:37<02:30, 5297.93it/s]
  提取向量:  20%|██        | 202615/1001000 [00:37<02:30, 5317.40it/s]
  提取向量:  20%|██        | 203151/1001000 [00:37<02:29, 5324.66it/s]
  提取向量:  20%|██        | 203687/1001000 [00:37<02:29, 5319.51it/s]
  提取向量:  20%|██        | 204232/1001000 [00:37<02:28, 5351.97it/s]
  提取向量:  20%|██        | 204778/1001000 [00:37<02:28, 5372.85it/s]
  提取向量:  21%|██        | 205316/1001000 [00:37<02:28, 5367.37it/s]
  提取向量:  21%|██        | 205859/1001000 [00:37<02:27, 5373.76it/s]
  提取向量:  21%|██        | 206397/1001000 [00:37<02:28, 5344.54it/s]
  提取向量:  21%|██        | 206952/1001000 [00:38<02:27, 5390.33it/s]
  提取向量:  21%|██        | 207492/1001000 [00:38<02:28, 5346.05it/s]
  提取向量:  21%|██        | 208050/1001000 [00:38<02:26, 5396.47it/s]
  提取向量:  21%|██        | 208590/1001000 [00:38<02:30, 5257.81it/s]
  提取向量:  21%|██        | 209137/1001000 [00:38<02:29, 5313.85it/s]
  提取向量:  21%|██        | 209696/1001000 [00:38<02:26, 5384.21it/s]
  提取向量:  21%|██        | 210235/1001000 [00:38<02:27, 5373.12it/s]
  提取向量:  21%|██        | 210775/1001000 [00:38<02:27, 5365.44it/s]
  提取向量:  21%|██        | 211312/1001000 [00:38<02:28, 5322.36it/s]
  提取向量:  21%|██        | 211872/1001000 [00:38<02:26, 5402.21it/s]
  提取向量:  21%|██        | 212413/1001000 [00:39<02:26, 5399.71it/s]
  提取向量:  21%|██▏       | 212964/1001000 [00:39<02:25, 5428.89it/s]
  提取向量:  21%|██▏       | 213519/1001000 [00:39<02:24, 5459.58it/s]
  提取向量:  21%|██▏       | 214076/1001000 [00:39<02:23, 5489.43it/s]
  提取向量:  21%|██▏       | 214626/1001000 [00:39<02:23, 5477.54it/s]
  提取向量:  21%|██▏       | 215174/1001000 [00:39<02:24, 5450.57it/s]
  提取向量:  22%|██▏       | 215720/1001000 [00:39<02:27, 5331.57it/s]
  提取向量:  22%|██▏       | 216254/1001000 [00:39<02:27, 5314.93it/s]
  提取向量:  22%|██▏       | 216790/1001000 [00:39<02:27, 5326.00it/s]
  提取向量:  22%|██▏       | 217323/1001000 [00:40<02:29, 5252.29it/s]
  提取向量:  22%|██▏       | 217849/1001000 [00:40<02:30, 5209.81it/s]
  提取向量:  22%|██▏       | 218373/1001000 [00:40<02:30, 5210.87it/s]
  提取向量:  22%|██▏       | 218913/1001000 [00:40<02:28, 5257.13it/s]
  提取向量:  22%|██▏       | 219468/1001000 [00:40<02:26, 5324.87it/s]
  提取向量:  22%|██▏       | 220001/1001000 [00:40<02:29, 5214.50it/s]
  提取向量:  22%|██▏       | 220523/1001000 [00:40<02:29, 5210.51it/s]
  提取向量:  22%|██▏       | 221045/1001000 [00:40<02:36, 4986.82it/s]
  提取向量:  22%|██▏       | 221546/1001000 [00:40<02:39, 4873.07it/s]
  提取向量:  22%|██▏       | 222070/1001000 [00:40<02:36, 4969.08it/s]
  提取向量:  22%|██▏       | 222603/1001000 [00:41<02:33, 5059.67it/s]
  提取向量:  22%|██▏       | 223134/1001000 [00:41<02:32, 5113.54it/s]
  提取向量:  22%|██▏       | 223648/1001000 [00:41<02:32, 5110.80it/s]
  提取向量:  22%|██▏       | 224170/1001000 [00:41<02:31, 5139.28it/s]
  提取向量:  22%|██▏       | 224727/1001000 [00:41<02:27, 5256.18it/s]
  提取向量:  23%|██▎       | 225263/1001000 [00:41<02:26, 5281.88it/s]
  提取向量:  23%|██▎       | 225792/1001000 [00:41<02:31, 5114.36it/s]
  提取向量:  23%|██▎       | 226305/1001000 [00:41<02:34, 5004.46it/s]
  提取向量:  23%|██▎       | 226819/1001000 [00:41<02:33, 5035.22it/s]
  提取向量:  23%|██▎       | 227356/1001000 [00:41<02:31, 5118.88it/s]
  提取向量:  23%|██▎       | 227869/1001000 [00:42<02:33, 5020.59it/s]
  提取向量:  23%|██▎       | 228427/1001000 [00:42<02:29, 5180.61it/s]
  提取向量:  23%|██▎       | 228947/1001000 [00:42<02:30, 5142.17it/s]
  提取向量:  23%|██▎       | 229517/1001000 [00:42<02:25, 5286.04it/s]
  提取向量:  23%|██▎       | 230048/1001000 [00:42<02:25, 5281.79it/s]
  提取向量:  23%|██▎       | 230577/1001000 [00:42<02:25, 5279.68it/s]
  提取向量:  23%|██▎       | 231142/1001000 [00:42<02:22, 5384.63it/s]
  提取向量:  23%|██▎       | 231681/1001000 [00:42<02:22, 5380.81it/s]
  提取向量:  23%|██▎       | 232226/1001000 [00:42<02:22, 5398.32it/s]
  提取向量:  23%|██▎       | 232769/1001000 [00:42<02:22, 5395.18it/s]
  提取向量:  23%|██▎       | 233309/1001000 [00:43<02:27, 5198.06it/s]
  提取向量:  23%|██▎       | 233831/1001000 [00:43<02:29, 5140.85it/s]
  提取向量:  23%|██▎       | 234347/1001000 [00:43<02:32, 5034.94it/s]
  提取向量:  23%|██▎       | 234852/1001000 [00:43<02:32, 5012.71it/s]
  提取向量:  24%|██▎       | 235369/1001000 [00:43<02:31, 5048.25it/s]
  提取向量:  24%|██▎       | 235876/1001000 [00:43<02:31, 5050.94it/s]
  提取向量:  24%|██▎       | 236399/1001000 [00:43<02:30, 5093.37it/s]
  提取向量:  24%|██▎       | 236944/1001000 [00:43<02:27, 5185.60it/s]
  提取向量:  24%|██▎       | 237470/1001000 [00:43<02:26, 5204.74it/s]
  提取向量:  24%|██▍       | 237996/1001000 [00:44<02:26, 5218.36it/s]
  提取向量:  24%|██▍       | 238536/1001000 [00:44<02:24, 5259.81it/s]
  提取向量:  24%|██▍       | 239067/1001000 [00:44<02:24, 5272.21it/s]
  提取向量:  24%|██▍       | 239595/1001000 [00:44<02:25, 5215.54it/s]
  提取向量:  24%|██▍       | 240119/1001000 [00:44<02:26, 5210.81it/s]
  提取向量:  24%|██▍       | 240641/1001000 [00:44<02:26, 5202.51it/s]
  提取向量:  24%|██▍       | 241162/1001000 [00:44<02:27, 5152.07it/s]
  提取向量:  24%|██▍       | 241678/1001000 [00:44<02:28, 5102.23it/s]
  提取向量:  24%|██▍       | 242208/1001000 [00:44<02:27, 5147.84it/s]
  提取向量:  24%|██▍       | 242765/1001000 [00:44<02:23, 5271.87it/s]
  提取向量:  24%|██▍       | 243293/1001000 [00:45<02:25, 5198.24it/s]
  提取向量:  24%|██▍       | 243814/1001000 [00:45<02:25, 5188.22it/s]
  提取向量:  24%|██▍       | 244334/1001000 [00:45<02:26, 5153.86it/s]
  提取向量:  24%|██▍       | 244850/1001000 [00:45<02:26, 5151.26it/s]
  提取向量:  25%|██▍       | 245366/1001000 [00:45<02:30, 5012.79it/s]
  提取向量:  25%|██▍       | 245920/1001000 [00:45<02:26, 5152.79it/s]
  提取向量:  25%|██▍       | 246437/1001000 [00:45<02:27, 5116.63it/s]
  提取向量:  25%|██▍       | 246965/1001000 [00:45<02:26, 5160.00it/s]
  提取向量:  25%|██▍       | 247495/1001000 [00:45<02:25, 5189.64it/s]
  提取向量:  25%|██▍       | 248015/1001000 [00:45<02:25, 5167.55it/s]
  提取向量:  25%|██▍       | 248533/1001000 [00:46<02:25, 5160.09it/s]
  提取向量:  25%|██▍       | 249077/1001000 [00:46<02:23, 5229.73it/s]
  提取向量:  25%|██▍       | 249601/1001000 [00:46<02:23, 5230.67it/s]
  提取向量:  25%|██▍       | 250126/1001000 [00:46<02:23, 5230.30it/s]
  提取向量:  25%|██▌       | 250650/1001000 [00:46<02:23, 5215.12it/s]
  提取向量:  25%|██▌       | 251172/1001000 [00:46<02:24, 5192.96it/s]
  提取向量:  25%|██▌       | 251692/1001000 [00:46<02:24, 5176.36it/s]
  提取向量:  25%|██▌       | 252232/1001000 [00:46<02:22, 5241.01it/s]
  提取向量:  25%|██▌       | 252757/1001000 [00:46<02:30, 4967.95it/s]
  提取向量:  25%|██▌       | 253286/1001000 [00:46<02:27, 5055.62it/s]
  提取向量:  25%|██▌       | 253822/1001000 [00:47<02:25, 5129.56it/s]
  提取向量:  25%|██▌       | 254346/1001000 [00:47<02:24, 5153.20it/s]
  提取向量:  25%|██▌       | 254872/1001000 [00:47<02:24, 5170.31it/s]
  提取向量:  26%|██▌       | 255390/1001000 [00:47<02:25, 5108.20it/s]
  提取向量:  26%|██▌       | 255925/1001000 [00:47<02:24, 5164.54it/s]
  提取向量:  26%|██▌       | 256457/1001000 [00:47<02:22, 5208.07it/s]
  提取向量:  26%|██▌       | 256979/1001000 [00:47<02:24, 5143.31it/s]
  提取向量:  26%|██▌       | 257494/1001000 [00:47<02:25, 5115.58it/s]
  提取向量:  26%|██▌       | 258017/1001000 [00:47<02:24, 5145.65it/s]
  提取向量:  26%|██▌       | 258545/1001000 [00:47<02:23, 5178.10it/s]
  提取向量:  26%|██▌       | 259070/1001000 [00:48<02:22, 5197.90it/s]
  提取向量:  26%|██▌       | 259609/1001000 [00:48<02:21, 5236.28it/s]
  提取向量:  26%|██▌       | 260159/1001000 [00:48<02:19, 5303.30it/s]
  提取向量:  26%|██▌       | 260690/1001000 [00:48<02:23, 5165.01it/s]
  提取向量:  26%|██▌       | 261208/1001000 [00:48<02:32, 4862.29it/s]
  提取向量:  26%|██▌       | 261769/1001000 [00:48<02:26, 5060.06it/s]
  提取向量:  26%|██▌       | 262312/1001000 [00:48<02:23, 5164.62it/s]
  提取向量:  26%|██▋       | 262869/1001000 [00:48<02:19, 5273.57it/s]
  提取向量:  26%|██▋       | 263400/1001000 [00:48<02:19, 5273.50it/s]
  提取向量:  26%|██▋       | 263930/1001000 [00:49<02:20, 5242.27it/s]
  提取向量:  26%|██▋       | 264456/1001000 [00:49<02:20, 5237.87it/s]
  提取向量:  26%|██▋       | 264990/1001000 [00:49<02:19, 5261.38it/s]
  提取向量:  27%|██▋       | 265521/1001000 [00:49<02:19, 5265.39it/s]
  提取向量:  27%|██▋       | 266048/1001000 [00:49<02:20, 5248.37it/s]
  提取向量:  27%|██▋       | 266591/1001000 [00:49<02:18, 5296.94it/s]
  提取向量:  27%|██▋       | 267122/1001000 [00:49<02:18, 5296.91it/s]
  提取向量:  27%|██▋       | 267652/1001000 [00:49<02:19, 5255.31it/s]
  提取向量:  27%|██▋       | 268201/1001000 [00:49<02:17, 5311.38it/s]
  提取向量:  27%|██▋       | 268737/1001000 [00:49<02:17, 5323.46it/s]
  提取向量:  27%|██▋       | 269276/1001000 [00:50<02:17, 5339.17it/s]
  提取向量:  27%|██▋       | 269817/1001000 [00:50<02:16, 5345.99it/s]
  提取向量:  27%|██▋       | 270352/1001000 [00:50<02:18, 5279.09it/s]
  提取向量:  27%|██▋       | 270881/1001000 [00:50<02:19, 5238.01it/s]
  提取向量:  27%|██▋       | 271414/1001000 [00:50<02:18, 5259.61it/s]
  提取向量:  27%|██▋       | 271941/1001000 [00:50<02:18, 5248.61it/s]
  提取向量:  27%|██▋       | 272466/1001000 [00:50<02:19, 5204.76it/s]
  提取向量:  27%|██▋       | 272992/1001000 [00:50<02:19, 5213.49it/s]
  提取向量:  27%|██▋       | 273538/1001000 [00:50<02:17, 5283.30it/s]
  提取向量:  27%|██▋       | 274067/1001000 [00:50<02:18, 5242.55it/s]
  提取向量:  27%|██▋       | 274592/1001000 [00:51<02:23, 5068.78it/s]
  提取向量:  27%|██▋       | 275101/1001000 [00:51<02:24, 5016.31it/s]
  提取向量:  28%|██▊       | 275604/1001000 [00:51<02:25, 4980.79it/s]
  提取向量:  28%|██▊       | 276129/1001000 [00:51<02:23, 5050.36it/s]
  提取向量:  28%|██▊       | 276648/1001000 [00:51<02:22, 5077.98it/s]
  提取向量:  28%|██▊       | 277164/1001000 [00:51<02:21, 5100.16it/s]
  提取向量:  28%|██▊       | 277678/1001000 [00:51<02:21, 5103.76it/s]
  提取向量:  28%|██▊       | 278201/1001000 [00:51<02:20, 5136.32it/s]
  提取向量:  28%|██▊       | 278715/1001000 [00:51<02:20, 5125.11it/s]
  提取向量:  28%|██▊       | 279228/1001000 [00:51<02:22, 5078.16it/s]
  提取向量:  28%|██▊       | 279771/1001000 [00:52<02:19, 5178.70it/s]
  提取向量:  28%|██▊       | 280302/1001000 [00:52<02:18, 5217.34it/s]
  提取向量:  28%|██▊       | 280829/1001000 [00:52<02:17, 5219.16it/s]
  提取向量:  28%|██▊       | 281352/1001000 [00:52<02:23, 5005.82it/s]
  提取向量:  28%|██▊       | 281885/1001000 [00:52<02:21, 5088.03it/s]
  提取向量:  28%|██▊       | 282402/1001000 [00:52<02:20, 5099.41it/s]
  提取向量:  28%|██▊       | 282914/1001000 [00:52<02:20, 5103.64it/s]
  提取向量:  28%|██▊       | 283435/1001000 [00:52<02:19, 5130.69it/s]
  提取向量:  28%|██▊       | 283968/1001000 [00:52<02:18, 5178.02it/s]
  提取向量:  28%|██▊       | 284487/1001000 [00:52<02:18, 5162.74it/s]
  提取向量:  28%|██▊       | 285021/1001000 [00:53<02:17, 5214.06it/s]
  提取向量:  29%|██▊       | 285543/1001000 [00:53<02:18, 5181.72it/s]
  提取向量:  29%|██▊       | 286062/1001000 [00:53<02:18, 5170.25it/s]
  提取向量:  29%|██▊       | 286580/1001000 [00:53<02:19, 5116.79it/s]
  提取向量:  29%|██▊       | 287092/1001000 [00:53<02:20, 5071.26it/s]
  提取向量:  29%|██▊       | 287602/1001000 [00:53<02:20, 5064.44it/s]
  提取向量:  29%|██▉       | 288140/1001000 [00:53<02:18, 5150.93it/s]
  提取向量:  29%|██▉       | 288656/1001000 [00:53<02:24, 4944.92it/s]
  提取向量:  29%|██▉       | 289165/1001000 [00:53<02:22, 4980.25it/s]
  提取向量:  29%|██▉       | 289665/1001000 [00:54<02:22, 4976.59it/s]
  提取向量:  29%|██▉       | 290184/1001000 [00:54<02:21, 5030.12it/s]
  提取向量:  29%|██▉       | 290688/1001000 [00:54<02:23, 4946.19it/s]
  提取向量:  29%|██▉       | 291209/1001000 [00:54<02:21, 5012.67it/s]
  提取向量:  29%|██▉       | 291711/1001000 [00:54<02:22, 4972.02it/s]
  提取向量:  29%|██▉       | 292209/1001000 [00:54<02:25, 4861.23it/s]
  提取向量:  29%|██▉       | 292711/1001000 [00:54<02:24, 4897.24it/s]
  提取向量:  29%|██▉       | 293214/1001000 [00:54<02:23, 4920.39it/s]
  提取向量:  29%|██▉       | 293707/1001000 [00:54<02:23, 4919.62it/s]
  提取向量:  29%|██▉       | 294223/1001000 [00:54<02:21, 4986.65it/s]
  提取向量:  29%|██▉       | 294739/1001000 [00:55<02:20, 5036.24it/s]
  提取向量:  29%|██▉       | 295274/1001000 [00:55<02:17, 5127.64it/s]
  提取向量:  30%|██▉       | 295791/1001000 [00:55<02:17, 5131.35it/s]
  提取向量:  30%|██▉       | 296305/1001000 [00:55<02:20, 5017.33it/s]
  提取向量:  30%|██▉       | 296810/1001000 [00:55<02:20, 5025.83it/s]
  提取向量:  30%|██▉       | 297329/1001000 [00:55<02:19, 5061.96it/s]
  提取向量:  30%|██▉       | 297852/1001000 [00:55<02:17, 5102.36it/s]
  提取向量:  30%|██▉       | 298363/1001000 [00:55<02:18, 5059.55it/s]
  提取向量:  30%|██▉       | 298870/1001000 [00:55<02:20, 4987.71it/s]
  提取向量:  30%|██▉       | 299381/1001000 [00:55<02:19, 5019.08it/s]
  提取向量:  30%|██▉       | 299885/1001000 [00:56<02:19, 5017.23it/s]
  提取向量:  30%|███       | 300400/1001000 [00:56<02:18, 5050.39it/s]
  提取向量:  30%|███       | 300919/1001000 [00:56<02:17, 5078.49it/s]
  提取向量:  30%|███       | 301469/1001000 [00:56<02:14, 5189.07it/s]
  提取向量:  30%|███       | 302003/1001000 [00:56<02:13, 5221.28it/s]
  提取向量:  30%|███       | 302526/1001000 [00:56<02:14, 5209.62it/s]
  提取向量:  30%|███       | 303048/1001000 [00:56<02:15, 5153.82it/s]
  提取向量:  30%|███       | 303564/1001000 [00:56<02:15, 5152.13it/s]
  提取向量:  30%|███       | 304080/1001000 [00:56<02:18, 5036.81it/s]
  提取向量:  30%|███       | 304596/1001000 [00:56<02:17, 5068.73it/s]
  提取向量:  30%|███       | 305105/1001000 [00:57<02:17, 5069.32it/s]
  提取向量:  31%|███       | 305623/1001000 [00:57<02:16, 5093.91it/s]
  提取向量:  31%|███       | 306164/1001000 [00:57<02:14, 5182.99it/s]
  提取向量:  31%|███       | 306683/1001000 [00:57<02:16, 5095.74it/s]
  提取向量:  31%|███       | 307194/1001000 [00:57<02:17, 5030.53it/s]
  提取向量:  31%|███       | 307716/1001000 [00:57<02:16, 5075.93it/s]
  提取向量:  31%|███       | 308224/1001000 [00:57<02:18, 4996.51it/s]
  提取向量:  31%|███       | 308725/1001000 [00:57<02:19, 4950.68it/s]
  提取向量:  31%|███       | 309221/1001000 [00:57<02:20, 4929.67it/s]
  提取向量:  31%|███       | 309726/1001000 [00:58<02:19, 4952.07it/s]
  提取向量:  31%|███       | 310222/1001000 [00:58<02:20, 4926.75it/s]
  提取向量:  31%|███       | 310747/1001000 [00:58<02:17, 5015.98it/s]
  提取向量:  31%|███       | 311259/1001000 [00:58<02:16, 5045.25it/s]
  提取向量:  31%|███       | 311764/1001000 [00:58<02:17, 5013.05it/s]
  提取向量:  31%|███       | 312268/1001000 [00:58<02:17, 5011.53it/s]
  提取向量:  31%|███       | 312770/1001000 [00:58<02:17, 5010.66it/s]
  提取向量:  31%|███▏      | 313272/1001000 [00:58<02:18, 4978.32it/s]
  提取向量:  31%|███▏      | 313796/1001000 [00:58<02:16, 5036.97it/s]
  提取向量:  31%|███▏      | 314300/1001000 [00:58<02:17, 5012.36it/s]
  提取向量:  31%|███▏      | 314817/1001000 [00:59<02:15, 5057.89it/s]
  提取向量:  32%|███▏      | 315328/1001000 [00:59<02:15, 5058.00it/s]
  提取向量:  32%|███▏      | 315834/1001000 [00:59<02:16, 5017.50it/s]
  提取向量:  32%|███▏      | 316354/1001000 [00:59<02:15, 5063.17it/s]
  提取向量:  32%|███▏      | 316875/1001000 [00:59<02:14, 5101.97it/s]
  提取向量:  32%|███▏      | 317394/1001000 [00:59<02:13, 5123.69it/s]
  提取向量:  32%|███▏      | 317908/1001000 [00:59<02:13, 5125.92it/s]
  提取向量:  32%|███▏      | 318431/1001000 [00:59<02:12, 5154.09it/s]
  提取向量:  32%|███▏      | 318947/1001000 [00:59<02:15, 5044.81it/s]
  提取向量:  32%|███▏      | 319453/1001000 [00:59<02:16, 4978.02it/s]
  提取向量:  32%|███▏      | 319952/1001000 [01:00<02:16, 4973.95it/s]
  提取向量:  32%|███▏      | 320450/1001000 [01:00<02:17, 4948.04it/s]
  提取向量:  32%|███▏      | 320946/1001000 [01:00<02:18, 4917.36it/s]
  提取向量:  32%|███▏      | 321467/1001000 [01:00<02:16, 4993.07it/s]
  提取向量:  32%|███▏      | 321967/1001000 [01:00<02:16, 4979.90it/s]
  提取向量:  32%|███▏      | 322466/1001000 [01:00<02:16, 4980.18it/s]
  提取向量:  32%|███▏      | 322965/1001000 [01:00<02:16, 4976.95it/s]
  提取向量:  32%|███▏      | 323463/1001000 [01:00<02:17, 4942.59it/s]
  提取向量:  32%|███▏      | 323968/1001000 [01:00<02:16, 4965.46it/s]
  提取向量:  32%|███▏      | 324506/1001000 [01:00<02:12, 5088.65it/s]
  提取向量:  32%|███▏      | 325022/1001000 [01:01<02:12, 5095.52it/s]
  提取向量:  33%|███▎      | 325535/1001000 [01:01<02:12, 5093.27it/s]
  提取向量:  33%|███▎      | 326055/1001000 [01:01<02:12, 5111.10it/s]
  提取向量:  33%|███▎      | 326574/1001000 [01:01<02:11, 5122.29it/s]
  提取向量:  33%|███▎      | 327110/1001000 [01:01<02:09, 5185.77it/s]
  提取向量:  33%|███▎      | 327629/1001000 [01:01<02:11, 5135.97it/s]
  提取向量:  33%|███▎      | 328144/1001000 [01:01<02:11, 5132.89it/s]
  提取向量:  33%|███▎      | 328658/1001000 [01:01<02:11, 5100.50it/s]
  提取向量:  33%|███▎      | 329169/1001000 [01:01<02:13, 5049.02it/s]
  提取向量:  33%|███▎      | 329698/1001000 [01:01<02:11, 5105.19it/s]
  提取向量:  33%|███▎      | 330209/1001000 [01:02<02:12, 5071.87it/s]
  提取向量:  33%|███▎      | 330717/1001000 [01:02<02:12, 5059.14it/s]
  提取向量:  33%|███▎      | 331229/1001000 [01:02<02:12, 5066.66it/s]
  提取向量:  33%|███▎      | 331736/1001000 [01:02<02:13, 5010.27it/s]
  提取向量:  33%|███▎      | 332263/1001000 [01:02<02:11, 5073.46it/s]
  提取向量:  33%|███▎      | 332771/1001000 [01:02<02:11, 5073.50it/s]
  提取向量:  33%|███▎      | 333281/1001000 [01:02<02:11, 5078.04it/s]
  提取向量:  33%|███▎      | 333789/1001000 [01:02<02:12, 5039.12it/s]
  提取向量:  33%|███▎      | 334334/1001000 [01:02<02:09, 5148.73it/s]
  提取向量:  33%|███▎      | 334849/1001000 [01:02<02:10, 5117.80it/s]
  提取向量:  34%|███▎      | 335361/1001000 [01:03<02:13, 4984.14it/s]
  提取向量:  34%|███▎      | 335861/1001000 [01:03<02:23, 4646.06it/s]
  提取向量:  34%|███▎      | 336343/1001000 [01:03<02:21, 4681.99it/s]
  提取向量:  34%|███▎      | 336840/1001000 [01:03<02:19, 4752.69it/s]
  提取向量:  34%|███▎      | 337329/1001000 [01:03<02:18, 4786.20it/s]
  提取向量:  34%|███▎      | 337810/1001000 [01:03<02:18, 4788.21it/s]
  提取向量:  34%|███▍      | 338295/1001000 [01:03<02:18, 4800.62it/s]
  提取向量:  34%|███▍      | 338777/1001000 [01:03<02:21, 4692.65it/s]
  提取向量:  34%|███▍      | 339256/1001000 [01:03<02:20, 4717.29it/s]
  提取向量:  34%|███▍      | 339773/1001000 [01:04<02:16, 4843.67it/s]
  提取向量:  34%|███▍      | 340259/1001000 [01:04<02:18, 4777.00it/s]
  提取向量:  34%|███▍      | 340739/1001000 [01:04<02:18, 4774.36it/s]
  提取向量:  34%|███▍      | 341247/1001000 [01:04<02:15, 4857.79it/s]
  提取向量:  34%|███▍      | 341762/1001000 [01:04<02:13, 4932.84it/s]
  提取向量:  34%|███▍      | 342264/1001000 [01:04<02:12, 4955.04it/s]
  提取向量:  34%|███▍      | 342760/1001000 [01:04<02:13, 4932.21it/s]
  提取向量:  34%|███▍      | 343254/1001000 [01:04<02:14, 4884.07it/s]
  提取向量:  34%|███▍      | 343743/1001000 [01:04<02:16, 4821.19it/s]
  提取向量:  34%|███▍      | 344246/1001000 [01:04<02:14, 4872.90it/s]
  提取向量:  34%|███▍      | 344742/1001000 [01:05<02:14, 4894.30it/s]
  提取向量:  34%|███▍      | 345232/1001000 [01:05<02:14, 4891.82it/s]
  提取向量:  35%|███▍      | 345722/1001000 [01:05<02:14, 4883.66it/s]
  提取向量:  35%|███▍      | 346216/1001000 [01:05<02:13, 4895.60it/s]
  提取向量:  35%|███▍      | 346706/1001000 [01:05<02:13, 4890.07it/s]
  提取向量:  35%|███▍      | 347196/1001000 [01:05<02:14, 4870.92it/s]
  提取向量:  35%|███▍      | 347708/1001000 [01:05<02:12, 4943.58it/s]
  提取向量:  35%|███▍      | 348205/1001000 [01:05<02:12, 4939.82it/s]
  提取向量:  35%|███▍      | 348700/1001000 [01:05<02:12, 4940.43it/s]
  提取向量:  35%|███▍      | 349195/1001000 [01:05<02:12, 4917.48it/s]
  提取向量:  35%|███▍      | 349713/1001000 [01:06<02:10, 4984.20it/s]
  提取向量:  35%|███▍      | 350240/1001000 [01:06<02:08, 5067.13it/s]
  提取向量:  35%|███▌      | 350758/1001000 [01:06<02:07, 5091.30it/s]
  提取向量:  35%|███▌      | 351302/1001000 [01:06<02:05, 5180.23it/s]
  提取向量:  35%|███▌      | 351821/1001000 [01:06<02:07, 5083.29it/s]
  提取向量:  35%|███▌      | 352330/1001000 [01:06<02:16, 4762.13it/s]
  提取向量:  35%|███▌      | 352811/1001000 [01:06<02:19, 4643.79it/s]
  提取向量:  35%|███▌      | 353319/1001000 [01:06<02:16, 4760.45it/s]
  提取向量:  35%|███▌      | 353798/1001000 [01:06<02:15, 4763.15it/s]
  提取向量:  35%|███▌      | 354303/1001000 [01:06<02:13, 4842.14it/s]
  提取向量:  35%|███▌      | 354796/1001000 [01:07<02:12, 4865.86it/s]
  提取向量:  35%|███▌      | 355320/1001000 [01:07<02:09, 4973.52it/s]
  提取向量:  36%|███▌      | 355832/1001000 [01:07<02:08, 5008.15it/s]
  提取向量:  36%|███▌      | 356334/1001000 [01:07<02:08, 4999.88it/s]
  提取向量:  36%|███▌      | 356838/1001000 [01:07<02:08, 5009.78it/s]
  提取向量:  36%|███▌      | 357340/1001000 [01:07<02:08, 4992.06it/s]
  提取向量:  36%|███▌      | 357862/1001000 [01:07<02:07, 5059.45it/s]
  提取向量:  36%|███▌      | 358377/1001000 [01:07<02:06, 5078.83it/s]
  提取向量:  36%|███▌      | 358895/1001000 [01:07<02:05, 5099.81it/s]
  提取向量:  36%|███▌      | 359406/1001000 [01:07<02:05, 5093.50it/s]
  提取向量:  36%|███▌      | 359916/1001000 [01:08<02:06, 5068.09it/s]
  提取向量:  36%|███▌      | 360423/1001000 [01:08<02:06, 5052.46it/s]
  提取向量:  36%|███▌      | 360929/1001000 [01:08<02:10, 4887.68it/s]
  提取向量:  36%|███▌      | 361419/1001000 [01:08<02:19, 4593.26it/s]
  提取向量:  36%|███▌      | 361883/1001000 [01:08<02:22, 4473.05it/s]
  提取向量:  36%|███▌      | 362366/1001000 [01:08<02:19, 4571.66it/s]
  提取向量:  36%|███▋      | 362868/1001000 [01:08<02:15, 4697.40it/s]
  提取向量:  36%|███▋      | 363382/1001000 [01:08<02:12, 4820.67it/s]
  提取向量:  36%|███▋      | 363867/1001000 [01:08<02:16, 4653.05it/s]
  提取向量:  36%|███▋      | 364368/1001000 [01:09<02:14, 4744.02it/s]
  提取向量:  36%|███▋      | 364886/1001000 [01:09<02:10, 4857.83it/s]
  提取向量:  37%|███▋      | 365374/1001000 [01:09<02:10, 4857.14it/s]
  提取向量:  37%|███▋      | 365883/1001000 [01:09<02:09, 4918.03it/s]
  提取向量:  37%|███▋      | 366386/1001000 [01:09<02:08, 4950.54it/s]
  提取向量:  37%|███▋      | 366923/1001000 [01:09<02:05, 5070.66it/s]
  提取向量:  37%|███▋      | 367431/1001000 [01:09<02:06, 4990.54it/s]
  提取向量:  37%|███▋      | 367968/1001000 [01:09<02:04, 5097.52it/s]
  提取向量:  37%|███▋      | 368479/1001000 [01:09<02:04, 5091.72it/s]
  提取向量:  37%|███▋      | 368989/1001000 [01:09<02:04, 5062.22it/s]
  提取向量:  37%|███▋      | 369496/1001000 [01:10<02:06, 5002.98it/s]
  提取向量:  37%|███▋      | 370006/1001000 [01:10<02:05, 5027.58it/s]
  提取向量:  37%|███▋      | 370526/1001000 [01:10<02:04, 5069.33it/s]
  提取向量:  37%|███▋      | 371037/1001000 [01:10<02:04, 5066.65it/s]
  提取向量:  37%|███▋      | 371546/1001000 [01:10<02:04, 5070.27it/s]
  提取向量:  37%|███▋      | 372054/1001000 [01:10<02:05, 4999.84it/s]
  提取向量:  37%|███▋      | 372555/1001000 [01:10<02:06, 4981.90it/s]
  提取向量:  37%|███▋      | 373075/1001000 [01:10<02:04, 5031.89it/s]
  提取向量:  37%|███▋      | 373586/1001000 [01:10<02:04, 5035.00it/s]
  提取向量:  37%|███▋      | 374110/1001000 [01:10<02:03, 5093.02it/s]
  提取向量:  37%|███▋      | 374620/1001000 [01:11<02:03, 5088.52it/s]
  提取向量:  37%|███▋      | 375132/1001000 [01:11<02:02, 5092.00it/s]
  提取向量:  38%|███▊      | 375642/1001000 [01:11<02:04, 5026.53it/s]
  提取向量:  38%|███▊      | 376180/1001000 [01:11<02:01, 5130.37it/s]
  提取向量:  38%|███▊      | 376694/1001000 [01:11<02:01, 5126.42it/s]
  提取向量:  38%|███▊      | 377214/1001000 [01:11<02:01, 5134.26it/s]
  提取向量:  38%|███▊      | 377733/1001000 [01:11<02:01, 5145.27it/s]
  提取向量:  38%|███▊      | 378280/1001000 [01:11<01:59, 5222.49it/s]
  提取向量:  38%|███▊      | 378803/1001000 [01:11<01:59, 5200.69it/s]
  提取向量:  38%|███▊      | 379324/1001000 [01:11<02:01, 5109.92it/s]
  提取向量:  38%|███▊      | 379867/1001000 [01:12<01:59, 5192.74it/s]
  提取向量:  38%|███▊      | 380387/1001000 [01:12<02:00, 5154.56it/s]
  提取向量:  38%|███▊      | 380903/1001000 [01:12<02:01, 5118.63it/s]
  提取向量:  38%|███▊      | 381416/1001000 [01:12<02:01, 5110.52it/s]
  提取向量:  38%|███▊      | 381941/1001000 [01:12<02:00, 5143.50it/s]
  提取向量:  38%|███▊      | 382456/1001000 [01:12<02:00, 5137.32it/s]
  提取向量:  38%|███▊      | 382970/1001000 [01:12<02:00, 5110.50it/s]
  提取向量:  38%|███▊      | 383489/1001000 [01:12<02:00, 5129.81it/s]
  提取向量:  38%|███▊      | 384003/1001000 [01:12<02:00, 5123.10it/s]
  提取向量:  38%|███▊      | 384516/1001000 [01:13<02:00, 5118.43it/s]
  提取向量:  38%|███▊      | 385028/1001000 [01:13<02:01, 5088.61it/s]
  提取向量:  39%|███▊      | 385543/1001000 [01:13<02:00, 5101.91it/s]
  提取向量:  39%|███▊      | 386070/1001000 [01:13<01:59, 5144.52it/s]
  提取向量:  39%|███▊      | 386595/1001000 [01:13<01:58, 5163.70it/s]
  提取向量:  39%|███▊      | 387114/1001000 [01:13<01:58, 5167.10it/s]
  提取向量:  39%|███▊      | 387643/1001000 [01:13<01:57, 5200.73it/s]
  提取向量:  39%|███▉      | 388164/1001000 [01:13<01:59, 5128.56it/s]
  提取向量:  39%|███▉      | 388683/1001000 [01:13<01:59, 5128.95it/s]
  提取向量:  39%|███▉      | 389197/1001000 [01:13<02:01, 5045.51it/s]
  提取向量:  39%|███▉      | 389709/1001000 [01:14<02:00, 5059.57it/s]
  提取向量:  39%|███▉      | 390216/1001000 [01:14<02:02, 5002.00it/s]
  提取向量:  39%|███▉      | 390728/1001000 [01:14<02:01, 5035.88it/s]
  提取向量:  39%|███▉      | 391237/1001000 [01:14<02:00, 5050.86it/s]
  提取向量:  39%|███▉      | 391743/1001000 [01:14<02:02, 4993.88it/s]
  提取向量:  39%|███▉      | 392243/1001000 [01:14<02:04, 4886.84it/s]
  提取向量:  39%|███▉      | 392768/1001000 [01:14<02:01, 4991.60it/s]
  提取向量:  39%|███▉      | 393292/1001000 [01:14<02:00, 5055.86it/s]
  提取向量:  39%|███▉      | 393807/1001000 [01:14<01:59, 5081.14it/s]
  提取向量:  39%|███▉      | 394328/1001000 [01:14<01:58, 5115.30it/s]
  提取向量:  39%|███▉      | 394843/1001000 [01:15<01:58, 5119.72it/s]
  提取向量:  39%|███▉      | 395356/1001000 [01:15<01:59, 5056.96it/s]
  提取向量:  40%|███▉      | 395863/1001000 [01:15<01:59, 5057.09it/s]
  提取向量:  40%|███▉      | 396369/1001000 [01:15<02:00, 5032.36it/s]
  提取向量:  40%|███▉      | 396892/1001000 [01:15<01:58, 5077.38it/s]
  提取向量:  40%|███▉      | 397400/1001000 [01:15<01:59, 5060.05it/s]
  提取向量:  40%|███▉      | 397917/1001000 [01:15<01:58, 5083.20it/s]
  提取向量:  40%|███▉      | 398426/1001000 [01:15<01:59, 5030.80it/s]
  提取向量:  40%|███▉      | 398938/1001000 [01:15<01:59, 5053.46it/s]
  提取向量:  40%|███▉      | 399482/1001000 [01:15<01:56, 5150.11it/s]
  提取向量:  40%|███▉      | 400011/1001000 [01:16<01:55, 5189.14it/s]
  提取向量:  40%|████      | 400533/1001000 [01:16<01:55, 5188.44it/s]
  提取向量:  40%|████      | 401070/1001000 [01:16<01:54, 5235.90it/s]
  提取向量:  40%|████      | 401594/1001000 [01:16<01:55, 5203.36it/s]
  提取向量:  40%|████      | 402115/1001000 [01:16<01:55, 5203.05it/s]
  提取向量:  40%|████      | 402636/1001000 [01:16<01:55, 5197.94it/s]
  提取向量:  40%|████      | 403156/1001000 [01:16<01:55, 5198.45it/s]
  提取向量:  40%|████      | 403676/1001000 [01:16<01:56, 5134.76it/s]
  提取向量:  40%|████      | 404190/1001000 [01:16<01:56, 5107.84it/s]
  提取向量:  40%|████      | 404701/1001000 [01:16<01:58, 5053.30it/s]
  提取向量:  40%|████      | 405207/1001000 [01:17<01:58, 5022.49it/s]
  提取向量:  41%|████      | 405710/1001000 [01:17<01:58, 5021.07it/s]
  提取向量:  41%|████      | 406237/1001000 [01:17<01:57, 5080.95it/s]
  提取向量:  41%|████      | 406746/1001000 [01:17<01:58, 5025.42it/s]
  提取向量:  41%|████      | 407249/1001000 [01:17<02:00, 4937.87it/s]
  提取向量:  41%|████      | 407744/1001000 [01:17<02:06, 4681.96it/s]
  提取向量:  41%|████      | 408226/1001000 [01:17<02:05, 4714.70it/s]
  提取向量:  41%|████      | 408700/1001000 [01:17<02:05, 4720.18it/s]
  提取向量:  41%|████      | 409176/1001000 [01:17<02:05, 4728.97it/s]
  提取向量:  41%|████      | 409696/1001000 [01:18<02:01, 4863.49it/s]
  提取向量:  41%|████      | 410184/1001000 [01:18<02:03, 4769.53it/s]
  提取向量:  41%|████      | 410673/1001000 [01:18<02:03, 4797.02it/s]
  提取向量:  41%|████      | 411194/1001000 [01:18<02:00, 4911.04it/s]
  提取向量:  41%|████      | 411704/1001000 [01:18<01:59, 4945.80it/s]
  提取向量:  41%|████      | 412200/1001000 [01:18<02:08, 4591.64it/s]
  提取向量:  41%|████      | 412725/1001000 [01:18<02:03, 4767.27it/s]
  提取向量:  41%|████▏     | 413238/1001000 [01:18<02:00, 4869.44it/s]
  提取向量:  41%|████▏     | 413732/1001000 [01:18<02:00, 4877.14it/s]
  提取向量:  41%|████▏     | 414239/1001000 [01:18<01:59, 4929.88it/s]
  提取向量:  41%|████▏     | 414735/1001000 [01:19<01:58, 4930.60it/s]
  提取向量:  41%|████▏     | 415233/1001000 [01:19<01:58, 4935.19it/s]
  提取向量:  42%|████▏     | 415728/1001000 [01:19<01:59, 4888.40it/s]
  提取向量:  42%|████▏     | 416238/1001000 [01:19<01:58, 4938.14it/s]
  提取向量:  42%|████▏     | 416733/1001000 [01:19<01:58, 4934.33it/s]
  提取向量:  42%|████▏     | 417236/1001000 [01:19<01:57, 4948.58it/s]
  提取向量:  42%|████▏     | 417758/1001000 [01:19<01:56, 5014.63it/s]
  提取向量:  42%|████▏     | 418260/1001000 [01:19<01:56, 4998.43it/s]
  提取向量:  42%|████▏     | 418769/1001000 [01:19<01:55, 5024.60it/s]
  提取向量:  42%|████▏     | 419291/1001000 [01:19<01:54, 5069.89it/s]
  提取向量:  42%|████▏     | 419799/1001000 [01:20<01:55, 5039.28it/s]
  提取向量:  42%|████▏     | 420313/1001000 [01:20<01:54, 5057.39it/s]
  提取向量:  42%|████▏     | 420833/1001000 [01:20<01:53, 5093.48it/s]
  提取向量:  42%|████▏     | 421350/1001000 [01:20<01:53, 5112.16it/s]
  提取向量:  42%|████▏     | 421862/1001000 [01:20<01:54, 5067.76it/s]
  提取向量:  42%|████▏     | 422371/1001000 [01:20<01:54, 5071.42it/s]
  提取向量:  42%|████▏     | 422879/1001000 [01:20<01:55, 5024.02it/s]
  提取向量:  42%|████▏     | 423382/1001000 [01:20<01:56, 4944.83it/s]
  提取向量:  42%|████▏     | 423881/1001000 [01:20<01:56, 4953.07it/s]
  提取向量:  42%|████▏     | 424390/1001000 [01:20<01:55, 4983.78it/s]
  提取向量:  42%|████▏     | 424889/1001000 [01:21<01:56, 4930.05it/s]
  提取向量:  42%|████▏     | 425394/1001000 [01:21<01:55, 4964.72it/s]
  提取向量:  43%|████▎     | 425894/1001000 [01:21<01:56, 4954.96it/s]
  提取向量:  43%|████▎     | 426393/1001000 [01:21<01:55, 4957.09it/s]
  提取向量:  43%|████▎     | 426898/1001000 [01:21<01:55, 4973.18it/s]
  提取向量:  43%|████▎     | 427396/1001000 [01:21<01:56, 4935.63it/s]
  提取向量:  43%|████▎     | 427903/1001000 [01:21<01:55, 4960.04it/s]
  提取向量:  43%|████▎     | 428400/1001000 [01:21<01:56, 4895.02it/s]
  提取向量:  43%|████▎     | 428890/1001000 [01:21<01:56, 4896.43it/s]
  提取向量:  43%|████▎     | 429386/1001000 [01:21<01:56, 4901.94it/s]
  提取向量:  43%|████▎     | 429907/1001000 [01:22<01:54, 4988.54it/s]
  提取向量:  43%|████▎     | 430410/1001000 [01:22<01:54, 4978.18it/s]
  提取向量:  43%|████▎     | 430908/1001000 [01:22<01:55, 4925.49it/s]
  提取向量:  43%|████▎     | 431422/1001000 [01:22<01:54, 4982.63it/s]
  提取向量:  43%|████▎     | 431921/1001000 [01:22<01:54, 4972.19it/s]
  提取向量:  43%|████▎     | 432428/1001000 [01:22<01:53, 4993.00it/s]
  提取向量:  43%|████▎     | 432930/1001000 [01:22<01:53, 4989.98it/s]
  提取向量:  43%|████▎     | 433450/1001000 [01:22<01:52, 5044.83it/s]
  提取向量:  43%|████▎     | 433965/1001000 [01:22<01:51, 5075.87it/s]
  提取向量:  43%|████▎     | 434473/1001000 [01:22<01:53, 4998.00it/s]
  提取向量:  43%|████▎     | 434981/1001000 [01:23<01:52, 5016.96it/s]
  提取向量:  44%|████▎     | 435485/1001000 [01:23<01:52, 5017.87it/s]
  提取向量:  44%|████▎     | 435987/1001000 [01:23<01:52, 5004.40it/s]
  提取向量:  44%|████▎     | 436523/1001000 [01:23<01:50, 5106.24it/s]
  提取向量:  44%|████▎     | 437034/1001000 [01:23<01:50, 5088.23it/s]
  提取向量:  44%|████▎     | 437545/1001000 [01:23<01:50, 5088.83it/s]
  提取向量:  44%|████▍     | 438065/1001000 [01:23<01:50, 5115.52it/s]
  提取向量:  44%|████▍     | 438577/1001000 [01:23<01:50, 5070.71it/s]
  提取向量:  44%|████▍     | 439100/1001000 [01:23<01:50, 5103.25it/s]
  提取向量:  44%|████▍     | 439611/1001000 [01:24<01:51, 5039.93it/s]
  提取向量:  44%|████▍     | 440118/1001000 [01:24<01:51, 5046.68it/s]
  提取向量:  44%|████▍     | 440623/1001000 [01:24<01:51, 5022.44it/s]
  提取向量:  44%|████▍     | 441169/1001000 [01:24<01:49, 5135.81it/s]
  提取向量:  44%|████▍     | 441696/1001000 [01:24<01:48, 5158.50it/s]
  提取向量:  44%|████▍     | 442212/1001000 [01:24<01:49, 5085.91it/s]
  提取向量:  44%|████▍     | 442733/1001000 [01:24<01:49, 5112.23it/s]
  提取向量:  44%|████▍     | 443245/1001000 [01:24<01:49, 5093.13it/s]
  提取向量:  44%|████▍     | 443755/1001000 [01:24<01:50, 5042.85it/s]
  提取向量:  44%|████▍     | 444260/1001000 [01:24<01:50, 5017.47it/s]
  提取向量:  44%|████▍     | 444778/1001000 [01:25<01:49, 5064.14it/s]
  提取向量:  44%|████▍     | 445321/1001000 [01:25<01:47, 5157.66it/s]
  提取向量:  45%|████▍     | 445841/1001000 [01:25<01:47, 5160.66it/s]
  提取向量:  45%|████▍     | 446358/1001000 [01:25<01:50, 5041.30it/s]
  提取向量:  45%|████▍     | 446876/1001000 [01:25<01:49, 5073.11it/s]
  提取向量:  45%|████▍     | 447384/1001000 [01:25<01:49, 5070.23it/s]
  提取向量:  45%|████▍     | 447892/1001000 [01:25<01:49, 5029.92it/s]
  提取向量:  45%|████▍     | 448407/1001000 [01:25<01:49, 5058.68it/s]
  提取向量:  45%|████▍     | 448914/1001000 [01:25<01:49, 5035.54it/s]
  提取向量:  45%|████▍     | 449418/1001000 [01:25<01:50, 5008.48it/s]
  提取向量:  45%|████▍     | 449919/1001000 [01:26<01:51, 4954.40it/s]
  提取向量:  45%|████▍     | 450415/1001000 [01:26<01:52, 4909.94it/s]
  提取向量:  45%|████▌     | 450907/1001000 [01:26<01:52, 4897.89it/s]
  提取向量:  45%|████▌     | 451401/1001000 [01:26<01:52, 4906.51it/s]
  提取向量:  45%|████▌     | 451892/1001000 [01:26<01:52, 4897.95it/s]
  提取向量:  45%|████▌     | 452383/1001000 [01:26<01:52, 4896.41it/s]
  提取向量:  45%|████▌     | 452894/1001000 [01:26<01:50, 4947.59it/s]
  提取向量:  45%|████▌     | 453389/1001000 [01:26<01:51, 4910.20it/s]
  提取向量:  45%|████▌     | 453881/1001000 [01:26<01:51, 4905.98it/s]
  提取向量:  45%|████▌     | 454393/1001000 [01:26<01:50, 4958.79it/s]
  提取向量:  45%|████▌     | 454889/1001000 [01:27<01:51, 4903.16it/s]
  提取向量:  45%|████▌     | 455383/1001000 [01:27<01:51, 4900.68it/s]
  提取向量:  46%|████▌     | 455874/1001000 [01:27<01:51, 4881.79it/s]
  提取向量:  46%|████▌     | 456363/1001000 [01:27<01:52, 4856.27it/s]
  提取向量:  46%|████▌     | 456849/1001000 [01:27<01:52, 4831.49it/s]
  提取向量:  46%|████▌     | 457333/1001000 [01:27<01:53, 4802.34it/s]
  提取向量:  46%|████▌     | 457840/1001000 [01:27<01:51, 4866.89it/s]
  提取向量:  46%|████▌     | 458347/1001000 [01:27<01:50, 4914.37it/s]
  提取向量:  46%|████▌     | 458845/1001000 [01:27<01:49, 4930.98it/s]
  提取向量:  46%|████▌     | 459368/1001000 [01:27<01:48, 5014.19it/s]
  提取向量:  46%|████▌     | 459885/1001000 [01:28<01:46, 5057.47it/s]
  提取向量:  46%|████▌     | 460407/1001000 [01:28<01:45, 5105.56it/s]
  提取向量:  46%|████▌     | 460918/1001000 [01:28<01:46, 5071.32it/s]
  提取向量:  46%|████▌     | 461426/1001000 [01:28<01:48, 4994.90it/s]
  提取向量:  46%|████▌     | 461926/1001000 [01:28<01:48, 4974.81it/s]
  提取向量:  46%|████▌     | 462424/1001000 [01:28<01:49, 4939.97it/s]
  提取向量:  46%|████▌     | 462926/1001000 [01:28<01:48, 4953.24it/s]
  提取向量:  46%|████▋     | 463422/1001000 [01:28<01:49, 4930.73it/s]
  提取向量:  46%|████▋     | 463916/1001000 [01:28<01:49, 4903.67it/s]
  提取向量:  46%|████▋     | 464407/1001000 [01:28<01:51, 4824.13it/s]
  提取向量:  46%|████▋     | 464910/1001000 [01:29<01:49, 4882.57it/s]
  提取向量:  46%|████▋     | 465399/1001000 [01:29<01:49, 4882.57it/s]
  提取向量:  47%|████▋     | 465888/1001000 [01:29<01:50, 4847.33it/s]
  提取向量:  47%|████▋     | 466375/1001000 [01:29<01:50, 4848.39it/s]
  提取向量:  47%|████▋     | 466880/1001000 [01:29<01:49, 4895.35it/s]
  提取向量:  47%|████▋     | 467370/1001000 [01:29<01:49, 4880.52it/s]
  提取向量:  47%|████▋     | 467892/1001000 [01:29<01:47, 4974.63it/s]
  提取向量:  47%|████▋     | 468390/1001000 [01:29<01:47, 4963.66it/s]
  提取向量:  47%|████▋     | 468887/1001000 [01:29<01:48, 4909.65it/s]
  提取向量:  47%|████▋     | 469417/1001000 [01:30<01:45, 5018.97it/s]
  提取向量:  47%|████▋     | 469923/1001000 [01:30<01:45, 5020.87it/s]
  提取向量:  47%|████▋     | 470426/1001000 [01:30<01:46, 4968.68it/s]
  提取向量:  47%|████▋     | 470924/1001000 [01:30<01:46, 4961.03it/s]
  提取向量:  47%|████▋     | 471421/1001000 [01:30<01:48, 4876.90it/s]
  提取向量:  47%|████▋     | 471934/1001000 [01:30<01:46, 4949.96it/s]
  提取向量:  47%|████▋     | 472430/1001000 [01:30<01:47, 4937.11it/s]
  提取向量:  47%|████▋     | 472941/1001000 [01:30<01:45, 4984.73it/s]
  提取向量:  47%|████▋     | 473469/1001000 [01:30<01:44, 5062.36it/s]
  提取向量:  47%|████▋     | 473976/1001000 [01:30<01:45, 5006.33it/s]
  提取向量:  47%|████▋     | 474477/1001000 [01:31<01:45, 4971.51it/s]
  提取向量:  47%|████▋     | 474976/1001000 [01:31<01:45, 4968.57it/s]
  提取向量:  48%|████▊     | 475482/1001000 [01:31<01:45, 4994.10it/s]
  提取向量:  48%|████▊     | 475991/1001000 [01:31<01:44, 5008.17it/s]
  提取向量:  48%|████▊     | 476492/1001000 [01:31<01:45, 4987.53it/s]
  提取向量:  48%|████▊     | 476991/1001000 [01:31<01:45, 4977.91it/s]
  提取向量:  48%|████▊     | 477489/1001000 [01:31<01:45, 4974.01it/s]
  提取向量:  48%|████▊     | 477998/1001000 [01:31<01:44, 5001.01it/s]
  提取向量:  48%|████▊     | 478499/1001000 [01:31<01:46, 4898.91it/s]
  提取向量:  48%|████▊     | 478990/1001000 [01:31<01:46, 4898.05it/s]
  提取向量:  48%|████▊     | 479495/1001000 [01:32<01:45, 4942.22it/s]
  提取向量:  48%|████▊     | 480010/1001000 [01:32<01:44, 4998.05it/s]
  提取向量:  48%|████▊     | 480511/1001000 [01:32<01:44, 4961.90it/s]
  提取向量:  48%|████▊     | 481014/1001000 [01:32<01:44, 4968.82it/s]
  提取向量:  48%|████▊     | 481514/1001000 [01:32<01:44, 4964.42it/s]
  提取向量:  48%|████▊     | 482020/1001000 [01:32<01:44, 4988.55it/s]
  提取向量:  48%|████▊     | 482519/1001000 [01:32<01:44, 4960.46it/s]
  提取向量:  48%|████▊     | 483016/1001000 [01:32<01:46, 4877.92it/s]
  提取向量:  48%|████▊     | 483505/1001000 [01:32<01:47, 4836.08it/s]
  提取向量:  48%|████▊     | 483993/1001000 [01:32<01:46, 4839.74it/s]
  提取向量:  48%|████▊     | 484484/1001000 [01:33<01:46, 4853.47it/s]
  提取向量:  48%|████▊     | 484983/1001000 [01:33<01:45, 4892.51it/s]
  提取向量:  49%|████▊     | 485511/1001000 [01:33<01:43, 4992.10it/s]
  提取向量:  49%|████▊     | 486011/1001000 [01:33<01:43, 4966.02it/s]
  提取向量:  49%|████▊     | 486508/1001000 [01:33<01:45, 4889.57it/s]
  提取向量:  49%|████▊     | 487014/1001000 [01:33<01:44, 4936.95it/s]
  提取向量:  49%|████▊     | 487508/1001000 [01:33<01:43, 4937.83it/s]
  提取向量:  49%|████▉     | 488002/1001000 [01:33<01:44, 4912.47it/s]
  提取向量:  49%|████▉     | 488494/1001000 [01:33<01:45, 4870.55it/s]
  提取向量:  49%|████▉     | 489012/1001000 [01:33<01:43, 4951.80it/s]
  提取向量:  49%|████▉     | 489508/1001000 [01:34<01:43, 4936.58it/s]
  提取向量:  49%|████▉     | 490002/1001000 [01:34<01:43, 4926.94it/s]
  提取向量:  49%|████▉     | 490507/1001000 [01:34<01:42, 4956.87it/s]
  提取向量:  49%|████▉     | 491003/1001000 [01:34<01:43, 4919.16it/s]
  提取向量:  49%|████▉     | 491496/1001000 [01:34<01:43, 4907.07it/s]
  提取向量:  49%|████▉     | 491987/1001000 [01:34<01:44, 4878.13it/s]
  提取向量:  49%|████▉     | 492475/1001000 [01:34<01:45, 4831.65it/s]
  提取向量:  49%|████▉     | 492959/1001000 [01:34<01:46, 4785.69it/s]
  提取向量:  49%|████▉     | 493438/1001000 [01:34<01:47, 4727.90it/s]
  提取向量:  49%|████▉     | 493918/1001000 [01:34<01:46, 4744.85it/s]
  提取向量:  49%|████▉     | 494425/1001000 [01:35<01:44, 4837.97it/s]
  提取向量:  49%|████▉     | 494919/1001000 [01:35<01:44, 4862.57it/s]
  提取向量:  49%|████▉     | 495434/1001000 [01:35<01:42, 4943.13it/s]
  提取向量:  50%|████▉     | 495929/1001000 [01:35<01:43, 4859.44it/s]
  提取向量:  50%|████▉     | 496423/1001000 [01:35<01:43, 4877.89it/s]
  提取向量:  50%|████▉     | 496934/1001000 [01:35<01:41, 4945.97it/s]
  提取向量:  50%|████▉     | 497429/1001000 [01:35<01:42, 4897.84it/s]
  提取向量:  50%|████▉     | 497929/1001000 [01:35<01:42, 4924.95it/s]
  提取向量:  50%|████▉     | 498423/1001000 [01:35<01:42, 4920.15it/s]
  提取向量:  50%|████▉     | 498916/1001000 [01:35<01:42, 4915.51it/s]
  提取向量:  50%|████▉     | 499408/1001000 [01:36<01:43, 4844.82it/s]
  提取向量:  50%|████▉     | 499905/1001000 [01:36<01:42, 4880.63it/s]
  提取向量:  50%|████▉     | 500430/1001000 [01:36<01:40, 4980.83it/s]
  提取向量:  50%|█████     | 500929/1001000 [01:36<01:41, 4925.05it/s]
  提取向量:  50%|█████     | 501422/1001000 [01:36<01:42, 4853.96it/s]
  提取向量:  50%|█████     | 501915/1001000 [01:36<01:42, 4873.79it/s]
  提取向量:  50%|█████     | 502411/1001000 [01:36<01:41, 4888.44it/s]
  提取向量:  50%|█████     | 502910/1001000 [01:36<01:41, 4913.15it/s]
  提取向量:  50%|█████     | 503402/1001000 [01:36<01:41, 4890.85it/s]
  提取向量:  50%|█████     | 503892/1001000 [01:37<01:43, 4800.48it/s]
  提取向量:  50%|█████     | 504373/1001000 [01:37<01:44, 4762.48it/s]
  提取向量:  50%|█████     | 504888/1001000 [01:37<01:42, 4863.34it/s]
  提取向量:  50%|█████     | 505396/1001000 [01:37<01:40, 4925.90it/s]
  提取向量:  51%|█████     | 505893/1001000 [01:37<01:40, 4922.24it/s]
  提取向量:  51%|█████     | 506405/1001000 [01:37<01:39, 4976.61it/s]
  提取向量:  51%|█████     | 506903/1001000 [01:37<01:39, 4965.37it/s]
  提取向量:  51%|█████     | 507400/1001000 [01:37<01:40, 4904.74it/s]
  提取向量:  51%|█████     | 507902/1001000 [01:37<01:39, 4931.94it/s]
  提取向量:  51%|█████     | 508399/1001000 [01:37<01:39, 4938.35it/s]
  提取向量:  51%|█████     | 508900/1001000 [01:38<01:39, 4945.69it/s]
  提取向量:  51%|█████     | 509401/1001000 [01:38<01:39, 4957.33it/s]
  提取向量:  51%|█████     | 509902/1001000 [01:38<01:39, 4957.27it/s]
  提取向量:  51%|█████     | 510398/1001000 [01:38<01:39, 4928.04it/s]
  提取向量:  51%|█████     | 510891/1001000 [01:38<01:41, 4833.11it/s]
  提取向量:  51%|█████     | 511379/1001000 [01:38<01:41, 4842.92it/s]
  提取向量:  51%|█████     | 511866/1001000 [01:38<01:40, 4847.09it/s]
  提取向量:  51%|█████     | 512367/1001000 [01:38<01:39, 4890.41it/s]
  提取向量:  51%|█████     | 512857/1001000 [01:38<01:43, 4720.36it/s]
  提取向量:  51%|█████▏    | 513331/1001000 [01:38<01:44, 4681.02it/s]
  提取向量:  51%|█████▏    | 513816/1001000 [01:39<01:43, 4729.77it/s]
  提取向量:  51%|█████▏    | 514308/1001000 [01:39<01:41, 4774.39it/s]
  提取向量:  51%|█████▏    | 514827/1001000 [01:39<01:39, 4889.73it/s]
  提取向量:  51%|█████▏    | 515317/1001000 [01:39<01:39, 4867.25it/s]
  提取向量:  52%|█████▏    | 515805/1001000 [01:39<01:39, 4863.68it/s]
  提取向量:  52%|█████▏    | 516305/1001000 [01:39<01:38, 4897.16it/s]
  提取向量:  52%|█████▏    | 516800/1001000 [01:39<01:38, 4906.97it/s]
  提取向量:  52%|█████▏    | 517291/1001000 [01:39<01:38, 4890.07it/s]
  提取向量:  52%|█████▏    | 517781/1001000 [01:39<01:39, 4837.77it/s]
  提取向量:  52%|█████▏    | 518267/1001000 [01:39<01:39, 4833.07it/s]
  提取向量:  52%|█████▏    | 518770/1001000 [01:40<01:38, 4888.36it/s]
  提取向量:  52%|█████▏    | 519259/1001000 [01:40<01:39, 4821.13it/s]
  提取向量:  52%|█████▏    | 519761/1001000 [01:40<01:38, 4873.58it/s]
  提取向量:  52%|█████▏    | 520249/1001000 [01:40<01:39, 4829.85it/s]
  提取向量:  52%|█████▏    | 520738/1001000 [01:40<01:39, 4843.51it/s]
  提取向量:  52%|█████▏    | 521235/1001000 [01:40<01:38, 4876.40it/s]
  提取向量:  52%|█████▏    | 521723/1001000 [01:40<01:38, 4866.91it/s]
  提取向量:  52%|█████▏    | 522210/1001000 [01:40<01:38, 4862.47it/s]
  提取向量:  52%|█████▏    | 522701/1001000 [01:40<01:38, 4865.37it/s]
  提取向量:  52%|█████▏    | 523188/1001000 [01:40<01:38, 4850.31it/s]
  提取向量:  52%|█████▏    | 523675/1001000 [01:41<01:38, 4842.62it/s]
  提取向量:  52%|█████▏    | 524160/1001000 [01:41<01:38, 4844.08it/s]
  提取向量:  52%|█████▏    | 524662/1001000 [01:41<01:37, 4891.61it/s]
  提取向量:  52%|█████▏    | 525160/1001000 [01:41<01:37, 4902.99it/s]
  提取向量:  53%|█████▎    | 525678/1001000 [01:41<01:35, 4966.67it/s]
  提取向量:  53%|█████▎    | 526175/1001000 [01:41<01:37, 4860.83it/s]
  提取向量:  53%|█████▎    | 526662/1001000 [01:41<01:37, 4858.29it/s]
  提取向量:  53%|█████▎    | 527149/1001000 [01:41<01:38, 4795.90it/s]
  提取向量:  53%|█████▎    | 527629/1001000 [01:41<01:39, 4761.18it/s]
  提取向量:  53%|█████▎    | 528106/1001000 [01:42<01:39, 4744.50it/s]
  提取向量:  53%|█████▎    | 528581/1001000 [01:42<01:39, 4746.03it/s]
  提取向量:  53%|█████▎    | 529071/1001000 [01:42<01:38, 4784.71it/s]
  提取向量:  53%|█████▎    | 529562/1001000 [01:42<01:37, 4816.78it/s]
  提取向量:  53%|█████▎    | 530044/1001000 [01:42<01:38, 4773.33it/s]
  提取向量:  53%|█████▎    | 530522/1001000 [01:42<01:38, 4767.87it/s]
  提取向量:  53%|█████▎    | 530999/1001000 [01:42<01:38, 4757.18it/s]
  提取向量:  53%|█████▎    | 531475/1001000 [01:42<01:38, 4753.08it/s]
  提取向量:  53%|█████▎    | 531951/1001000 [01:42<01:38, 4752.30it/s]
  提取向量:  53%|█████▎    | 532427/1001000 [01:42<01:39, 4708.38it/s]
  提取向量:  53%|█████▎    | 532898/1001000 [01:43<01:39, 4705.86it/s]
  提取向量:  53%|█████▎    | 533381/1001000 [01:43<01:38, 4738.72it/s]
  提取向量:  53%|█████▎    | 533855/1001000 [01:43<01:38, 4738.50it/s]
  提取向量:  53%|█████▎    | 534331/1001000 [01:43<01:38, 4730.91it/s]
  提取向量:  53%|█████▎    | 534805/1001000 [01:43<01:38, 4732.54it/s]
  提取向量:  53%|█████▎    | 535308/1001000 [01:43<01:36, 4810.56it/s]
  提取向量:  54%|█████▎    | 535805/1001000 [01:43<01:35, 4847.95it/s]
  提取向量:  54%|█████▎    | 536290/1001000 [01:43<01:35, 4845.29it/s]
  提取向量:  54%|█████▎    | 536775/1001000 [01:43<01:35, 4840.43it/s]
  提取向量:  54%|█████▎    | 537281/1001000 [01:43<01:34, 4898.50it/s]
  提取向量:  54%|█████▎    | 537771/1001000 [01:44<01:35, 4869.75it/s]
  提取向量:  54%|█████▍    | 538259/1001000 [01:44<01:36, 4771.28it/s]
  提取向量:  54%|█████▍    | 538769/1001000 [01:44<01:35, 4863.96it/s]
  提取向量:  54%|█████▍    | 539256/1001000 [01:44<01:36, 4803.83it/s]
  提取向量:  54%|█████▍    | 539737/1001000 [01:44<01:36, 4796.13it/s]
  提取向量:  54%|█████▍    | 540217/1001000 [01:44<01:37, 4741.17it/s]
  提取向量:  54%|█████▍    | 540692/1001000 [01:44<01:37, 4739.66it/s]
  提取向量:  54%|█████▍    | 541167/1001000 [01:44<01:37, 4698.68it/s]
  提取向量:  54%|█████▍    | 541647/1001000 [01:44<01:37, 4715.58it/s]
  提取向量:  54%|█████▍    | 542124/1001000 [01:44<01:37, 4721.25it/s]
  提取向量:  54%|█████▍    | 542597/1001000 [01:45<01:38, 4656.06it/s]
  提取向量:  54%|█████▍    | 543063/1001000 [01:45<01:38, 4640.81it/s]
  提取向量:  54%|█████▍    | 543533/1001000 [01:45<01:38, 4656.95it/s]
  提取向量:  54%|█████▍    | 544030/1001000 [01:45<01:36, 4740.03it/s]
  提取向量:  54%|█████▍    | 544535/1001000 [01:45<01:34, 4831.70it/s]
  提取向量:  54%|█████▍    | 545019/1001000 [01:45<01:35, 4788.90it/s]
  提取向量:  54%|█████▍    | 545499/1001000 [01:45<01:35, 4791.98it/s]
  提取向量:  55%|█████▍    | 545998/1001000 [01:45<01:34, 4834.54it/s]
  提取向量:  55%|█████▍    | 546492/1001000 [01:45<01:33, 4862.20it/s]
  提取向量:  55%|█████▍    | 546979/1001000 [01:45<01:33, 4845.20it/s]
  提取向量:  55%|█████▍    | 547464/1001000 [01:46<01:34, 4804.82it/s]
  提取向量:  55%|█████▍    | 547945/1001000 [01:46<01:35, 4752.09it/s]
  提取向量:  55%|█████▍    | 548423/1001000 [01:46<01:35, 4755.16it/s]
  提取向量:  55%|█████▍    | 548921/1001000 [01:46<01:34, 4808.47it/s]
  提取向量:  55%|█████▍    | 549402/1001000 [01:46<01:35, 4753.43it/s]
  提取向量:  55%|█████▍    | 549878/1001000 [01:46<01:35, 4715.82it/s]
  提取向量:  55%|█████▍    | 550355/1001000 [01:46<01:35, 4722.46it/s]
  提取向量:  55%|█████▌    | 550845/1001000 [01:46<01:34, 4762.15it/s]
  提取向量:  55%|█████▌    | 551322/1001000 [01:46<01:34, 4752.01it/s]
  提取向量:  55%|█████▌    | 551802/1001000 [01:46<01:34, 4756.37it/s]
  提取向量:  55%|█████▌    | 552280/1001000 [01:47<01:34, 4761.45it/s]
  提取向量:  55%|█████▌    | 552775/1001000 [01:47<01:33, 4807.61it/s]
  提取向量:  55%|█████▌    | 553278/1001000 [01:47<01:32, 4860.65it/s]
  提取向量:  55%|█████▌    | 553765/1001000 [01:47<01:32, 4829.56it/s]
  提取向量:  55%|█████▌    | 554254/1001000 [01:47<01:32, 4832.63it/s]
  提取向量:  55%|█████▌    | 554738/1001000 [01:47<01:32, 4806.54it/s]
  提取向量:  55%|█████▌    | 555232/1001000 [01:47<01:32, 4834.12it/s]
  提取向量:  56%|█████▌    | 555716/1001000 [01:47<01:33, 4762.00it/s]
  提取向量:  56%|█████▌    | 556193/1001000 [01:47<01:34, 4719.12it/s]
  提取向量:  56%|█████▌    | 556676/1001000 [01:47<01:33, 4744.47it/s]
  提取向量:  56%|█████▌    | 557166/1001000 [01:48<01:32, 4790.29it/s]
  提取向量:  56%|█████▌    | 557665/1001000 [01:48<01:31, 4846.40it/s]
  提取向量:  56%|█████▌    | 558150/1001000 [01:48<01:31, 4834.26it/s]
  提取向量:  56%|█████▌    | 558634/1001000 [01:48<01:31, 4812.48it/s]
  提取向量:  56%|█████▌    | 559119/1001000 [01:48<01:31, 4813.27it/s]
  提取向量:  56%|█████▌    | 559601/1001000 [01:48<01:32, 4779.82it/s]
  提取向量:  56%|█████▌    | 560084/1001000 [01:48<01:32, 4790.01it/s]
  提取向量:  56%|█████▌    | 560564/1001000 [01:48<01:32, 4771.00it/s]
  提取向量:  56%|█████▌    | 561045/1001000 [01:48<01:32, 4774.34it/s]
  提取向量:  56%|█████▌    | 561528/1001000 [01:48<01:31, 4788.61it/s]
  提取向量:  56%|█████▌    | 562007/1001000 [01:49<01:32, 4747.65it/s]
  提取向量:  56%|█████▌    | 562482/1001000 [01:49<01:33, 4679.74it/s]
  提取向量:  56%|█████▌    | 562951/1001000 [01:49<01:34, 4637.00it/s]
  提取向量:  56%|█████▋    | 563424/1001000 [01:49<01:33, 4661.86it/s]
  提取向量:  56%|█████▋    | 563901/1001000 [01:49<01:33, 4691.10it/s]
  提取向量:  56%|█████▋    | 564371/1001000 [01:49<01:33, 4685.39it/s]
  提取向量:  56%|█████▋    | 564841/1001000 [01:49<01:33, 4687.37it/s]
  提取向量:  56%|█████▋    | 565314/1001000 [01:49<01:32, 4688.00it/s]
  提取向量:  57%|█████▋    | 565785/1001000 [01:49<01:32, 4683.93it/s]
  提取向量:  57%|█████▋    | 566254/1001000 [01:50<01:32, 4678.48it/s]
  提取向量:  57%|█████▋    | 566756/1001000 [01:50<01:31, 4767.99it/s]
  提取向量:  57%|█████▋    | 567244/1001000 [01:50<01:30, 4793.94it/s]
  提取向量:  57%|█████▋    | 567724/1001000 [01:50<01:30, 4794.71it/s]
  提取向量:  57%|█████▋    | 568204/1001000 [01:50<01:31, 4735.86it/s]
  提取向量:  57%|█████▋    | 568678/1001000 [01:50<01:32, 4666.76it/s]
  提取向量:  57%|█████▋    | 569145/1001000 [01:50<01:34, 4576.59it/s]
  提取向量:  57%|█████▋    | 569624/1001000 [01:50<01:33, 4636.32it/s]
  提取向量:  57%|█████▋    | 570103/1001000 [01:50<01:32, 4667.41it/s]
  提取向量:  57%|█████▋    | 570613/1001000 [01:50<01:29, 4785.26it/s]
  提取向量:  57%|█████▋    | 571093/1001000 [01:51<01:29, 4778.00it/s]
  提取向量:  57%|█████▋    | 571572/1001000 [01:51<01:31, 4680.15it/s]
  提取向量:  57%|█████▋    | 572081/1001000 [01:51<01:29, 4791.34it/s]
  提取向量:  57%|█████▋    | 572567/1001000 [01:51<01:29, 4804.15it/s]
  提取向量:  57%|█████▋    | 573048/1001000 [01:51<01:29, 4793.36it/s]
  提取向量:  57%|█████▋    | 573528/1001000 [01:51<01:30, 4726.42it/s]
  提取向量:  57%|█████▋    | 574006/1001000 [01:51<01:30, 4737.83it/s]
  提取向量:  57%|█████▋    | 574481/1001000 [01:51<01:31, 4655.25it/s]
  提取向量:  57%|█████▋    | 574950/1001000 [01:51<01:31, 4651.65it/s]
  提取向量:  57%|█████▋    | 575430/1001000 [01:51<01:30, 4686.67it/s]
  提取向量:  58%|█████▊    | 575909/1001000 [01:52<01:30, 4714.94it/s]
  提取向量:  58%|█████▊    | 576381/1001000 [01:52<01:31, 4651.53it/s]
  提取向量:  58%|█████▊    | 576860/1001000 [01:52<01:30, 4676.46it/s]
  提取向量:  58%|█████▊    | 577328/1001000 [01:52<01:31, 4648.24it/s]
  提取向量:  58%|█████▊    | 577793/1001000 [01:52<01:31, 4628.84it/s]
  提取向量:  58%|█████▊    | 578256/1001000 [01:52<01:33, 4543.21it/s]
  提取向量:  58%|█████▊    | 578713/1001000 [01:52<01:32, 4544.66it/s]
  提取向量:  58%|█████▊    | 579170/1001000 [01:52<01:32, 4550.22it/s]
  提取向量:  58%|█████▊    | 579626/1001000 [01:52<01:33, 4509.53it/s]
  提取向量:  58%|█████▊    | 580078/1001000 [01:53<01:41, 4136.38it/s]
  提取向量:  58%|█████▊    | 580498/1001000 [01:53<01:44, 4011.12it/s]
  提取向量:  58%|█████▊    | 580904/1001000 [01:53<01:46, 3940.13it/s]
  提取向量:  58%|█████▊    | 581301/1001000 [01:53<01:47, 3905.32it/s]
  提取向量:  58%|█████▊    | 581701/1001000 [01:53<01:46, 3922.36it/s]
  提取向量:  58%|█████▊    | 582137/1001000 [01:53<01:43, 4037.81it/s]
  提取向量:  58%|█████▊    | 582575/1001000 [01:53<01:41, 4125.31it/s]
  提取向量:  58%|█████▊    | 583056/1001000 [01:53<01:36, 4316.18it/s]
  提取向量:  58%|█████▊    | 583537/1001000 [01:53<01:33, 4461.46it/s]
  提取向量:  58%|█████▊    | 584023/1001000 [01:53<01:31, 4575.35it/s]
  提取向量:  58%|█████▊    | 584485/1001000 [01:54<01:30, 4577.15it/s]
  提取向量:  58%|█████▊    | 584951/1001000 [01:54<01:30, 4585.38it/s]
  提取向量:  58%|█████▊    | 585416/1001000 [01:54<01:30, 4593.28it/s]
  提取向量:  59%|█████▊    | 585883/1001000 [01:54<01:30, 4611.89it/s]
  提取向量:  59%|█████▊    | 586368/1001000 [01:54<01:28, 4662.90it/s]
  提取向量:  59%|█████▊    | 586835/1001000 [01:54<01:33, 4424.26it/s]
  提取向量:  59%|█████▊    | 587280/1001000 [01:54<01:34, 4355.35it/s]
  提取向量:  59%|█████▊    | 587755/1001000 [01:54<01:32, 4452.92it/s]
  提取向量:  59%|█████▉    | 588234/1001000 [01:54<01:30, 4547.39it/s]
  提取向量:  59%|█████▉    | 588698/1001000 [01:54<01:30, 4573.01it/s]
  提取向量:  59%|█████▉    | 589177/1001000 [01:55<01:29, 4625.77it/s]
  提取向量:  59%|█████▉    | 589647/1001000 [01:55<01:28, 4643.86it/s]
  提取向量:  59%|█████▉    | 590112/1001000 [01:55<01:30, 4533.48it/s]
  提取向量:  59%|█████▉    | 590584/1001000 [01:55<01:29, 4583.64it/s]
  提取向量:  59%|█████▉    | 591049/1001000 [01:55<01:29, 4593.48it/s]
  提取向量:  59%|█████▉    | 591526/1001000 [01:55<01:28, 4642.16it/s]
  提取向量:  59%|█████▉    | 592000/1001000 [01:55<01:27, 4659.41it/s]
  提取向量:  59%|█████▉    | 592476/1001000 [01:55<01:27, 4674.55it/s]
  提取向量:  59%|█████▉    | 592966/1001000 [01:55<01:26, 4730.72it/s]
  提取向量:  59%|█████▉    | 593442/1001000 [01:55<01:26, 4737.09it/s]
  提取向量:  59%|█████▉    | 593916/1001000 [01:56<01:27, 4665.08it/s]
  提取向量:  59%|█████▉    | 594389/1001000 [01:56<01:26, 4677.03it/s]
  提取向量:  59%|█████▉    | 594871/1001000 [01:56<01:26, 4717.49it/s]
  提取向量:  59%|█████▉    | 595343/1001000 [01:56<01:26, 4715.87it/s]
  提取向量:  60%|█████▉    | 595834/1001000 [01:56<01:24, 4768.55it/s]
  提取向量:  60%|█████▉    | 596343/1001000 [01:56<01:23, 4858.55it/s]
  提取向量:  60%|█████▉    | 596831/1001000 [01:56<01:23, 4858.84it/s]
  提取向量:  60%|█████▉    | 597317/1001000 [01:56<01:23, 4819.56it/s]
  提取向量:  60%|█████▉    | 597800/1001000 [01:56<01:24, 4747.02it/s]
  提取向量:  60%|█████▉    | 598275/1001000 [01:56<01:25, 4704.47it/s]
  提取向量:  60%|█████▉    | 598746/1001000 [01:57<01:25, 4692.30it/s]
  提取向量:  60%|█████▉    | 599230/1001000 [01:57<01:24, 4732.52it/s]
  提取向量:  60%|█████▉    | 599712/1001000 [01:57<01:24, 4744.32it/s]
  提取向量:  60%|█████▉    | 600199/1001000 [01:57<01:23, 4775.25it/s]
  提取向量:  60%|██████    | 600677/1001000 [01:57<01:23, 4767.38it/s]
  提取向量:  60%|██████    | 601154/1001000 [01:57<01:23, 4763.80it/s]
  提取向量:  60%|██████    | 601631/1001000 [01:57<01:24, 4718.20it/s]
  提取向量:  60%|██████    | 602114/1001000 [01:57<01:24, 4735.46it/s]
  提取向量:  60%|██████    | 602588/1001000 [01:57<01:27, 4572.71it/s]
  提取向量:  60%|██████    | 603047/1001000 [01:58<01:27, 4537.40it/s]
  提取向量:  60%|██████    | 603539/1001000 [01:58<01:25, 4642.18it/s]
  提取向量:  60%|██████    | 604015/1001000 [01:58<01:24, 4673.73it/s]
  提取向量:  60%|██████    | 604513/1001000 [01:58<01:23, 4753.29it/s]
  提取向量:  60%|██████    | 605015/1001000 [01:58<01:22, 4827.24it/s]
  提取向量:  60%|██████    | 605499/1001000 [01:58<01:22, 4813.21it/s]
  提取向量:  61%|██████    | 605981/1001000 [01:58<01:22, 4806.93it/s]
  提取向量:  61%|██████    | 606484/1001000 [01:58<01:21, 4867.97it/s]
  提取向量:  61%|██████    | 606974/1001000 [01:58<01:20, 4876.77it/s]
  提取向量:  61%|██████    | 607462/1001000 [01:58<01:20, 4870.12it/s]
  提取向量:  61%|██████    | 607962/1001000 [01:59<01:20, 4898.31it/s]
  提取向量:  61%|██████    | 608460/1001000 [01:59<01:19, 4920.34it/s]
  提取向量:  61%|██████    | 608961/1001000 [01:59<01:19, 4933.64it/s]
  提取向量:  61%|██████    | 609455/1001000 [01:59<01:19, 4933.09it/s]
  提取向量:  61%|██████    | 609949/1001000 [01:59<01:20, 4885.19it/s]
  提取向量:  61%|██████    | 610438/1001000 [01:59<01:20, 4822.98it/s]
  提取向量:  61%|██████    | 610937/1001000 [01:59<01:20, 4871.38it/s]
  提取向量:  61%|██████    | 611428/1001000 [01:59<01:20, 4868.64it/s]
  提取向量:  61%|██████    | 611946/1001000 [01:59<01:18, 4956.04it/s]
  提取向量:  61%|██████    | 612453/1001000 [01:59<01:17, 4985.56it/s]
  提取向量:  61%|██████    | 612952/1001000 [02:00<01:18, 4928.77it/s]
  提取向量:  61%|██████▏   | 613463/1001000 [02:00<01:17, 4973.06it/s]
  提取向量:  61%|██████▏   | 613968/1001000 [02:00<01:17, 4994.14it/s]
  提取向量:  61%|██████▏   | 614472/1001000 [02:00<01:17, 5003.72it/s]
  提取向量:  61%|██████▏   | 614973/1001000 [02:00<01:17, 4968.50it/s]
  提取向量:  61%|██████▏   | 615470/1001000 [02:00<01:19, 4859.21it/s]
  提取向量:  62%|██████▏   | 615964/1001000 [02:00<01:18, 4879.23it/s]
  提取向量:  62%|██████▏   | 616459/1001000 [02:00<01:18, 4896.86it/s]
  提取向量:  62%|██████▏   | 616950/1001000 [02:00<01:18, 4898.66it/s]
  提取向量:  62%|██████▏   | 617463/1001000 [02:00<01:17, 4964.34it/s]
  提取向量:  62%|██████▏   | 617975/1001000 [02:01<01:16, 4997.54it/s]
  提取向量:  62%|██████▏   | 618476/1001000 [02:01<01:16, 4996.19it/s]
  提取向量:  62%|██████▏   | 618990/1001000 [02:01<01:15, 5027.99it/s]
  提取向量:  62%|██████▏   | 619508/1001000 [02:01<01:15, 5064.13it/s]
  提取向量:  62%|██████▏   | 620015/1001000 [02:01<01:15, 5032.50it/s]
  提取向量:  62%|██████▏   | 620519/1001000 [02:01<01:15, 5034.48it/s]
  提取向量:  62%|██████▏   | 621023/1001000 [02:01<01:15, 5013.93it/s]
  提取向量:  62%|██████▏   | 621530/1001000 [02:01<01:15, 5027.67it/s]
  提取向量:  62%|██████▏   | 622033/1001000 [02:01<01:15, 5005.48it/s]
  提取向量:  62%|██████▏   | 622534/1001000 [02:01<01:16, 4979.45it/s]
  提取向量:  62%|██████▏   | 623032/1001000 [02:02<01:18, 4829.66it/s]
  提取向量:  62%|██████▏   | 623516/1001000 [02:02<01:18, 4826.27it/s]
  提取向量:  62%|██████▏   | 624022/1001000 [02:02<01:17, 4883.56it/s]
  提取向量:  62%|██████▏   | 624527/1001000 [02:02<01:16, 4922.34it/s]
  提取向量:  62%|██████▏   | 625035/1001000 [02:02<01:15, 4962.63it/s]
  提取向量:  62%|██████▏   | 625532/1001000 [02:02<01:15, 4964.59it/s]
  提取向量:  63%|██████▎   | 626042/1001000 [02:02<01:15, 4986.15it/s]
  提取向量:  63%|██████▎   | 626541/1001000 [02:02<01:15, 4960.74it/s]
  提取向量:  63%|██████▎   | 627041/1001000 [02:02<01:15, 4968.97it/s]
  提取向量:  63%|██████▎   | 627558/1001000 [02:02<01:14, 5017.71it/s]
  提取向量:  63%|██████▎   | 628060/1001000 [02:03<01:16, 4891.95it/s]
  提取向量:  63%|██████▎   | 628555/1001000 [02:03<01:16, 4892.38it/s]
  提取向量:  63%|██████▎   | 629057/1001000 [02:03<01:15, 4925.51it/s]
  提取向量:  63%|██████▎   | 629588/1001000 [02:03<01:13, 5026.81it/s]
  提取向量:  63%|██████▎   | 630104/1001000 [02:03<01:13, 5060.13it/s]
  提取向量:  63%|██████▎   | 630633/1001000 [02:03<01:12, 5116.49it/s]
  提取向量:  63%|██████▎   | 631145/1001000 [02:03<01:12, 5080.20it/s]
  提取向量:  63%|██████▎   | 631655/1001000 [02:03<01:12, 5075.54it/s]
  提取向量:  63%|██████▎   | 632163/1001000 [02:03<01:13, 5029.17it/s]
  提取向量:  63%|██████▎   | 632667/1001000 [02:04<01:14, 4975.89it/s]
  提取向量:  63%|██████▎   | 633165/1001000 [02:04<01:14, 4966.39it/s]
  提取向量:  63%|██████▎   | 633683/1001000 [02:04<01:13, 5020.47it/s]
  提取向量:  63%|██████▎   | 634186/1001000 [02:04<01:13, 4995.96it/s]
  提取向量:  63%|██████▎   | 634686/1001000 [02:04<01:13, 4975.61it/s]
  提取向量:  63%|██████▎   | 635187/1001000 [02:04<01:13, 4975.21it/s]
  提取向量:  64%|██████▎   | 635715/1001000 [02:04<01:12, 5050.07it/s]
  提取向量:  64%|██████▎   | 636221/1001000 [02:04<01:12, 5027.75it/s]
  提取向量:  64%|██████▎   | 636726/1001000 [02:04<01:12, 5031.44it/s]
  提取向量:  64%|██████▎   | 637230/1001000 [02:04<01:12, 5002.03it/s]
  提取向量:  64%|██████▎   | 637731/1001000 [02:05<01:12, 4978.18it/s]
  提取向量:  64%|██████▍   | 638229/1001000 [02:05<01:14, 4845.78it/s]
  提取向量:  64%|██████▍   | 638749/1001000 [02:05<01:13, 4936.58it/s]
  提取向量:  64%|██████▍   | 639253/1001000 [02:05<01:12, 4966.38it/s]
  提取向量:  64%|██████▍   | 639752/1001000 [02:05<01:12, 4965.15it/s]
  提取向量:  64%|██████▍   | 640252/1001000 [02:05<01:12, 4971.85it/s]
  提取向量:  64%|██████▍   | 640761/1001000 [02:05<01:12, 4991.44it/s]
  提取向量:  64%|██████▍   | 641276/1001000 [02:05<01:11, 5030.19it/s]
  提取向量:  64%|██████▍   | 641782/1001000 [02:05<01:11, 5037.80it/s]
  提取向量:  64%|██████▍   | 642321/1001000 [02:05<01:09, 5140.24it/s]
  提取向量:  64%|██████▍   | 642867/1001000 [02:06<01:08, 5226.76it/s]
  提取向量:  64%|██████▍   | 643390/1001000 [02:06<01:08, 5196.11it/s]
  提取向量:  64%|██████▍   | 643910/1001000 [02:06<01:09, 5155.61it/s]
  提取向量:  64%|██████▍   | 644426/1001000 [02:06<01:09, 5129.16it/s]
  提取向量:  64%|██████▍   | 644942/1001000 [02:06<01:09, 5127.16it/s]
  提取向量:  64%|██████▍   | 645466/1001000 [02:06<01:09, 5151.14it/s]
  提取向量:  65%|██████▍   | 645982/1001000 [02:06<01:09, 5139.55it/s]
  提取向量:  65%|██████▍   | 646496/1001000 [02:06<01:08, 5138.93it/s]
  提取向量:  65%|██████▍   | 647024/1001000 [02:06<01:08, 5179.72it/s]
  提取向量:  65%|██████▍   | 647552/1001000 [02:06<01:07, 5200.15it/s]
  提取向量:  65%|██████▍   | 648074/1001000 [02:07<01:08, 5187.95it/s]
  提取向量:  65%|██████▍   | 648598/1001000 [02:07<01:07, 5202.57it/s]
  提取向量:  65%|██████▍   | 649130/1001000 [02:07<01:07, 5233.40it/s]
  提取向量:  65%|██████▍   | 649660/1001000 [02:07<01:07, 5243.85it/s]
  提取向量:  65%|██████▍   | 650185/1001000 [02:07<01:07, 5223.53it/s]
  提取向量:  65%|██████▌   | 650729/1001000 [02:07<01:06, 5276.61it/s]
  提取向量:  65%|██████▌   | 651257/1001000 [02:07<01:06, 5270.79it/s]
  提取向量:  65%|██████▌   | 651785/1001000 [02:07<01:06, 5270.51it/s]
  提取向量:  65%|██████▌   | 652313/1001000 [02:07<01:06, 5246.44it/s]
  提取向量:  65%|██████▌   | 652838/1001000 [02:07<01:06, 5236.40it/s]
  提取向量:  65%|██████▌   | 653364/1001000 [02:08<01:06, 5226.82it/s]
  提取向量:  65%|██████▌   | 653887/1001000 [02:08<01:06, 5224.97it/s]
  提取向量:  65%|██████▌   | 654410/1001000 [02:08<01:06, 5202.21it/s]
  提取向量:  65%|██████▌   | 654941/1001000 [02:08<01:06, 5223.20it/s]
  提取向量:  65%|██████▌   | 655464/1001000 [02:08<01:08, 5068.91it/s]
  提取向量:  66%|██████▌   | 656015/1001000 [02:08<01:06, 5193.50it/s]
  提取向量:  66%|██████▌   | 656549/1001000 [02:08<01:05, 5233.23it/s]
  提取向量:  66%|██████▌   | 657084/1001000 [02:08<01:05, 5264.93it/s]
  提取向量:  66%|██████▌   | 657621/1001000 [02:08<01:05, 5280.60it/s]
  提取向量:  66%|██████▌   | 658150/1001000 [02:08<01:05, 5202.01it/s]
  提取向量:  66%|██████▌   | 658671/1001000 [02:09<01:06, 5171.51it/s]
  提取向量:  66%|██████▌   | 659226/1001000 [02:09<01:04, 5267.63it/s]
  提取向量:  66%|██████▌   | 659754/1001000 [02:09<01:05, 5242.11it/s]
  提取向量:  66%|██████▌   | 660279/1001000 [02:09<01:05, 5211.61it/s]
  提取向量:  66%|██████▌   | 660801/1001000 [02:09<01:05, 5189.07it/s]
  提取向量:  66%|██████▌   | 661330/1001000 [02:09<01:05, 5214.98it/s]
  提取向量:  66%|██████▌   | 661852/1001000 [02:09<01:05, 5215.41it/s]
  提取向量:  66%|██████▌   | 662393/1001000 [02:09<01:04, 5258.79it/s]
  提取向量:  66%|██████▌   | 662919/1001000 [02:09<01:04, 5232.21it/s]
  提取向量:  66%|██████▋   | 663443/1001000 [02:09<01:04, 5213.27it/s]
  提取向量:  66%|██████▋   | 663968/1001000 [02:10<01:04, 5218.29it/s]
  提取向量:  66%|██████▋   | 664490/1001000 [02:10<01:04, 5183.67it/s]
  提取向量:  66%|██████▋   | 665009/1001000 [02:10<01:05, 5168.71it/s]
  提取向量:  66%|██████▋   | 665526/1001000 [02:10<01:06, 5053.69it/s]
  提取向量:  67%|██████▋   | 666051/1001000 [02:10<01:05, 5100.81it/s]
  提取向量:  67%|██████▋   | 666577/1001000 [02:10<01:05, 5131.74it/s]
  提取向量:  67%|██████▋   | 667105/1001000 [02:10<01:04, 5162.45it/s]
  提取向量:  67%|██████▋   | 667622/1001000 [02:10<01:04, 5133.12it/s]
  提取向量:  67%|██████▋   | 668171/1001000 [02:10<01:03, 5225.41it/s]
  提取向量:  67%|██████▋   | 668694/1001000 [02:10<01:03, 5210.33it/s]
  提取向量:  67%|██████▋   | 669220/1001000 [02:11<01:03, 5215.93it/s]
  提取向量:  67%|██████▋   | 669744/1001000 [02:11<01:03, 5208.86it/s]
  提取向量:  67%|██████▋   | 670265/1001000 [02:11<01:03, 5192.90it/s]
  提取向量:  67%|██████▋   | 670807/1001000 [02:11<01:02, 5246.41it/s]
  提取向量:  67%|██████▋   | 671332/1001000 [02:11<01:03, 5218.24it/s]
  提取向量:  67%|██████▋   | 671854/1001000 [02:11<01:04, 5131.44it/s]
  提取向量:  67%|██████▋   | 672371/1001000 [02:11<01:04, 5123.39it/s]
  提取向量:  67%|██████▋   | 672884/1001000 [02:11<01:04, 5075.69it/s]
  提取向量:  67%|██████▋   | 673392/1001000 [02:11<01:04, 5049.11it/s]
  提取向量:  67%|██████▋   | 673905/1001000 [02:12<01:04, 5072.07it/s]
  提取向量:  67%|██████▋   | 674428/1001000 [02:12<01:03, 5116.08it/s]
  提取向量:  67%|██████▋   | 674940/1001000 [02:12<01:03, 5101.70it/s]
  提取向量:  67%|██████▋   | 675451/1001000 [02:12<01:04, 5053.65it/s]
  提取向量:  68%|██████▊   | 675963/1001000 [02:12<01:04, 5054.08it/s]
  提取向量:  68%|██████▊   | 676469/1001000 [02:12<01:04, 5036.06it/s]
  提取向量:  68%|██████▊   | 676973/1001000 [02:12<01:04, 4999.43it/s]
  提取向量:  68%|██████▊   | 677482/1001000 [02:12<01:04, 5014.26it/s]
  提取向量:  68%|██████▊   | 678005/1001000 [02:12<01:03, 5059.25it/s]
  提取向量:  68%|██████▊   | 678511/1001000 [02:12<01:04, 5038.58it/s]
  提取向量:  68%|██████▊   | 679029/1001000 [02:13<01:03, 5067.38it/s]
  提取向量:  68%|██████▊   | 679536/1001000 [02:13<01:04, 5006.45it/s]
  提取向量:  68%|██████▊   | 680041/1001000 [02:13<01:04, 5005.08it/s]
  提取向量:  68%|██████▊   | 680542/1001000 [02:13<01:04, 4997.69it/s]
  提取向量:  68%|██████▊   | 681056/1001000 [02:13<01:03, 5038.41it/s]
  提取向量:  68%|██████▊   | 681576/1001000 [02:13<01:02, 5085.34it/s]
  提取向量:  68%|██████▊   | 682101/1001000 [02:13<01:02, 5124.35it/s]
  提取向量:  68%|██████▊   | 682614/1001000 [02:13<01:02, 5058.95it/s]
  提取向量:  68%|██████▊   | 683121/1001000 [02:13<01:03, 5004.92it/s]
  提取向量:  68%|██████▊   | 683622/1001000 [02:13<01:03, 4983.83it/s]
  提取向量:  68%|██████▊   | 684130/1001000 [02:14<01:03, 5002.26it/s]
  提取向量:  68%|██████▊   | 684631/1001000 [02:14<01:03, 4955.28it/s]
  提取向量:  68%|██████▊   | 685130/1001000 [02:14<01:03, 4963.40it/s]
  提取向量:  68%|██████▊   | 685629/1001000 [02:14<01:03, 4962.51it/s]
  提取向量:  69%|██████▊   | 686126/1001000 [02:14<01:03, 4947.32it/s]
  提取向量:  69%|██████▊   | 686621/1001000 [02:14<01:05, 4829.44it/s]
  提取向量:  69%|██████▊   | 687105/1001000 [02:14<01:05, 4819.80it/s]
  提取向量:  69%|██████▊   | 687621/1001000 [02:14<01:03, 4916.04it/s]
  提取向量:  69%|██████▊   | 688134/1001000 [02:14<01:02, 4971.13it/s]
  提取向量:  69%|██████▉   | 688632/1001000 [02:14<01:07, 4651.02it/s]
  提取向量:  69%|██████▉   | 689149/1001000 [02:15<01:05, 4788.23it/s]
  提取向量:  69%|██████▉   | 689670/1001000 [02:15<01:03, 4907.01it/s]
  提取向量:  69%|██████▉   | 690164/1001000 [02:15<01:03, 4877.88it/s]
  提取向量:  69%|██████▉   | 690654/1001000 [02:15<01:03, 4859.79it/s]
  提取向量:  69%|██████▉   | 691142/1001000 [02:15<01:04, 4808.43it/s]
  提取向量:  69%|██████▉   | 691648/1001000 [02:15<01:03, 4868.04it/s]
  提取向量:  69%|██████▉   | 692136/1001000 [02:15<01:03, 4869.05it/s]
  提取向量:  69%|██████▉   | 692642/1001000 [02:15<01:02, 4910.65it/s]
  提取向量:  69%|██████▉   | 693141/1001000 [02:15<01:02, 4930.41it/s]
  提取向量:  69%|██████▉   | 693639/1001000 [02:15<01:02, 4940.48it/s]
  提取向量:  69%|██████▉   | 694134/1001000 [02:16<01:02, 4936.67it/s]
  提取向量:  69%|██████▉   | 694633/1001000 [02:16<01:01, 4948.79it/s]
  提取向量:  69%|██████▉   | 695128/1001000 [02:16<01:01, 4938.79it/s]
  提取向量:  69%|██████▉   | 695626/1001000 [02:16<01:01, 4937.48it/s]
  提取向量:  70%|██████▉   | 696120/1001000 [02:16<01:01, 4927.03it/s]
  提取向量:  70%|██████▉   | 696613/1001000 [02:16<01:01, 4911.15it/s]
  提取向量:  70%|██████▉   | 697105/1001000 [02:16<01:03, 4818.60it/s]
  提取向量:  70%|██████▉   | 697595/1001000 [02:16<01:02, 4830.00it/s]
  提取向量:  70%|██████▉   | 698085/1001000 [02:16<01:02, 4835.30it/s]
  提取向量:  70%|██████▉   | 698569/1001000 [02:17<01:02, 4805.28it/s]
  提取向量:  70%|██████▉   | 699068/1001000 [02:17<01:02, 4858.47it/s]
  提取向量:  70%|██████▉   | 699555/1001000 [02:17<01:03, 4781.51it/s]
  提取向量:  70%|██████▉   | 700052/1001000 [02:17<01:02, 4824.10it/s]
  提取向量:  70%|██████▉   | 700538/1001000 [02:17<01:02, 4833.56it/s]
  提取向量:  70%|███████   | 701026/1001000 [02:17<01:01, 4842.74it/s]
  提取向量:  70%|███████   | 701524/1001000 [02:17<01:01, 4881.46it/s]
  提取向量:  70%|███████   | 702025/1001000 [02:17<01:00, 4912.58it/s]
  提取向量:  70%|███████   | 702517/1001000 [02:17<01:01, 4882.17it/s]
  提取向量:  70%|███████   | 703006/1001000 [02:17<01:01, 4856.70it/s]
  提取向量:  70%|███████   | 703492/1001000 [02:18<01:01, 4847.20it/s]
  提取向量:  70%|███████   | 703977/1001000 [02:18<01:02, 4769.27it/s]
  提取向量:  70%|███████   | 704460/1001000 [02:18<01:02, 4773.86it/s]
  提取向量:  70%|███████   | 704938/1001000 [02:18<01:02, 4742.67it/s]
  提取向量:  70%|███████   | 705413/1001000 [02:18<01:02, 4742.83it/s]
  提取向量:  71%|███████   | 705888/1001000 [02:18<01:02, 4685.54it/s]
  提取向量:  71%|███████   | 706357/1001000 [02:18<01:04, 4599.43it/s]
  提取向量:  71%|███████   | 706836/1001000 [02:18<01:03, 4654.79it/s]
  提取向量:  71%|███████   | 707302/1001000 [02:18<01:03, 4635.91it/s]
  提取向量:  71%|███████   | 707771/1001000 [02:18<01:03, 4648.12it/s]
  提取向量:  71%|███████   | 708237/1001000 [02:19<01:04, 4563.96it/s]
  提取向量:  71%|███████   | 708694/1001000 [02:19<01:04, 4505.09it/s]
  提取向量:  71%|███████   | 709162/1001000 [02:19<01:04, 4548.86it/s]
  提取向量:  71%|███████   | 709643/1001000 [02:19<01:03, 4622.28it/s]
  提取向量:  71%|███████   | 710106/1001000 [02:19<01:03, 4594.40it/s]
  提取向量:  71%|███████   | 710566/1001000 [02:19<01:03, 4575.71it/s]
  提取向量:  71%|███████   | 711024/1001000 [02:19<01:04, 4500.65it/s]
  提取向量:  71%|███████   | 711475/1001000 [02:19<01:04, 4495.77it/s]
  提取向量:  71%|███████   | 711973/1001000 [02:19<01:02, 4630.76it/s]
  提取向量:  71%|███████   | 712439/1001000 [02:19<01:02, 4630.92it/s]
  提取向量:  71%|███████   | 712903/1001000 [02:20<01:02, 4620.61it/s]
  提取向量:  71%|███████▏  | 713366/1001000 [02:20<01:02, 4612.38it/s]
  提取向量:  71%|███████▏  | 713828/1001000 [02:20<01:02, 4605.75it/s]
  提取向量:  71%|███████▏  | 714295/1001000 [02:20<01:02, 4618.83it/s]
  提取向量:  71%|███████▏  | 714772/1001000 [02:20<01:01, 4651.14it/s]
  提取向量:  71%|███████▏  | 715260/1001000 [02:20<01:00, 4706.58it/s]
  提取向量:  72%|███████▏  | 715731/1001000 [02:20<01:02, 4585.40it/s]
  提取向量:  72%|███████▏  | 716193/1001000 [02:20<01:02, 4592.66it/s]
  提取向量:  72%|███████▏  | 716653/1001000 [02:20<01:02, 4573.01it/s]
  提取向量:  72%|███████▏  | 717134/1001000 [02:20<01:01, 4633.79it/s]
  提取向量:  72%|███████▏  | 717598/1001000 [02:21<01:01, 4629.47it/s]
  提取向量:  72%|███████▏  | 718062/1001000 [02:21<01:01, 4601.34it/s]
  提取向量:  72%|███████▏  | 718529/1001000 [02:21<01:01, 4618.05it/s]
  提取向量:  72%|███████▏  | 718991/1001000 [02:21<01:01, 4616.82it/s]
  提取向量:  72%|███████▏  | 719453/1001000 [02:21<01:01, 4560.66it/s]
  提取向量:  72%|███████▏  | 719910/1001000 [02:21<01:02, 4522.94it/s]
  提取向量:  72%|███████▏  | 720363/1001000 [02:21<01:03, 4418.15it/s]
  提取向量:  72%|███████▏  | 720813/1001000 [02:21<01:03, 4433.84it/s]
  提取向量:  72%|███████▏  | 721257/1001000 [02:21<01:04, 4320.30it/s]
  提取向量:  72%|███████▏  | 721701/1001000 [02:22<01:04, 4352.42it/s]
  提取向量:  72%|███████▏  | 722164/1001000 [02:22<01:02, 4428.91it/s]
  提取向量:  72%|███████▏  | 722626/1001000 [02:22<01:02, 4480.12it/s]
  提取向量:  72%|███████▏  | 723075/1001000 [02:22<01:02, 4456.39it/s]
  提取向量:  72%|███████▏  | 723521/1001000 [02:22<01:02, 4447.85it/s]
  提取向量:  72%|███████▏  | 723986/1001000 [02:22<01:01, 4507.74it/s]
  提取向量:  72%|███████▏  | 724438/1001000 [02:22<01:01, 4494.73it/s]
  提取向量:  72%|███████▏  | 724888/1001000 [02:22<01:02, 4410.92it/s]
  提取向量:  72%|███████▏  | 725366/1001000 [02:22<01:01, 4511.42it/s]
  提取向量:  73%|███████▎  | 725819/1001000 [02:22<01:01, 4504.29it/s]
  提取向量:  73%|███████▎  | 726270/1001000 [02:23<01:01, 4466.45it/s]
  提取向量:  73%|███████▎  | 726717/1001000 [02:23<01:01, 4463.84it/s]
  提取向量:  73%|███████▎  | 727179/1001000 [02:23<01:00, 4503.18it/s]
  提取向量:  73%|███████▎  | 727646/1001000 [02:23<01:00, 4548.75it/s]
  提取向量:  73%|███████▎  | 728117/1001000 [02:23<00:59, 4588.02it/s]
  提取向量:  73%|███████▎  | 728576/1001000 [02:23<00:59, 4550.73it/s]
  提取向量:  73%|███████▎  | 729032/1001000 [02:23<01:02, 4331.90it/s]
  提取向量:  73%|███████▎  | 729469/1001000 [02:23<01:02, 4339.58it/s]
  提取向量:  73%|███████▎  | 729924/1001000 [02:23<01:01, 4390.53it/s]
  提取向量:  73%|███████▎  | 730371/1001000 [02:23<01:01, 4404.77it/s]
  提取向量:  73%|███████▎  | 730822/1001000 [02:24<01:00, 4434.37it/s]
  提取向量:  73%|███████▎  | 731276/1001000 [02:24<01:00, 4463.13it/s]
  提取向量:  73%|███████▎  | 731748/1001000 [02:24<00:59, 4512.89it/s]
  提取向量:  73%|███████▎  | 732218/1001000 [02:24<00:58, 4563.53it/s]
  提取向量:  73%|███████▎  | 732675/1001000 [02:24<00:58, 4552.24it/s]
  提取向量:  73%|███████▎  | 733131/1001000 [02:24<00:59, 4534.86it/s]
  提取向量:  73%|███████▎  | 733585/1001000 [02:24<00:59, 4501.14it/s]
  提取向量:  73%|███████▎  | 734036/1001000 [02:24<01:00, 4437.37it/s]
  提取向量:  73%|███████▎  | 734483/1001000 [02:24<00:59, 4443.90it/s]
  提取向量:  73%|███████▎  | 734953/1001000 [02:24<00:58, 4513.75it/s]
  提取向量:  73%|███████▎  | 735405/1001000 [02:25<00:58, 4505.70it/s]
  提取向量:  74%|███████▎  | 735867/1001000 [02:25<00:58, 4535.10it/s]
  提取向量:  74%|███████▎  | 736321/1001000 [02:25<00:58, 4504.94it/s]
  提取向量:  74%|███████▎  | 736779/1001000 [02:25<00:58, 4519.65it/s]
  提取向量:  74%|███████▎  | 737232/1001000 [02:25<00:59, 4470.02it/s]
  提取向量:  74%|███████▎  | 737680/1001000 [02:25<01:00, 4317.42it/s]
  提取向量:  74%|███████▎  | 738113/1001000 [02:25<01:01, 4301.44it/s]
  提取向量:  74%|███████▍  | 738577/1001000 [02:25<00:59, 4396.95it/s]
  提取向量:  74%|███████▍  | 739035/1001000 [02:25<00:58, 4447.28it/s]
  提取向量:  74%|███████▍  | 739489/1001000 [02:25<00:58, 4469.22it/s]
  提取向量:  74%|███████▍  | 739940/1001000 [02:26<00:58, 4473.24it/s]
  提取向量:  74%|███████▍  | 740388/1001000 [02:26<00:58, 4423.71it/s]
  提取向量:  74%|███████▍  | 740848/1001000 [02:26<00:58, 4463.11it/s]
  提取向量:  74%|███████▍  | 741317/1001000 [02:26<00:57, 4519.78it/s]
  提取向量:  74%|███████▍  | 741770/1001000 [02:26<00:57, 4514.23it/s]
  提取向量:  74%|███████▍  | 742222/1001000 [02:26<00:57, 4504.95it/s]
  提取向量:  74%|███████▍  | 742673/1001000 [02:26<00:57, 4458.04it/s]
  提取向量:  74%|███████▍  | 743119/1001000 [02:26<00:58, 4421.31it/s]
  提取向量:  74%|███████▍  | 743572/1001000 [02:26<00:57, 4448.85it/s]
  提取向量:  74%|███████▍  | 744037/1001000 [02:27<00:57, 4495.40it/s]
  提取向量:  74%|███████▍  | 744487/1001000 [02:27<00:57, 4474.59it/s]
  提取向量:  74%|███████▍  | 744935/1001000 [02:27<00:57, 4441.17it/s]
  提取向量:  74%|███████▍  | 745384/1001000 [02:27<00:57, 4441.36it/s]
  提取向量:  75%|███████▍  | 745841/1001000 [02:27<00:57, 4475.79it/s]
  提取向量:  75%|███████▍  | 746289/1001000 [02:27<00:56, 4475.55it/s]
  提取向量:  75%|███████▍  | 746777/1001000 [02:27<00:55, 4595.81it/s]
  提取向量:  75%|███████▍  | 747241/1001000 [02:27<00:55, 4601.38it/s]
  提取向量:  75%|███████▍  | 747702/1001000 [02:27<00:55, 4554.67it/s]
  提取向量:  75%|███████▍  | 748158/1001000 [02:27<00:55, 4549.22it/s]
  提取向量:  75%|███████▍  | 748614/1001000 [02:28<00:55, 4511.64it/s]
  提取向量:  75%|███████▍  | 749076/1001000 [02:28<00:55, 4531.80it/s]
  提取向量:  75%|███████▍  | 749530/1001000 [02:28<00:55, 4534.14it/s]
  提取向量:  75%|███████▍  | 750001/1001000 [02:28<00:54, 4576.83it/s]
  提取向量:  75%|███████▍  | 750460/1001000 [02:28<00:54, 4572.99it/s]
  提取向量:  75%|███████▌  | 750918/1001000 [02:28<00:55, 4524.22it/s]
  提取向量:  75%|███████▌  | 751371/1001000 [02:28<00:55, 4523.01it/s]
  提取向量:  75%|███████▌  | 751824/1001000 [02:28<00:56, 4415.63it/s]
  提取向量:  75%|███████▌  | 752300/1001000 [02:28<00:55, 4504.99it/s]
  提取向量:  75%|███████▌  | 752752/1001000 [02:28<00:55, 4490.64it/s]
  提取向量:  75%|███████▌  | 753202/1001000 [02:29<00:55, 4481.07it/s]
  提取向量:  75%|███████▌  | 753651/1001000 [02:29<00:55, 4466.68it/s]
  提取向量:  75%|███████▌  | 754105/1001000 [02:29<00:55, 4482.88it/s]
  提取向量:  75%|███████▌  | 754577/1001000 [02:29<00:54, 4544.94it/s]
  提取向量:  75%|███████▌  | 755032/1001000 [02:29<00:54, 4515.28it/s]
  提取向量:  75%|███████▌  | 755484/1001000 [02:29<00:55, 4445.78it/s]
  提取向量:  76%|███████▌  | 755950/1001000 [02:29<00:54, 4505.43it/s]
  提取向量:  76%|███████▌  | 756401/1001000 [02:29<00:55, 4411.37it/s]
  提取向量:  76%|███████▌  | 756855/1001000 [02:29<00:55, 4431.82it/s]
  提取向量:  76%|███████▌  | 757299/1001000 [02:29<00:55, 4419.64it/s]
  提取向量:  76%|███████▌  | 757742/1001000 [02:30<00:56, 4332.23it/s]
  提取向量:  76%|███████▌  | 758180/1001000 [02:30<00:55, 4338.95it/s]
  提取向量:  76%|███████▌  | 758636/1001000 [02:30<00:55, 4391.73it/s]
  提取向量:  76%|███████▌  | 759081/1001000 [02:30<00:55, 4397.62it/s]
  提取向量:  76%|███████▌  | 759523/1001000 [02:30<00:54, 4402.23it/s]
  提取向量:  76%|███████▌  | 759979/1001000 [02:30<00:54, 4436.21it/s]
  提取向量:  76%|███████▌  | 760423/1001000 [02:30<00:54, 4378.83it/s]
  提取向量:  76%|███████▌  | 760862/1001000 [02:30<00:55, 4341.43it/s]
  提取向量:  76%|███████▌  | 761309/1001000 [02:30<00:54, 4366.68it/s]
  提取向量:  76%|███████▌  | 761765/1001000 [02:30<00:54, 4418.51it/s]
  提取向量:  76%|███████▌  | 762208/1001000 [02:31<00:54, 4413.27it/s]
  提取向量:  76%|███████▌  | 762650/1001000 [02:31<00:53, 4413.89it/s]
  提取向量:  76%|███████▌  | 763096/1001000 [02:31<00:53, 4426.82it/s]
  提取向量:  76%|███████▋  | 763539/1001000 [02:31<00:54, 4325.46it/s]
  提取向量:  76%|███████▋  | 763974/1001000 [02:31<00:54, 4328.12it/s]
  提取向量:  76%|███████▋  | 764411/1001000 [02:31<00:54, 4325.12it/s]
  提取向量:  76%|███████▋  | 764851/1001000 [02:31<00:54, 4334.40it/s]
  提取向量:  76%|███████▋  | 765285/1001000 [02:31<00:54, 4297.22it/s]
  提取向量:  76%|███████▋  | 765715/1001000 [02:31<00:54, 4295.11it/s]
  提取向量:  77%|███████▋  | 766145/1001000 [02:32<00:58, 4025.80it/s]
  提取向量:  77%|███████▋  | 766574/1001000 [02:32<00:57, 4095.73it/s]
  提取向量:  77%|███████▋  | 767013/1001000 [02:32<00:56, 4173.90it/s]
  提取向量:  77%|███████▋  | 767457/1001000 [02:32<00:54, 4250.65it/s]
  提取向量:  77%|███████▋  | 767901/1001000 [02:32<00:54, 4299.51it/s]
  提取向量:  77%|███████▋  | 768343/1001000 [02:32<00:53, 4329.41it/s]
  提取向量:  77%|███████▋  | 768779/1001000 [02:32<00:53, 4326.45it/s]
  提取向量:  77%|███████▋  | 769231/1001000 [02:32<00:52, 4381.00it/s]
  提取向量:  77%|███████▋  | 769670/1001000 [02:32<00:56, 4116.65it/s]
  提取向量:  77%|███████▋  | 770093/1001000 [02:32<00:55, 4142.22it/s]
  提取向量:  77%|███████▋  | 770510/1001000 [02:33<00:56, 4104.67it/s]
  提取向量:  77%|███████▋  | 770949/1001000 [02:33<00:54, 4183.77it/s]
  提取向量:  77%|███████▋  | 771372/1001000 [02:33<00:54, 4186.26it/s]
  提取向量:  77%|███████▋  | 771804/1001000 [02:33<00:54, 4219.82it/s]
  提取向量:  77%|███████▋  | 772264/1001000 [02:33<00:52, 4328.88it/s]
  提取向量:  77%|███████▋  | 772698/1001000 [02:33<00:53, 4271.68it/s]
  提取向量:  77%|███████▋  | 773148/1001000 [02:33<00:52, 4325.88it/s]
  提取向量:  77%|███████▋  | 773606/1001000 [02:33<00:51, 4389.00it/s]
  提取向量:  77%|███████▋  | 774059/1001000 [02:33<00:51, 4419.42it/s]
  提取向量:  77%|███████▋  | 774502/1001000 [02:33<00:51, 4416.75it/s]
  提取向量:  77%|███████▋  | 774951/1001000 [02:34<00:51, 4425.76it/s]
  提取向量:  77%|███████▋  | 775414/1001000 [02:34<00:50, 4485.80it/s]
  提取向量:  78%|███████▊  | 775894/1001000 [02:34<00:49, 4578.84it/s]
  提取向量:  78%|███████▊  | 776353/1001000 [02:34<00:49, 4497.77it/s]
  提取向量:  78%|███████▊  | 776804/1001000 [02:34<00:50, 4439.69it/s]
  提取向量:  78%|███████▊  | 777249/1001000 [02:34<00:50, 4415.09it/s]
  提取向量:  78%|███████▊  | 777695/1001000 [02:34<00:50, 4427.48it/s]
  提取向量:  78%|███████▊  | 778138/1001000 [02:34<00:50, 4392.42it/s]
  提取向量:  78%|███████▊  | 778578/1001000 [02:34<00:51, 4342.75it/s]
  提取向量:  78%|███████▊  | 779013/1001000 [02:34<00:51, 4308.24it/s]
  提取向量:  78%|███████▊  | 779469/1001000 [02:35<00:50, 4370.08it/s]
  提取向量:  78%|███████▊  | 779907/1001000 [02:35<00:51, 4317.95it/s]
  提取向量:  78%|███████▊  | 780339/1001000 [02:35<00:51, 4286.77it/s]
  提取向量:  78%|███████▊  | 780775/1001000 [02:35<00:51, 4301.91it/s]
  提取向量:  78%|███████▊  | 781229/1001000 [02:35<00:50, 4369.30it/s]
  提取向量:  78%|███████▊  | 781686/1001000 [02:35<00:49, 4417.96it/s]
  提取向量:  78%|███████▊  | 782128/1001000 [02:35<00:50, 4334.96it/s]
  提取向量:  78%|███████▊  | 782574/1001000 [02:35<00:50, 4362.92it/s]
  提取向量:  78%|███████▊  | 783011/1001000 [02:35<00:50, 4287.05it/s]
  提取向量:  78%|███████▊  | 783441/1001000 [02:36<00:51, 4246.90it/s]
  提取向量:  78%|███████▊  | 783898/1001000 [02:36<00:50, 4332.62it/s]
  提取向量:  78%|███████▊  | 784347/1001000 [02:36<00:49, 4366.37it/s]
  提取向量:  78%|███████▊  | 784789/1001000 [02:36<00:49, 4381.09it/s]
  提取向量:  78%|███████▊  | 785246/1001000 [02:36<00:48, 4423.82it/s]
  提取向量:  78%|███████▊  | 785709/1001000 [02:36<00:48, 4471.11it/s]
  提取向量:  79%|███████▊  | 786162/1001000 [02:36<00:47, 4480.94it/s]
  提取向量:  79%|███████▊  | 786615/1001000 [02:36<00:47, 4488.68it/s]
  提取向量:  79%|███████▊  | 787064/1001000 [02:36<00:47, 4477.29it/s]
  提取向量:  79%|███████▊  | 787512/1001000 [02:36<00:47, 4460.58it/s]
  提取向量:  79%|███████▊  | 787968/1001000 [02:37<00:47, 4487.70it/s]
  提取向量:  79%|███████▉  | 788428/1001000 [02:37<00:47, 4511.91it/s]
  提取向量:  79%|███████▉  | 788880/1001000 [02:37<00:46, 4513.71it/s]
  提取向量:  79%|███████▉  | 789333/1001000 [02:37<00:46, 4506.72it/s]
  提取向量:  79%|███████▉  | 789784/1001000 [02:37<00:47, 4445.45it/s]
  提取向量:  79%|███████▉  | 790229/1001000 [02:37<00:48, 4390.99it/s]
  提取向量:  79%|███████▉  | 790679/1001000 [02:37<00:47, 4414.86it/s]
  提取向量:  79%|███████▉  | 791131/1001000 [02:37<00:47, 4436.92it/s]
  提取向量:  79%|███████▉  | 791599/1001000 [02:37<00:46, 4498.18it/s]
  提取向量:  79%|███████▉  | 792055/1001000 [02:37<00:46, 4516.28it/s]
  提取向量:  79%|███████▉  | 792507/1001000 [02:38<00:46, 4476.67it/s]
  提取向量:  79%|███████▉  | 792960/1001000 [02:38<00:46, 4488.78it/s]
  提取向量:  79%|███████▉  | 793411/1001000 [02:38<00:46, 4491.54it/s]
  提取向量:  79%|███████▉  | 793861/1001000 [02:38<00:46, 4489.13it/s]
  提取向量:  79%|███████▉  | 794310/1001000 [02:38<00:46, 4477.04it/s]
  提取向量:  79%|███████▉  | 794772/1001000 [02:38<00:45, 4502.51it/s]
  提取向量:  79%|███████▉  | 795223/1001000 [02:38<00:46, 4472.70it/s]
  提取向量:  79%|███████▉  | 795671/1001000 [02:38<00:45, 4470.29it/s]
  提取向量:  80%|███████▉  | 796119/1001000 [02:38<00:45, 4462.61it/s]
  提取向量:  80%|███████▉  | 796566/1001000 [02:38<00:46, 4413.00it/s]
  提取向量:  80%|███████▉  | 797017/1001000 [02:39<00:45, 4438.63it/s]
  提取向量:  80%|███████▉  | 797461/1001000 [02:39<00:46, 4386.39it/s]
  提取向量:  80%|███████▉  | 797907/1001000 [02:39<00:46, 4406.96it/s]
  提取向量:  80%|███████▉  | 798369/1001000 [02:39<00:45, 4462.55it/s]
  提取向量:  80%|███████▉  | 798816/1001000 [02:39<00:45, 4425.86it/s]
  提取向量:  80%|███████▉  | 799259/1001000 [02:39<00:45, 4394.33it/s]
  提取向量:  80%|███████▉  | 799700/1001000 [02:39<00:45, 4391.05it/s]
  提取向量:  80%|███████▉  | 800140/1001000 [02:39<00:46, 4357.37it/s]
  提取向量:  80%|███████▉  | 800576/1001000 [02:39<00:46, 4317.73it/s]
  提取向量:  80%|████████  | 801009/1001000 [02:39<00:46, 4319.11it/s]
  提取向量:  80%|████████  | 801458/1001000 [02:40<00:45, 4368.13it/s]
  提取向量:  80%|████████  | 801895/1001000 [02:40<00:45, 4358.20it/s]
  提取向量:  80%|████████  | 802331/1001000 [02:40<00:45, 4356.49it/s]
  提取向量:  80%|████████  | 802767/1001000 [02:40<00:45, 4335.16it/s]
  提取向量:  80%|████████  | 803201/1001000 [02:40<00:45, 4312.25it/s]
  提取向量:  80%|████████  | 803633/1001000 [02:40<00:45, 4297.93it/s]
  提取向量:  80%|████████  | 804088/1001000 [02:40<00:45, 4368.68it/s]
  提取向量:  80%|████████  | 804528/1001000 [02:40<00:44, 4370.87it/s]
  提取向量:  80%|████████  | 804970/1001000 [02:40<00:44, 4374.07it/s]
  提取向量:  80%|████████  | 805414/1001000 [02:40<00:44, 4391.06it/s]
  提取向量:  81%|████████  | 805866/1001000 [02:41<00:44, 4419.66it/s]
  提取向量:  81%|████████  | 806315/1001000 [02:41<00:43, 4434.44it/s]
  提取向量:  81%|████████  | 806775/1001000 [02:41<00:43, 4476.80it/s]
  提取向量:  81%|████████  | 807238/1001000 [02:41<00:42, 4515.48it/s]
  提取向量:  81%|████████  | 807690/1001000 [02:41<00:43, 4464.74it/s]
  提取向量:  81%|████████  | 808137/1001000 [02:41<00:43, 4419.56it/s]
  提取向量:  81%|████████  | 808580/1001000 [02:41<00:43, 4373.95it/s]
  提取向量:  81%|████████  | 809018/1001000 [02:41<00:43, 4365.90it/s]
  提取向量:  81%|████████  | 809456/1001000 [02:41<00:43, 4369.37it/s]
  提取向量:  81%|████████  | 809895/1001000 [02:41<00:43, 4371.60it/s]
  提取向量:  81%|████████  | 810333/1001000 [02:42<00:43, 4335.77it/s]
  提取向量:  81%|████████  | 810767/1001000 [02:42<00:44, 4322.59it/s]
  提取向量:  81%|████████  | 811200/1001000 [02:42<00:44, 4311.73it/s]
  提取向量:  81%|████████  | 811634/1001000 [02:42<00:43, 4317.58it/s]
  提取向量:  81%|████████  | 812076/1001000 [02:42<00:43, 4334.39it/s]
  提取向量:  81%|████████  | 812519/1001000 [02:42<00:43, 4352.70it/s]
  提取向量:  81%|████████  | 812958/1001000 [02:42<00:43, 4352.69it/s]
  提取向量:  81%|████████▏ | 813394/1001000 [02:42<00:43, 4353.35it/s]
  提取向量:  81%|████████▏ | 813839/1001000 [02:42<00:42, 4378.77it/s]
  提取向量:  81%|████████▏ | 814278/1001000 [02:42<00:42, 4377.64it/s]
  提取向量:  81%|████████▏ | 814716/1001000 [02:43<00:43, 4318.12it/s]
  提取向量:  81%|████████▏ | 815153/1001000 [02:43<00:42, 4328.22it/s]
  提取向量:  81%|████████▏ | 815590/1001000 [02:43<00:42, 4336.79it/s]
  提取向量:  82%|████████▏ | 816024/1001000 [02:43<00:42, 4311.33it/s]
  提取向量:  82%|████████▏ | 816456/1001000 [02:43<00:43, 4272.99it/s]
  提取向量:  82%|████████▏ | 816884/1001000 [02:43<00:43, 4246.54it/s]
  提取向量:  82%|████████▏ | 817329/1001000 [02:43<00:42, 4301.90it/s]
  提取向量:  82%|████████▏ | 817760/1001000 [02:43<00:42, 4300.70it/s]
  提取向量:  82%|████████▏ | 818191/1001000 [02:43<00:42, 4259.06it/s]
  提取向量:  82%|████████▏ | 818631/1001000 [02:44<00:42, 4290.34it/s]
  提取向量:  82%|████████▏ | 819074/1001000 [02:44<00:42, 4329.93it/s]
  提取向量:  82%|████████▏ | 819508/1001000 [02:44<00:42, 4309.34it/s]
  提取向量:  82%|████████▏ | 819951/1001000 [02:44<00:41, 4342.18it/s]
  提取向量:  82%|████████▏ | 820386/1001000 [02:44<00:42, 4298.40it/s]
  提取向量:  82%|████████▏ | 820816/1001000 [02:44<00:42, 4287.62it/s]
  提取向量:  82%|████████▏ | 821250/1001000 [02:44<00:41, 4296.21it/s]
  提取向量:  82%|████████▏ | 821680/1001000 [02:44<00:42, 4199.30it/s]
  提取向量:  82%|████████▏ | 822115/1001000 [02:44<00:42, 4235.55it/s]
  提取向量:  82%|████████▏ | 822539/1001000 [02:44<00:42, 4233.55it/s]
  提取向量:  82%|████████▏ | 822967/1001000 [02:45<00:41, 4240.46it/s]
  提取向量:  82%|████████▏ | 823392/1001000 [02:45<00:41, 4242.12it/s]
  提取向量:  82%|████████▏ | 823820/1001000 [02:45<00:41, 4242.01it/s]
  提取向量:  82%|████████▏ | 824245/1001000 [02:45<00:41, 4241.53it/s]
  提取向量:  82%|████████▏ | 824697/1001000 [02:45<00:40, 4316.16it/s]
  提取向量:  82%|████████▏ | 825129/1001000 [02:45<00:40, 4296.19it/s]
  提取向量:  82%|████████▏ | 825559/1001000 [02:45<00:40, 4295.70it/s]
  提取向量:  83%|████████▎ | 825992/1001000 [02:45<00:40, 4302.32it/s]
  提取向量:  83%|████████▎ | 826423/1001000 [02:45<00:40, 4286.82it/s]
  提取向量:  83%|████████▎ | 826852/1001000 [02:45<00:40, 4280.12it/s]
  提取向量:  83%|████████▎ | 827294/1001000 [02:46<00:40, 4314.27it/s]
  提取向量:  83%|████████▎ | 827742/1001000 [02:46<00:39, 4350.85it/s]
  提取向量:  83%|████████▎ | 828178/1001000 [02:46<00:39, 4346.26it/s]
  提取向量:  83%|████████▎ | 828613/1001000 [02:46<00:39, 4320.60it/s]
  提取向量:  83%|████████▎ | 829046/1001000 [02:46<00:40, 4274.41it/s]
  提取向量:  83%|████████▎ | 829474/1001000 [02:46<00:40, 4251.52it/s]
  提取向量:  83%|████████▎ | 829900/1001000 [02:46<00:40, 4236.40it/s]
  提取向量:  83%|████████▎ | 830324/1001000 [02:46<00:40, 4219.38it/s]
  提取向量:  83%|████████▎ | 830753/1001000 [02:46<00:40, 4231.80it/s]
  提取向量:  83%|████████▎ | 831185/1001000 [02:46<00:39, 4246.28it/s]
  提取向量:  83%|████████▎ | 831615/1001000 [02:47<00:39, 4259.33it/s]
  提取向量:  83%|████████▎ | 832041/1001000 [02:47<00:40, 4223.56it/s]
  提取向量:  83%|████████▎ | 832476/1001000 [02:47<00:39, 4252.10it/s]
  提取向量:  83%|████████▎ | 832902/1001000 [02:47<00:39, 4233.58it/s]
  提取向量:  83%|████████▎ | 833334/1001000 [02:47<00:39, 4250.06it/s]
  提取向量:  83%|████████▎ | 833768/1001000 [02:47<00:39, 4267.13it/s]
  提取向量:  83%|████████▎ | 834195/1001000 [02:47<00:39, 4249.69it/s]
  提取向量:  83%|████████▎ | 834620/1001000 [02:47<00:39, 4237.17it/s]
  提取向量:  83%|████████▎ | 835044/1001000 [02:47<00:39, 4208.27it/s]
  提取向量:  83%|████████▎ | 835465/1001000 [02:47<00:39, 4194.26it/s]
  提取向量:  84%|████████▎ | 835885/1001000 [02:48<00:39, 4181.26it/s]
  提取向量:  84%|████████▎ | 836316/1001000 [02:48<00:39, 4211.50it/s]
  提取向量:  84%|████████▎ | 836743/1001000 [02:48<00:38, 4225.38it/s]
  提取向量:  84%|████████▎ | 837166/1001000 [02:48<00:38, 4215.99it/s]
  提取向量:  84%|████████▎ | 837588/1001000 [02:48<00:38, 4210.14it/s]
  提取向量:  84%|████████▎ | 838010/1001000 [02:48<00:38, 4204.27it/s]
  提取向量:  84%|████████▍ | 838431/1001000 [02:48<00:38, 4200.66it/s]
  提取向量:  84%|████████▍ | 838852/1001000 [02:48<00:38, 4170.46it/s]
  提取向量:  84%|████████▍ | 839283/1001000 [02:48<00:38, 4199.44it/s]
  提取向量:  84%|████████▍ | 839703/1001000 [02:48<00:38, 4150.47it/s]
  提取向量:  84%|████████▍ | 840119/1001000 [02:49<00:39, 4109.23it/s]
  提取向量:  84%|████████▍ | 840533/1001000 [02:49<00:39, 4111.01it/s]
  提取向量:  84%|████████▍ | 840945/1001000 [02:49<00:39, 4096.32it/s]
  提取向量:  84%|████████▍ | 841363/1001000 [02:49<00:38, 4109.24it/s]
  提取向量:  84%|████████▍ | 841774/1001000 [02:49<00:38, 4097.85it/s]
  提取向量:  84%|████████▍ | 842188/1001000 [02:49<00:38, 4097.26it/s]
  提取向量:  84%|████████▍ | 842602/1001000 [02:49<00:38, 4106.56it/s]
  提取向量:  84%|████████▍ | 843026/1001000 [02:49<00:38, 4143.33it/s]
  提取向量:  84%|████████▍ | 843441/1001000 [02:49<00:38, 4119.02it/s]
  提取向量:  84%|████████▍ | 843853/1001000 [02:49<00:38, 4111.87it/s]
  提取向量:  84%|████████▍ | 844265/1001000 [02:50<00:38, 4096.83it/s]
  提取向量:  84%|████████▍ | 844685/1001000 [02:50<00:37, 4121.87it/s]
  提取向量:  84%|████████▍ | 845098/1001000 [02:50<00:40, 3806.82it/s]
  提取向量:  84%|████████▍ | 845488/1001000 [02:50<00:40, 3831.43it/s]
  提取向量:  85%|████████▍ | 845908/1001000 [02:50<00:39, 3929.01it/s]
  提取向量:  85%|████████▍ | 846310/1001000 [02:50<00:39, 3945.40it/s]
  提取向量:  85%|████████▍ | 846719/1001000 [02:50<00:38, 3980.05it/s]
  提取向量:  85%|████████▍ | 847119/1001000 [02:50<00:38, 3978.75it/s]
  提取向量:  85%|████████▍ | 847518/1001000 [02:50<00:39, 3927.83it/s]
  提取向量:  85%|████████▍ | 847912/1001000 [02:51<00:40, 3824.58it/s]
  提取向量:  85%|████████▍ | 848310/1001000 [02:51<00:39, 3863.85it/s]
  提取向量:  85%|████████▍ | 848715/1001000 [02:51<00:38, 3906.83it/s]
  提取向量:  85%|████████▍ | 849130/1001000 [02:51<00:38, 3969.80it/s]
  提取向量:  85%|████████▍ | 849529/1001000 [02:51<00:38, 3968.26it/s]
  提取向量:  85%|████████▍ | 849947/1001000 [02:51<00:37, 4030.07it/s]
  提取向量:  85%|████████▍ | 850361/1001000 [02:51<00:37, 4051.58it/s]
  提取向量:  85%|████████▍ | 850771/1001000 [02:51<00:37, 4058.80it/s]
  提取向量:  85%|████████▌ | 851178/1001000 [02:51<00:36, 4051.01it/s]
  提取向量:  85%|████████▌ | 851584/1001000 [02:51<00:37, 3989.34it/s]
  提取向量:  85%|████████▌ | 852004/1001000 [02:52<00:36, 4051.17it/s]
  提取向量:  85%|████████▌ | 852413/1001000 [02:52<00:36, 4057.47it/s]
  提取向量:  85%|████████▌ | 852820/1001000 [02:52<00:36, 4059.16it/s]
  提取向量:  85%|████████▌ | 853239/1001000 [02:52<00:36, 4086.59it/s]
  提取向量:  85%|████████▌ | 853648/1001000 [02:52<00:36, 4059.34it/s]
  提取向量:  85%|████████▌ | 854059/1001000 [02:52<00:36, 4067.13it/s]
  提取向量:  85%|████████▌ | 854467/1001000 [02:52<00:36, 4068.13it/s]
  提取向量:  85%|████████▌ | 854874/1001000 [02:52<00:36, 4027.59it/s]
  提取向量:  85%|████████▌ | 855277/1001000 [02:52<00:36, 3957.40it/s]
  提取向量:  85%|████████▌ | 855674/1001000 [02:52<00:36, 3948.41it/s]
  提取向量:  86%|████████▌ | 856070/1001000 [02:53<00:37, 3915.13it/s]
  提取向量:  86%|████████▌ | 856462/1001000 [02:53<00:37, 3878.72it/s]
  提取向量:  86%|████████▌ | 856883/1001000 [02:53<00:36, 3965.75it/s]
  提取向量:  86%|████████▌ | 857280/1001000 [02:53<00:36, 3961.99it/s]
  提取向量:  86%|████████▌ | 857677/1001000 [02:53<00:36, 3963.02it/s]
  提取向量:  86%|████████▌ | 858074/1001000 [02:53<00:36, 3914.73it/s]
  提取向量:  86%|████████▌ | 858466/1001000 [02:53<00:36, 3886.01it/s]
  提取向量:  86%|████████▌ | 858855/1001000 [02:53<00:37, 3797.38it/s]
  提取向量:  86%|████████▌ | 859248/1001000 [02:53<00:36, 3835.66it/s]
  提取向量:  86%|████████▌ | 859646/1001000 [02:53<00:36, 3874.04it/s]
  提取向量:  86%|████████▌ | 860049/1001000 [02:54<00:35, 3919.23it/s]
  提取向量:  86%|████████▌ | 860442/1001000 [02:54<00:35, 3906.84it/s]
  提取向量:  86%|████████▌ | 860834/1001000 [02:54<00:35, 3901.73it/s]
  提取向量:  86%|████████▌ | 861225/1001000 [02:54<00:35, 3902.87it/s]
  提取向量:  86%|████████▌ | 861616/1001000 [02:54<00:36, 3869.14it/s]
  提取向量:  86%|████████▌ | 862004/1001000 [02:54<00:35, 3867.99it/s]
  提取向量:  86%|████████▌ | 862391/1001000 [02:54<00:36, 3780.97it/s]
  提取向量:  86%|████████▌ | 862770/1001000 [02:54<00:36, 3780.78it/s]
  提取向量:  86%|████████▌ | 863165/1001000 [02:54<00:36, 3820.87it/s]
  提取向量:  86%|████████▋ | 863556/1001000 [02:54<00:35, 3843.72it/s]
  提取向量:  86%|████████▋ | 863941/1001000 [02:55<00:35, 3824.92it/s]
  提取向量:  86%|████████▋ | 864324/1001000 [02:55<00:35, 3812.66it/s]
  提取向量:  86%|████████▋ | 864710/1001000 [02:55<00:35, 3820.80it/s]
  提取向量:  86%|████████▋ | 865093/1001000 [02:55<00:35, 3814.73it/s]
  提取向量:  86%|████████▋ | 865482/1001000 [02:55<00:35, 3828.99it/s]
  提取向量:  87%|████████▋ | 865873/1001000 [02:55<00:35, 3851.36it/s]
  提取向量:  87%|████████▋ | 866271/1001000 [02:55<00:34, 3887.83it/s]
  提取向量:  87%|████████▋ | 866662/1001000 [02:55<00:34, 3894.44it/s]
  提取向量:  87%|████████▋ | 867052/1001000 [02:55<00:34, 3889.15it/s]
  提取向量:  87%|████████▋ | 867441/1001000 [02:55<00:34, 3869.78it/s]
  提取向量:  87%|████████▋ | 867829/1001000 [02:56<00:34, 3868.49it/s]
  提取向量:  87%|████████▋ | 868217/1001000 [02:56<00:34, 3870.36it/s]
  提取向量:  87%|████████▋ | 868605/1001000 [02:56<00:34, 3848.59it/s]
  提取向量:  87%|████████▋ | 868990/1001000 [02:56<00:34, 3835.15it/s]
  提取向量:  87%|████████▋ | 869377/1001000 [02:56<00:34, 3837.04it/s]
  提取向量:  87%|████████▋ | 869761/1001000 [02:56<00:35, 3670.07it/s]
  提取向量:  87%|████████▋ | 870146/1001000 [02:56<00:35, 3712.21it/s]
  提取向量:  87%|████████▋ | 870519/1001000 [02:56<00:35, 3702.71it/s]
  提取向量:  87%|████████▋ | 870891/1001000 [02:56<00:35, 3672.79it/s]
  提取向量:  87%|████████▋ | 871259/1001000 [02:57<00:35, 3622.14it/s]
  提取向量:  87%|████████▋ | 871622/1001000 [02:57<00:36, 3590.09it/s]
  提取向量:  87%|████████▋ | 871986/1001000 [02:57<00:35, 3596.43it/s]
  提取向量:  87%|████████▋ | 872348/1001000 [02:57<00:35, 3596.14it/s]
  提取向量:  87%|████████▋ | 872708/1001000 [02:57<00:35, 3565.30it/s]
  提取向量:  87%|████████▋ | 873086/1001000 [02:57<00:35, 3625.81it/s]
  提取向量:  87%|████████▋ | 873455/1001000 [02:57<00:35, 3640.92it/s]
  提取向量:  87%|████████▋ | 873820/1001000 [02:57<00:35, 3593.97it/s]
  提取向量:  87%|████████▋ | 874180/1001000 [02:57<00:36, 3522.04it/s]
  提取向量:  87%|████████▋ | 874547/1001000 [02:57<00:35, 3558.35it/s]
  提取向量:  87%|████████▋ | 874917/1001000 [02:58<00:35, 3597.48it/s]
  提取向量:  87%|████████▋ | 875284/1001000 [02:58<00:34, 3609.69it/s]
  提取向量:  87%|████████▋ | 875646/1001000 [02:58<00:35, 3566.92it/s]
  提取向量:  88%|████████▊ | 876009/1001000 [02:58<00:34, 3578.27it/s]
  提取向量:  88%|████████▊ | 876368/1001000 [02:58<00:34, 3571.05it/s]
  提取向量:  88%|████████▊ | 876745/1001000 [02:58<00:34, 3622.37it/s]
  提取向量:  88%|████████▊ | 877114/1001000 [02:58<00:34, 3640.01it/s]
  提取向量:  88%|████████▊ | 877479/1001000 [02:58<00:34, 3563.26it/s]
  提取向量:  88%|████████▊ | 877837/1001000 [02:58<00:34, 3563.55it/s]
  提取向量:  88%|████████▊ | 878197/1001000 [02:58<00:34, 3570.73it/s]
  提取向量:  88%|████████▊ | 878555/1001000 [02:59<00:34, 3564.96it/s]
  提取向量:  88%|████████▊ | 878912/1001000 [02:59<00:34, 3517.53it/s]
  提取向量:  88%|████████▊ | 879264/1001000 [02:59<00:35, 3446.06it/s]
  提取向量:  88%|████████▊ | 879612/1001000 [02:59<00:35, 3443.54it/s]
  提取向量:  88%|████████▊ | 879967/1001000 [02:59<00:34, 3468.54it/s]
  提取向量:  88%|████████▊ | 880315/1001000 [02:59<00:34, 3466.09it/s]
  提取向量:  88%|████████▊ | 880672/1001000 [02:59<00:34, 3496.67it/s]
  提取向量:  88%|████████▊ | 881022/1001000 [02:59<00:34, 3477.28it/s]
  提取向量:  88%|████████▊ | 881370/1001000 [02:59<00:34, 3470.27it/s]
  提取向量:  88%|████████▊ | 881718/1001000 [02:59<00:34, 3427.52it/s]
  提取向量:  88%|████████▊ | 882076/1001000 [03:00<00:34, 3467.56it/s]
  提取向量:  88%|████████▊ | 882445/1001000 [03:00<00:33, 3528.27it/s]
  提取向量:  88%|████████▊ | 882805/1001000 [03:00<00:33, 3541.01it/s]
  提取向量:  88%|████████▊ | 883171/1001000 [03:00<00:32, 3575.63it/s]
  提取向量:  88%|████████▊ | 883535/1001000 [03:00<00:32, 3585.25it/s]
  提取向量:  88%|████████▊ | 883907/1001000 [03:00<00:32, 3613.67it/s]
  提取向量:  88%|████████▊ | 884269/1001000 [03:00<00:32, 3609.25it/s]
  提取向量:  88%|████████▊ | 884632/1001000 [03:00<00:32, 3605.73it/s]
  提取向量:  88%|████████▊ | 884993/1001000 [03:00<00:32, 3558.79it/s]
  提取向量:  88%|████████▊ | 885350/1001000 [03:01<00:34, 3368.79it/s]
  提取向量:  88%|████████▊ | 885699/1001000 [03:01<00:33, 3396.56it/s]
  提取向量:  89%|████████▊ | 886043/1001000 [03:01<00:33, 3405.96it/s]
  提取向量:  89%|████████▊ | 886396/1001000 [03:01<00:33, 3442.08it/s]
  提取向量:  89%|████████▊ | 886743/1001000 [03:01<00:33, 3440.89it/s]
  提取向量:  89%|████████▊ | 887094/1001000 [03:01<00:32, 3454.02it/s]
  提取向量:  89%|████████▊ | 887441/1001000 [03:01<00:32, 3458.71it/s]
  提取向量:  89%|████████▊ | 887797/1001000 [03:01<00:32, 3480.72it/s]
  提取向量:  89%|████████▊ | 888146/1001000 [03:01<00:32, 3440.22it/s]
  提取向量:  89%|████████▉ | 888502/1001000 [03:01<00:32, 3474.67it/s]
  提取向量:  89%|████████▉ | 888850/1001000 [03:02<00:32, 3466.03it/s]
  提取向量:  89%|████████▉ | 889197/1001000 [03:02<00:32, 3446.79it/s]
  提取向量:  89%|████████▉ | 889543/1001000 [03:02<00:32, 3446.94it/s]
  提取向量:  89%|████████▉ | 889895/1001000 [03:02<00:32, 3468.52it/s]
  提取向量:  89%|████████▉ | 890250/1001000 [03:02<00:31, 3481.86it/s]
  提取向量:  89%|████████▉ | 890599/1001000 [03:02<00:31, 3461.32it/s]
  提取向量:  89%|████████▉ | 890952/1001000 [03:02<00:31, 3481.69it/s]
  提取向量:  89%|████████▉ | 891301/1001000 [03:02<00:31, 3477.18it/s]
  提取向量:  89%|████████▉ | 891658/1001000 [03:02<00:31, 3503.83it/s]
  提取向量:  89%|████████▉ | 892021/1001000 [03:02<00:30, 3535.12it/s]
  提取向量:  89%|████████▉ | 892375/1001000 [03:03<00:30, 3518.58it/s]
  提取向量:  89%|████████▉ | 892727/1001000 [03:03<00:30, 3514.21it/s]
  提取向量:  89%|████████▉ | 893079/1001000 [03:03<00:30, 3504.45it/s]
  提取向量:  89%|████████▉ | 893430/1001000 [03:03<00:31, 3437.83it/s]
  提取向量:  89%|████████▉ | 893775/1001000 [03:03<00:31, 3396.86it/s]
  提取向量:  89%|████████▉ | 894115/1001000 [03:03<00:32, 3301.56it/s]
  提取向量:  89%|████████▉ | 894446/1001000 [03:03<00:32, 3298.37it/s]
  提取向量:  89%|████████▉ | 894790/1001000 [03:03<00:31, 3338.81it/s]
  提取向量:  89%|████████▉ | 895132/1001000 [03:03<00:31, 3360.45it/s]
  提取向量:  89%|████████▉ | 895491/1001000 [03:03<00:30, 3417.73it/s]
  提取向量:  89%|████████▉ | 895843/1001000 [03:04<00:30, 3445.46it/s]
  提取向量:  90%|████████▉ | 896188/1001000 [03:04<00:31, 3357.14it/s]
  提取向量:  90%|████████▉ | 896534/1001000 [03:04<00:30, 3386.92it/s]
  提取向量:  90%|████████▉ | 896874/1001000 [03:04<00:30, 3377.23it/s]
  提取向量:  90%|████████▉ | 897222/1001000 [03:04<00:30, 3401.22it/s]
  提取向量:  90%|████████▉ | 897563/1001000 [03:04<00:30, 3372.59it/s]
  提取向量:  90%|████████▉ | 897920/1001000 [03:04<00:30, 3422.25it/s]
  提取向量:  90%|████████▉ | 898273/1001000 [03:04<00:29, 3448.51it/s]
  提取向量:  90%|████████▉ | 898636/1001000 [03:04<00:29, 3491.61it/s]
  提取向量:  90%|████████▉ | 898986/1001000 [03:04<00:29, 3463.38it/s]
  提取向量:  90%|████████▉ | 899334/1001000 [03:05<00:29, 3461.85it/s]
  提取向量:  90%|████████▉ | 899701/1001000 [03:05<00:28, 3520.85it/s]
  提取向量:  90%|████████▉ | 900054/1001000 [03:05<00:28, 3506.38it/s]
  提取向量:  90%|████████▉ | 900405/1001000 [03:05<00:28, 3501.49it/s]
  提取向量:  90%|████████▉ | 900770/1001000 [03:05<00:28, 3535.84it/s]
  提取向量:  90%|█████████ | 901127/1001000 [03:05<00:28, 3539.11it/s]
  提取向量:  90%|█████████ | 901490/1001000 [03:05<00:27, 3565.84it/s]
  提取向量:  90%|█████████ | 901859/1001000 [03:05<00:27, 3599.09it/s]
  提取向量:  90%|█████████ | 902219/1001000 [03:05<00:27, 3591.36it/s]
  提取向量:  90%|█████████ | 902582/1001000 [03:05<00:27, 3589.90it/s]
  提取向量:  90%|█████████ | 902946/1001000 [03:06<00:27, 3598.99it/s]
  提取向量:  90%|█████████ | 903306/1001000 [03:06<00:27, 3595.30it/s]
  提取向量:  90%|█████████ | 903670/1001000 [03:06<00:27, 3603.62it/s]
  提取向量:  90%|█████████ | 904035/1001000 [03:06<00:26, 3614.64it/s]
  提取向量:  90%|█████████ | 904397/1001000 [03:06<00:26, 3596.75it/s]
  提取向量:  90%|█████████ | 904757/1001000 [03:06<00:26, 3586.85it/s]
  提取向量:  90%|█████████ | 905119/1001000 [03:06<00:26, 3593.02it/s]
  提取向量:  90%|█████████ | 905482/1001000 [03:06<00:26, 3592.55it/s]
  提取向量:  90%|█████████ | 905844/1001000 [03:06<00:26, 3596.56it/s]
  提取向量:  91%|█████████ | 906211/1001000 [03:06<00:26, 3604.02it/s]
  提取向量:  91%|█████████ | 906572/1001000 [03:07<00:26, 3605.38it/s]
  提取向量:  91%|█████████ | 906935/1001000 [03:07<00:26, 3611.26it/s]
  提取向量:  91%|█████████ | 907297/1001000 [03:07<00:25, 3604.41it/s]
  提取向量:  91%|█████████ | 907668/1001000 [03:07<00:25, 3627.57it/s]
  提取向量:  91%|█████████ | 908035/1001000 [03:07<00:25, 3639.47it/s]
  提取向量:  91%|█████████ | 908399/1001000 [03:07<00:25, 3623.42it/s]
  提取向量:  91%|█████████ | 908769/1001000 [03:07<00:25, 3642.00it/s]
  提取向量:  91%|█████████ | 909134/1001000 [03:07<00:25, 3644.05it/s]
  提取向量:  91%|█████████ | 909503/1001000 [03:07<00:25, 3653.22it/s]
  提取向量:  91%|█████████ | 909869/1001000 [03:07<00:25, 3642.98it/s]
  提取向量:  91%|█████████ | 910234/1001000 [03:08<00:25, 3612.70it/s]
  提取向量:  91%|█████████ | 910596/1001000 [03:08<00:25, 3604.88it/s]
  提取向量:  91%|█████████ | 910963/1001000 [03:08<00:24, 3622.30it/s]
  提取向量:  91%|█████████ | 911326/1001000 [03:08<00:25, 3572.36it/s]
  提取向量:  91%|█████████ | 911684/1001000 [03:08<00:26, 3341.01it/s]
  提取向量:  91%|█████████ | 912026/1001000 [03:08<00:26, 3354.75it/s]
  提取向量:  91%|█████████ | 912379/1001000 [03:08<00:26, 3403.75it/s]
  提取向量:  91%|█████████ | 912722/1001000 [03:08<00:25, 3404.36it/s]
  提取向量:  91%|█████████ | 913072/1001000 [03:08<00:25, 3423.46it/s]
  提取向量:  91%|█████████▏| 913423/1001000 [03:09<00:25, 3444.93it/s]
  提取向量:  91%|█████████▏| 913778/1001000 [03:09<00:25, 3472.05it/s]
  提取向量:  91%|█████████▏| 914139/1001000 [03:09<00:24, 3507.95it/s]
  提取向量:  91%|█████████▏| 914491/1001000 [03:09<00:24, 3496.69it/s]
  提取向量:  91%|█████████▏| 914856/1001000 [03:09<00:24, 3537.04it/s]
  提取向量:  91%|█████████▏| 915210/1001000 [03:09<00:24, 3507.92it/s]
  提取向量:  91%|█████████▏| 915575/1001000 [03:09<00:24, 3548.24it/s]
  提取向量:  92%|█████████▏| 915934/1001000 [03:09<00:23, 3555.57it/s]
  提取向量:  92%|█████████▏| 916290/1001000 [03:09<00:23, 3546.73it/s]
  提取向量:  92%|█████████▏| 916649/1001000 [03:09<00:23, 3556.60it/s]
  提取向量:  92%|█████████▏| 917016/1001000 [03:10<00:23, 3585.92it/s]
  提取向量:  92%|█████████▏| 917381/1001000 [03:10<00:23, 3600.51it/s]
  提取向量:  92%|█████████▏| 917742/1001000 [03:10<00:23, 3574.34it/s]
  提取向量:  92%|█████████▏| 918100/1001000 [03:10<00:23, 3554.80it/s]
  提取向量:  92%|█████████▏| 918456/1001000 [03:10<00:23, 3502.09it/s]
  提取向量:  92%|█████████▏| 918808/1001000 [03:10<00:23, 3501.13it/s]
  提取向量:  92%|█████████▏| 919164/1001000 [03:10<00:23, 3509.04it/s]
  提取向量:  92%|█████████▏| 919527/1001000 [03:10<00:22, 3543.78it/s]
  提取向量:  92%|█████████▏| 919899/1001000 [03:10<00:22, 3590.99it/s]
  提取向量:  92%|█████████▏| 920260/1001000 [03:10<00:22, 3590.67it/s]
  提取向量:  92%|█████████▏| 920623/1001000 [03:11<00:22, 3592.60it/s]
  提取向量:  92%|█████████▏| 920986/1001000 [03:11<00:22, 3593.34it/s]
  提取向量:  92%|█████████▏| 921351/1001000 [03:11<00:22, 3609.30it/s]
  提取向量:  92%|█████████▏| 921717/1001000 [03:11<00:21, 3623.40it/s]
  提取向量:  92%|█████████▏| 922089/1001000 [03:11<00:21, 3651.23it/s]
  提取向量:  92%|█████████▏| 922455/1001000 [03:11<00:21, 3650.36it/s]
  提取向量:  92%|█████████▏| 922821/1001000 [03:11<00:21, 3635.09it/s]
  提取向量:  92%|█████████▏| 923189/1001000 [03:11<00:21, 3643.74it/s]
  提取向量:  92%|█████████▏| 923559/1001000 [03:11<00:21, 3649.89it/s]
  提取向量:  92%|█████████▏| 923953/1001000 [03:11<00:20, 3723.80it/s]
  提取向量:  92%|█████████▏| 924326/1001000 [03:12<00:20, 3702.97it/s]
  提取向量:  92%|█████████▏| 924701/1001000 [03:12<00:20, 3716.88it/s]
  提取向量:  92%|█████████▏| 925073/1001000 [03:12<00:20, 3694.13it/s]
  提取向量:  92%|█████████▏| 925447/1001000 [03:12<00:20, 3707.02it/s]
  提取向量:  92%|█████████▏| 925822/1001000 [03:12<00:20, 3718.87it/s]
  提取向量:  93%|█████████▎| 926194/1001000 [03:12<00:20, 3702.36it/s]
  提取向量:  93%|█████████▎| 926565/1001000 [03:12<00:20, 3686.75it/s]
  提取向量:  93%|█████████▎| 926934/1001000 [03:12<00:20, 3641.98it/s]
  提取向量:  93%|█████████▎| 927304/1001000 [03:12<00:20, 3656.65it/s]
  提取向量:  93%|█████████▎| 927672/1001000 [03:12<00:20, 3652.42it/s]
  提取向量:  93%|█████████▎| 928038/1001000 [03:13<00:20, 3645.96it/s]
  提取向量:  93%|█████████▎| 928403/1001000 [03:13<00:19, 3645.83it/s]
  提取向量:  93%|█████████▎| 928778/1001000 [03:13<00:19, 3675.63it/s]
  提取向量:  93%|█████████▎| 929146/1001000 [03:13<00:19, 3671.95it/s]
  提取向量:  93%|█████████▎| 929514/1001000 [03:13<00:19, 3651.13it/s]
  提取向量:  93%|█████████▎| 929880/1001000 [03:13<00:19, 3646.19it/s]
  提取向量:  93%|█████████▎| 930254/1001000 [03:13<00:19, 3664.70it/s]
  提取向量:  93%|█████████▎| 930621/1001000 [03:13<00:19, 3654.56it/s]
  提取向量:  93%|█████████▎| 930991/1001000 [03:13<00:19, 3668.01it/s]
  提取向量:  93%|█████████▎| 931358/1001000 [03:13<00:19, 3650.76it/s]
  提取向量:  93%|█████████▎| 931735/1001000 [03:14<00:18, 3682.61it/s]
  提取向量:  93%|█████████▎| 932104/1001000 [03:14<00:18, 3679.62it/s]
  提取向量:  93%|█████████▎| 932472/1001000 [03:14<00:18, 3677.50it/s]
  提取向量:  93%|█████████▎| 932840/1001000 [03:14<00:18, 3659.89it/s]
  提取向量:  93%|█████████▎| 933207/1001000 [03:14<00:18, 3650.46it/s]
  提取向量:  93%|█████████▎| 933581/1001000 [03:14<00:18, 3669.94it/s]
  提取向量:  93%|█████████▎| 933949/1001000 [03:14<00:18, 3654.81it/s]
  提取向量:  93%|█████████▎| 934319/1001000 [03:14<00:18, 3658.09it/s]
  提取向量:  93%|█████████▎| 934685/1001000 [03:14<00:18, 3647.74it/s]
  提取向量:  93%|█████████▎| 935050/1001000 [03:14<00:18, 3634.09it/s]
  提取向量:  93%|█████████▎| 935425/1001000 [03:15<00:17, 3660.62it/s]
  提取向量:  93%|█████████▎| 935800/1001000 [03:15<00:17, 3678.70it/s]
  提取向量:  94%|█████████▎| 936176/1001000 [03:15<00:17, 3696.03it/s]
  提取向量:  94%|█████████▎| 936546/1001000 [03:15<00:17, 3659.97it/s]
  提取向量:  94%|█████████▎| 936921/1001000 [03:15<00:17, 3686.03it/s]
  提取向量:  94%|█████████▎| 937302/1001000 [03:15<00:17, 3715.15it/s]
  提取向量:  94%|█████████▎| 937676/1001000 [03:15<00:17, 3713.54it/s]
  提取向量:  94%|█████████▎| 938048/1001000 [03:15<00:17, 3679.84it/s]
  提取向量:  94%|█████████▎| 938425/1001000 [03:15<00:16, 3691.64it/s]
  提取向量:  94%|█████████▍| 938799/1001000 [03:16<00:16, 3696.37it/s]
  提取向量:  94%|█████████▍| 939169/1001000 [03:16<00:16, 3696.22it/s]
  提取向量:  94%|█████████▍| 939541/1001000 [03:16<00:16, 3700.90it/s]
  提取向量:  94%|█████████▍| 939913/1001000 [03:16<00:16, 3703.48it/s]
  提取向量:  94%|█████████▍| 940288/1001000 [03:16<00:16, 3708.01it/s]
  提取向量:  94%|█████████▍| 940659/1001000 [03:16<00:16, 3704.34it/s]
  提取向量:  94%|█████████▍| 941035/1001000 [03:16<00:16, 3718.88it/s]
  提取向量:  94%|█████████▍| 941407/1001000 [03:16<00:16, 3712.29it/s]
  提取向量:  94%|█████████▍| 941779/1001000 [03:16<00:15, 3708.64it/s]
  提取向量:  94%|█████████▍| 942158/1001000 [03:16<00:15, 3722.51it/s]
  提取向量:  94%|█████████▍| 942541/1001000 [03:17<00:15, 3745.37it/s]
  提取向量:  94%|█████████▍| 942925/1001000 [03:17<00:15, 3772.90it/s]
  提取向量:  94%|█████████▍| 943303/1001000 [03:17<00:15, 3753.64it/s]
  提取向量:  94%|█████████▍| 943679/1001000 [03:17<00:15, 3752.63it/s]
  提取向量:  94%|█████████▍| 944055/1001000 [03:17<00:15, 3720.74it/s]
  提取向量:  94%|█████████▍| 944428/1001000 [03:17<00:15, 3723.05it/s]
  提取向量:  94%|█████████▍| 944810/1001000 [03:17<00:15, 3743.05it/s]
  提取向量:  94%|█████████▍| 945191/1001000 [03:17<00:14, 3761.79it/s]
  提取向量:  94%|█████████▍| 945568/1001000 [03:17<00:14, 3743.21it/s]
  提取向量:  94%|█████████▍| 945943/1001000 [03:17<00:14, 3744.00it/s]
  提取向量:  95%|█████████▍| 946325/1001000 [03:18<00:14, 3757.47it/s]
  提取向量:  95%|█████████▍| 946701/1001000 [03:18<00:14, 3748.33it/s]
  提取向量:  95%|█████████▍| 947076/1001000 [03:18<00:14, 3729.45it/s]
  提取向量:  95%|█████████▍| 947449/1001000 [03:18<00:14, 3722.33it/s]
  提取向量:  95%|█████████▍| 947823/1001000 [03:18<00:14, 3719.85it/s]
  提取向量:  95%|█████████▍| 948195/1001000 [03:18<00:14, 3714.69it/s]
  提取向量:  95%|█████████▍| 948570/1001000 [03:18<00:14, 3722.52it/s]
  提取向量:  95%|█████████▍| 948944/1001000 [03:18<00:14, 3716.68it/s]
  提取向量:  95%|█████████▍| 949327/1001000 [03:18<00:13, 3747.91it/s]
  提取向量:  95%|█████████▍| 949710/1001000 [03:18<00:13, 3768.44it/s]
  提取向量:  95%|█████████▍| 950087/1001000 [03:19<00:13, 3755.60it/s]
  提取向量:  95%|█████████▍| 950464/1001000 [03:19<00:13, 3758.35it/s]
  提取向量:  95%|█████████▍| 950840/1001000 [03:19<00:13, 3734.56it/s]
  提取向量:  95%|█████████▌| 951220/1001000 [03:19<00:13, 3751.10it/s]
  提取向量:  95%|█████████▌| 951598/1001000 [03:19<00:13, 3756.87it/s]
  提取向量:  95%|█████████▌| 951974/1001000 [03:19<00:13, 3723.62it/s]
  提取向量:  95%|█████████▌| 952352/1001000 [03:19<00:13, 3731.53it/s]
  提取向量:  95%|█████████▌| 952727/1001000 [03:19<00:12, 3728.07it/s]
  提取向量:  95%|█████████▌| 953107/1001000 [03:19<00:12, 3749.39it/s]
  提取向量:  95%|█████████▌| 953482/1001000 [03:19<00:12, 3731.53it/s]
  提取向量:  95%|█████████▌| 953869/1001000 [03:20<00:12, 3765.96it/s]
  提取向量:  95%|█████████▌| 954252/1001000 [03:20<00:12, 3775.45it/s]
  提取向量:  95%|█████████▌| 954632/1001000 [03:20<00:12, 3779.00it/s]
  提取向量:  95%|█████████▌| 955020/1001000 [03:20<00:12, 3795.79it/s]
  提取向量:  95%|█████████▌| 955401/1001000 [03:20<00:12, 3790.88it/s]
  提取向量:  95%|█████████▌| 955782/1001000 [03:20<00:11, 3792.48it/s]
  提取向量:  96%|█████████▌| 956162/1001000 [03:20<00:11, 3777.37it/s]
  提取向量:  96%|█████████▌| 956540/1001000 [03:20<00:11, 3770.97it/s]
  提取向量:  96%|█████████▌| 956921/1001000 [03:20<00:11, 3781.81it/s]
  提取向量:  96%|█████████▌| 957307/1001000 [03:20<00:11, 3802.71it/s]
  提取向量:  96%|█████████▌| 957695/1001000 [03:21<00:11, 3822.65it/s]
  提取向量:  96%|█████████▌| 958082/1001000 [03:21<00:11, 3833.23it/s]
  提取向量:  96%|█████████▌| 958466/1001000 [03:21<00:11, 3801.61it/s]
  提取向量:  96%|█████████▌| 958847/1001000 [03:21<00:11, 3788.29it/s]
  提取向量:  96%|█████████▌| 959239/1001000 [03:21<00:10, 3825.23it/s]
  提取向量:  96%|█████████▌| 959622/1001000 [03:21<00:10, 3790.48it/s]
  提取向量:  96%|█████████▌| 960002/1001000 [03:21<00:10, 3793.10it/s]
  提取向量:  96%|█████████▌| 960382/1001000 [03:21<00:10, 3776.68it/s]
  提取向量:  96%|█████████▌| 960760/1001000 [03:21<00:11, 3585.67it/s]
  提取向量:  96%|█████████▌| 961133/1001000 [03:21<00:11, 3621.42it/s]
  提取向量:  96%|█████████▌| 961519/1001000 [03:22<00:10, 3690.42it/s]
  提取向量:  96%|█████████▌| 961898/1001000 [03:22<00:10, 3713.12it/s]
  提取向量:  96%|█████████▌| 962276/1001000 [03:22<00:10, 3724.18it/s]
  提取向量:  96%|█████████▌| 962651/1001000 [03:22<00:10, 3730.01it/s]
  提取向量:  96%|█████████▌| 963025/1001000 [03:22<00:10, 3715.04it/s]
  提取向量:  96%|█████████▌| 963399/1001000 [03:22<00:10, 3722.24it/s]
  提取向量:  96%|█████████▋| 963774/1001000 [03:22<00:09, 3730.29it/s]
  提取向量:  96%|█████████▋| 964157/1001000 [03:22<00:09, 3757.78it/s]
  提取向量:  96%|█████████▋| 964533/1001000 [03:22<00:09, 3748.90it/s]
  提取向量:  96%|█████████▋| 964924/1001000 [03:22<00:09, 3793.23it/s]
  提取向量:  96%|█████████▋| 965304/1001000 [03:23<00:09, 3781.54it/s]
  提取向量:  96%|█████████▋| 965683/1001000 [03:23<00:09, 3775.52it/s]
  提取向量:  97%|█████████▋| 966068/1001000 [03:23<00:09, 3786.85it/s]
  提取向量:  97%|█████████▋| 966447/1001000 [03:23<00:09, 3781.03it/s]
  提取向量:  97%|█████████▋| 966826/1001000 [03:23<00:09, 3767.55it/s]
  提取向量:  97%|█████████▋| 967213/1001000 [03:23<00:08, 3797.84it/s]
  提取向量:  97%|█████████▋| 967593/1001000 [03:23<00:08, 3798.32it/s]
  提取向量:  97%|█████████▋| 967978/1001000 [03:23<00:08, 3805.33it/s]
  提取向量:  97%|█████████▋| 968359/1001000 [03:23<00:08, 3779.32it/s]
  提取向量:  97%|█████████▋| 968737/1001000 [03:23<00:08, 3756.81it/s]
  提取向量:  97%|█████████▋| 969113/1001000 [03:24<00:08, 3730.12it/s]
  提取向量:  97%|█████████▋| 969487/1001000 [03:24<00:08, 3715.27it/s]
  提取向量:  97%|█████████▋| 969867/1001000 [03:24<00:08, 3738.10it/s]
  提取向量:  97%|█████████▋| 970248/1001000 [03:24<00:08, 3759.25it/s]
  提取向量:  97%|█████████▋| 970633/1001000 [03:24<00:08, 3777.06it/s]
  提取向量:  97%|█████████▋| 971011/1001000 [03:24<00:07, 3761.58it/s]
  提取向量:  97%|█████████▋| 971388/1001000 [03:24<00:07, 3757.65it/s]
  提取向量:  97%|█████████▋| 971764/1001000 [03:24<00:07, 3753.64it/s]
  提取向量:  97%|█████████▋| 972140/1001000 [03:24<00:07, 3685.46it/s]
  提取向量:  97%|█████████▋| 972509/1001000 [03:25<00:07, 3642.25it/s]
  提取向量:  97%|█████████▋| 972874/1001000 [03:25<00:07, 3625.70it/s]
  提取向量:  97%|█████████▋| 973246/1001000 [03:25<00:07, 3650.83it/s]
  提取向量:  97%|█████████▋| 973612/1001000 [03:25<00:07, 3633.03it/s]
  提取向量:  97%|█████████▋| 973982/1001000 [03:25<00:07, 3642.31it/s]
  提取向量:  97%|█████████▋| 974358/1001000 [03:25<00:07, 3674.58it/s]
  提取向量:  97%|█████████▋| 974726/1001000 [03:25<00:07, 3637.62it/s]
  提取向量:  97%|█████████▋| 975090/1001000 [03:25<00:07, 3571.94it/s]
  提取向量:  97%|█████████▋| 975448/1001000 [03:25<00:07, 3471.07it/s]
  提取向量:  97%|█████████▋| 975828/1001000 [03:25<00:07, 3557.30it/s]
  提取向量:  98%|█████████▊| 976207/1001000 [03:26<00:06, 3620.79it/s]
  提取向量:  98%|█████████▊| 976573/1001000 [03:26<00:06, 3621.59it/s]
  提取向量:  98%|█████████▊| 976958/1001000 [03:26<00:06, 3679.66it/s]
  提取向量:  98%|█████████▊| 977350/1001000 [03:26<00:06, 3749.94it/s]
  提取向量:  98%|█████████▊| 977739/1001000 [03:26<00:06, 3783.80it/s]
  提取向量:  98%|█████████▊| 978120/1001000 [03:26<00:06, 3788.80it/s]
  提取向量:  98%|█████████▊| 978500/1001000 [03:26<00:05, 3761.61it/s]
  提取向量:  98%|█████████▊| 978884/1001000 [03:26<00:05, 3781.82it/s]
  提取向量:  98%|█████████▊| 979270/1001000 [03:26<00:05, 3802.11it/s]
  提取向量:  98%|█████████▊| 979651/1001000 [03:26<00:05, 3781.87it/s]
  提取向量:  98%|█████████▊| 980030/1001000 [03:27<00:05, 3783.22it/s]
  提取向量:  98%|█████████▊| 980409/1001000 [03:27<00:05, 3734.55it/s]
  提取向量:  98%|█████████▊| 980783/1001000 [03:27<00:05, 3710.01it/s]
  提取向量:  98%|█████████▊| 981161/1001000 [03:27<00:05, 3725.96it/s]
  提取向量:  98%|█████████▊| 981541/1001000 [03:27<00:05, 3740.31it/s]
  提取向量:  98%|█████████▊| 981923/1001000 [03:27<00:05, 3763.88it/s]
  提取向量:  98%|█████████▊| 982300/1001000 [03:27<00:05, 3720.28it/s]
  提取向量:  98%|█████████▊| 982677/1001000 [03:27<00:04, 3725.15it/s]
  提取向量:  98%|█████████▊| 983058/1001000 [03:27<00:04, 3740.18it/s]
  提取向量:  98%|█████████▊| 983435/1001000 [03:27<00:04, 3747.03it/s]
  提取向量:  98%|█████████▊| 983810/1001000 [03:28<00:04, 3740.52it/s]
  提取向量:  98%|█████████▊| 984199/1001000 [03:28<00:04, 3784.09it/s]
  提取向量:  98%|█████████▊| 984592/1001000 [03:28<00:04, 3825.38it/s]
  提取向量:  98%|█████████▊| 984976/1001000 [03:28<00:04, 3826.23it/s]
  提取向量:  98%|█████████▊| 985359/1001000 [03:28<00:04, 3819.18it/s]
  提取向量:  98%|█████████▊| 985743/1001000 [03:28<00:03, 3821.89it/s]
  提取向量:  99%|█████████▊| 986132/1001000 [03:28<00:03, 3837.43it/s]
  提取向量:  99%|█████████▊| 986516/1001000 [03:28<00:03, 3814.99it/s]
  提取向量:  99%|█████████▊| 986904/1001000 [03:28<00:03, 3834.30it/s]
  提取向量:  99%|█████████▊| 987289/1001000 [03:28<00:03, 3831.52it/s]
  提取向量:  99%|█████████▊| 987678/1001000 [03:29<00:03, 3847.32it/s]
  提取向量:  99%|█████████▊| 988063/1001000 [03:29<00:03, 3834.20it/s]
  提取向量:  99%|█████████▊| 988447/1001000 [03:29<00:03, 3813.86it/s]
  提取向量:  99%|█████████▉| 988829/1001000 [03:29<00:03, 3815.49it/s]
  提取向量:  99%|█████████▉| 989211/1001000 [03:29<00:03, 3799.24it/s]
  提取向量:  99%|█████████▉| 989591/1001000 [03:29<00:03, 3775.20it/s]
  提取向量:  99%|█████████▉| 989975/1001000 [03:29<00:02, 3790.93it/s]
  提取向量:  99%|█████████▉| 990366/1001000 [03:29<00:02, 3824.47it/s]
  提取向量:  99%|█████████▉| 990749/1001000 [03:29<00:02, 3821.41it/s]
  提取向量:  99%|█████████▉| 991143/1001000 [03:29<00:02, 3856.15it/s]
  提取向量:  99%|█████████▉| 991535/1001000 [03:30<00:02, 3871.69it/s]
  提取向量:  99%|█████████▉| 991923/1001000 [03:30<00:02, 3869.00it/s]
  提取向量:  99%|█████████▉| 992310/1001000 [03:30<00:02, 3865.20it/s]
  提取向量:  99%|█████████▉| 992703/1001000 [03:30<00:02, 3879.69it/s]
  提取向量:  99%|█████████▉| 993091/1001000 [03:30<00:02, 3878.23it/s]
  提取向量:  99%|█████████▉| 993479/1001000 [03:30<00:01, 3842.15it/s]
  提取向量:  99%|█████████▉| 993868/1001000 [03:30<00:01, 3848.50it/s]
  提取向量:  99%|█████████▉| 994253/1001000 [03:30<00:01, 3828.10it/s]
  提取向量:  99%|█████████▉| 994644/1001000 [03:30<00:01, 3843.46it/s]
  提取向量:  99%|█████████▉| 995034/1001000 [03:30<00:01, 3849.26it/s]
  提取向量:  99%|█████████▉| 995419/1001000 [03:31<00:01, 3811.84it/s]
  提取向量:  99%|█████████▉| 995815/1001000 [03:31<00:01, 3854.26it/s]
  提取向量: 100%|█████████▉| 996204/1001000 [03:31<00:01, 3863.92it/s]
  提取向量: 100%|█████████▉| 996600/1001000 [03:31<00:01, 3885.60it/s]
  提取向量: 100%|█████████▉| 996989/1001000 [03:31<00:01, 3874.50it/s]
  提取向量: 100%|█████████▉| 997391/1001000 [03:31<00:00, 3908.84it/s]
  提取向量: 100%|█████████▉| 997782/1001000 [03:31<00:00, 3878.75it/s]
  提取向量: 100%|█████████▉| 998170/1001000 [03:31<00:00, 3710.05it/s]
  提取向量: 100%|█████████▉| 998567/1001000 [03:31<00:00, 3782.10it/s]
  提取向量: 100%|█████████▉| 998960/1001000 [03:31<00:00, 3819.44it/s]
  提取向量: 100%|█████████▉| 999355/1001000 [03:32<00:00, 3851.59it/s]
  提取向量: 100%|█████████▉| 999741/1001000 [03:32<00:00, 3839.60it/s]
  提取向量: 100%|█████████▉| 1000131/1001000 [03:32<00:00, 3853.22it/s]
  提取向量: 100%|█████████▉| 1000517/1001000 [03:32<00:00, 3846.16it/s]
  提取向量: 100%|█████████▉| 1000903/1001000 [03:32<00:00, 3843.30it/s]
  提取向量: 100%|██████████| 1001000/1001000 [03:32<00:00, 4710.01it/s]
  训练集: (1000000, 1024), 测试集: (1000, 1024)
  计算 ground truth (top-10)...

  GT 计算:   0%|          | 0/10 [00:00<?, ?it/s]
  GT 计算:  10%|█         | 1/10 [00:00<00:08,  1.03it/s]
  GT 计算:  20%|██        | 2/10 [00:01<00:07,  1.06it/s]
  GT 计算:  30%|███       | 3/10 [00:02<00:06,  1.07it/s]
  GT 计算:  40%|████      | 4/10 [00:03<00:05,  1.09it/s]
  GT 计算:  50%|█████     | 5/10 [00:04<00:04,  1.12it/s]
  GT 计算:  60%|██████    | 6/10 [00:05<00:03,  1.12it/s]
  GT 计算:  70%|███████   | 7/10 [00:06<00:02,  1.19it/s]
  GT 计算:  80%|████████  | 8/10 [00:07<00:01,  1.20it/s]
  GT 计算:  90%|█████████ | 9/10 [00:07<00:00,  1.26it/s]
  GT 计算: 100%|██████████| 10/10 [00:08<00:00,  1.27it/s]
  GT 计算: 100%|██████████| 10/10 [00:08<00:00,  1.18it/s]
  [OK] bge_m3_train.f32: shape=(1000000, 1024), 3906.2 MB
  [OK] bge_m3_test.f32: shape=(1000, 1024), 3.9 MB
  [OK] bge_m3_groundtruth.i32: shape=(1000, 10), 0.0 MB
  [完成] 耗时 1163.9s

======================================================================
  完成! 成功: 1, 失败: 0
======================================================================
Exception ignored in: <function ResourceTracker.__del__ at 0x000002B2C464B560>
Traceback (most recent call last):
  File "C:\Users\v_chchsli\Desktop\TriviumDB\.venv\Lib\site-packages\multiprocess\resource_tracker.py", line 80, in __del__
  File "C:\Users\v_chchsli\Desktop\TriviumDB\.venv\Lib\site-packages\multiprocess\resource_tracker.py", line 89, in _stop
  File "C:\Users\v_chchsli\Desktop\TriviumDB\.venv\Lib\site-packages\multiprocess\resource_tracker.py", line 102, in _stop_locked
AttributeError: '_thread.RLock' object has no attribute '_recursion_count'
