warning: linker stdout: 正在创建库 C:\Users\v_chchsli\Desktop\TriviumDB\target\release\deps\triviumdb.dll.lib 和对象 C:\Users\v_chchsli\Desktop\TriviumDB\target\release\deps\triviumdb.dll.exp
  |
  = note: `#[warn(linker_messages)]` on by default

warning: `triviumdb` (lib) generated 1 warning
   Compiling triviumdb v0.8.8 (C:\Users\v_chchsli\Desktop\TriviumDB)
    Finished `bench` profile [optimized] target(s) in 24.51s
     Running benches\bench_tsng_c1.rs (target\release\deps\bench_tsng_c1-240c5d9902817dd4.exe)
{
  "schema_version": 2,
  "package_version": "0.8.8",
  "config": {
    "nodes": 100000,
    "queries": 32,
    "warmup": 3,
    "dim": 64,
    "seed": 13961518665737502722,
    "clusters": 32,
    "property_selectivity": 0.04416,
    "graph_selectivity": 0.0496,
    "target_recall": 0.8,
    "ef_values": [
      64,
      128,
      256,
      512,
      1024,
      2048,
      4096
    ],
    "metadata_bonus_caps_ppm": [
      100000
    ],
    "signal_queue_quotas_ppm": [
      0,
      100000,
      200000,
      250000,
      330000,
      500000
    ],
    "graph_seed_limits": [
      0,
      16,
      64,
      256
    ]
  },
  "build_seconds": 1.8802495000000001,
  "dataset_validation": {
    "unique_query_clusters": 32,
    "property_matches": 4416,
    "graph_edges": 4960,
    "exact_property_results_full": true,
    "exact_graph_results_full": true,
    "exact_three_signal_results_full": true
  },
  "scenarios": [
    {
      "name": "vector_property",
      "curves": [
        {
          "method": "industrial_fixed",
          "ef_search": 64,
          "metadata_bonus_cap_ppm": 0,
          "signal_queue_quota_ppm": 0,
          "graph_seed_limit": 0,
          "p50_ms": 0.0954,
          "p95_ms": 0.1295,
          "p99_ms": 0.1425,
          "mean_recall_at_10": 0.04375,
          "mean_ndcg_at_10": 0.04981124791988292,
          "mean_result_count": 2.75,
          "mean_navigation_scores": 1629.15625,
          "mean_candidates_reranked": 3.40625,
          "peak_candidates": 24,
          "peak_temp_bytes": 384,
          "estimated_vector_page_reads": 28,
          "estimated_payload_page_reads": 109,
          "estimated_graph_page_reads": 0,
          "mean_bq_posting_lookup_ms": 0.0,
          "mean_bq_node_mapping_ms": 0.0,
          "mean_bq_heap_scan_ms": 0.0,
          "mean_bq_output_sort_ms": 0.0,
          "bq_slot_cache_hits": 0,
          "bq_slot_cache_misses": 0,
          "mean_bq_mapped_candidates": 0.0,
          "mean_adaptive_ef_search": 64.0,
          "mean_vector_density_skew_ppm": 996968.0,
          "selected_access_path": "PropertyFilteredAnn",
          "property_path_cost": 12928,
          "graph_path_cost": 18446744073709551615,
          "filtered_ann_path_cost": 6996,
          "resident_heap_bytes": 53200116,
          "mapped_bytes": 26758086,
          "wal_bytes_delta": 0,
          "sidecar_bytes_delta": 0,
          "checkpoint_bytes_delta": 0,
          "temporary_spill_bytes_delta": 0
        },
        {
          "method": "industrial_selectivity",
          "ef_search": 64,
          "metadata_bonus_cap_ppm": 0,
          "signal_queue_quota_ppm": 0,
          "graph_seed_limit": 0,
          "p50_ms": 0.8664999999999999,
          "p95_ms": 1.1583999999999999,
          "p99_ms": 1.3423,
          "mean_recall_at_10": 0.75,
          "mean_ndcg_at_10": 0.75,
          "mean_result_count": 10.0,
          "mean_navigation_scores": 7943.5625,
          "mean_candidates_reranked": 63.59375,
          "peak_candidates": 64,
          "peak_temp_bytes": 1024,
          "estimated_vector_page_reads": 128,
          "estimated_payload_page_reads": 2035,
          "estimated_graph_page_reads": 0,
          "mean_bq_posting_lookup_ms": 0.0,
          "mean_bq_node_mapping_ms": 0.0,
          "mean_bq_heap_scan_ms": 0.0,
          "mean_bq_output_sort_ms": 0.0,
          "bq_slot_cache_hits": 0,
          "bq_slot_cache_misses": 0,
          "mean_bq_mapped_candidates": 0.0,
          "mean_adaptive_ef_search": 1450.0,
          "mean_vector_density_skew_ppm": 996968.0,
          "selected_access_path": "PropertyFilteredAnn",
          "property_path_cost": 12928,
          "graph_path_cost": 18446744073709551615,
          "filtered_ann_path_cost": 6996,
          "resident_heap_bytes": 53200116,
          "mapped_bytes": 26758086,
          "wal_bytes_delta": 0,
          "sidecar_bytes_delta": 0,
          "checkpoint_bytes_delta": 0,
          "temporary_spill_bytes_delta": 0
        },
        {
          "method": "industrial_density",
          "ef_search": 64,
          "metadata_bonus_cap_ppm": 0,
          "signal_queue_quota_ppm": 0,
          "graph_seed_limit": 0,
          "p50_ms": 0.9152,
          "p95_ms": 1.1419,
          "p99_ms": 1.2625,
          "mean_recall_at_10": 0.75,
          "mean_ndcg_at_10": 0.75,
          "mean_result_count": 10.0,
          "mean_navigation_scores": 7943.4375,
          "mean_candidates_reranked": 63.53125,
          "peak_candidates": 64,
          "peak_temp_bytes": 1024,
          "estimated_vector_page_reads": 128,
          "estimated_payload_page_reads": 2033,
          "estimated_graph_page_reads": 0,
          "mean_bq_posting_lookup_ms": 0.0,
          "mean_bq_node_mapping_ms": 0.0,
          "mean_bq_heap_scan_ms": 0.0,
          "mean_bq_output_sort_ms": 0.0,
          "bq_slot_cache_hits": 0,
          "bq_slot_cache_misses": 0,
          "mean_bq_mapped_candidates": 0.0,
          "mean_adaptive_ef_search": 1448.0,
          "mean_vector_density_skew_ppm": 996968.0,
          "selected_access_path": "PropertyFilteredAnn",
          "property_path_cost": 12928,
          "graph_path_cost": 18446744073709551615,
          "filtered_ann_path_cost": 6996,
          "resident_heap_bytes": 53200116,
          "mapped_bytes": 26758086,
          "wal_bytes_delta": 0,
          "sidecar_bytes_delta": 0,
          "checkpoint_bytes_delta": 0,
          "temporary_spill_bytes_delta": 0
        },
        {
          "method": "post_filter",
          "ef_search": 64,
          "metadata_bonus_cap_ppm": 0,
          "signal_queue_quota_ppm": 0,
          "graph_seed_limit": 0,
          "p50_ms": 0.0902,
          "p95_ms": 0.1143,
          "p99_ms": 0.1155,
          "mean_recall_at_10": 0.04375,
          "mean_ndcg_at_10": 0.04981124791988292,
          "mean_result_count": 2.75,
          "mean_navigation_scores": 1629.15625,
          "mean_candidates_reranked": 64.0,
          "peak_candidates": 0,
          "peak_temp_bytes": 0,
          "estimated_vector_page_reads": 0,
          "estimated_payload_page_reads": 0,
          "estimated_graph_page_reads": 0,
          "mean_bq_posting_lookup_ms": 0.0,
          "mean_bq_node_mapping_ms": 0.0,
          "mean_bq_heap_scan_ms": 0.0,
          "mean_bq_output_sort_ms": 0.0,
          "bq_slot_cache_hits": 0,
          "bq_slot_cache_misses": 0,
          "mean_bq_mapped_candidates": 0.0,
          "mean_adaptive_ef_search": 0.0,
          "mean_vector_density_skew_ppm": 0.0,
          "selected_access_path": "AnnPostFilter",
          "property_path_cost": 0,
          "graph_path_cost": 0,
          "filtered_ann_path_cost": 0,
          "resident_heap_bytes": 53200116,
          "mapped_bytes": 26758086,
          "wal_bytes_delta": 0,
          "sidecar_bytes_delta": 0,
          "checkpoint_bytes_delta": 0,
          "temporary_spill_bytes_delta": 0
        },
        {
          "method": "bq_prefilter",
          "ef_search": 64,
          "metadata_bonus_cap_ppm": 0,
          "signal_queue_quota_ppm": 0,
          "graph_seed_limit": 0,
          "p50_ms": 0.0869,
          "p95_ms": 0.0963,
          "p99_ms": 0.0971,
          "mean_recall_at_10": 0.9031249999999997,
          "mean_ndcg_at_10": 0.9530980370309107,
          "mean_result_count": 10.0,
          "mean_navigation_scores": 4416.0,
          "mean_candidates_reranked": 64.0,
          "peak_candidates": 64,
          "peak_temp_bytes": 1024,
          "estimated_vector_page_reads": 128,
          "estimated_payload_page_reads": 2048,
          "estimated_graph_page_reads": 0,
          "mean_bq_posting_lookup_ms": 0.00004375,
          "mean_bq_node_mapping_ms": 0.000034375,
          "mean_bq_heap_scan_ms": 0.04640625,
          "mean_bq_output_sort_ms": 0.000721875,
          "bq_slot_cache_hits": 32,
          "bq_slot_cache_misses": 0,
          "mean_bq_mapped_candidates": 4416.0,
          "mean_adaptive_ef_search": 0.0,
          "mean_vector_density_skew_ppm": 0.0,
          "selected_access_path": "PropertyVectorUnion",
          "property_path_cost": 0,
          "graph_path_cost": 0,
          "filtered_ann_path_cost": 0,
          "resident_heap_bytes": 53200116,
          "mapped_bytes": 26758086,
          "wal_bytes_delta": 0,
          "sidecar_bytes_delta": 0,
          "checkpoint_bytes_delta": 0,
          "temporary_spill_bytes_delta": 0
        },
        {
          "method": "tsng",
          "ef_search": 64,
          "metadata_bonus_cap_ppm": 100000,
          "signal_queue_quota_ppm": 0,
          "graph_seed_limit": 0,
          "p50_ms": 0.1216,
          "p95_ms": 0.21259999999999998,
          "p99_ms": 0.3956,
          "mean_recall_at_10": 0.04375,
          "mean_ndcg_at_10": 0.04981124791988292,
          "mean_result_count": 2.75,
          "mean_navigation_scores": 1629.15625,
          "mean_candidates_reranked": 64.0,
          "peak_candidates": 0,
          "peak_temp_bytes": 0,
          "estimated_vector_page_reads": 0,
          "estimated_payload_page_reads": 0,
          "estimated_graph_page_reads": 0,
          "mean_bq_posting_lookup_ms": 0.0,
          "mean_bq_node_mapping_ms": 0.0,
          "mean_bq_heap_scan_ms": 0.0,
          "mean_bq_output_sort_ms": 0.0,
          "bq_slot_cache_hits": 0,
          "bq_slot_cache_misses": 0,
          "mean_bq_mapped_candidates": 0.0,
          "mean_adaptive_ef_search": 0.0,
          "mean_vector_density_skew_ppm": 0.0,
          "selected_access_path": "AnnPostFilter",
          "property_path_cost": 0,
          "graph_path_cost": 0,
          "filtered_ann_path_cost": 0,
          "resident_heap_bytes": 53200116,
          "mapped_bytes": 26758086,
          "wal_bytes_delta": 0,
          "sidecar_bytes_delta": 0,
          "checkpoint_bytes_delta": 0,
          "temporary_spill_bytes_delta": 0
        },
        {
          "method": "tsng",
          "ef_search": 64,
          "metadata_bonus_cap_ppm": 100000,
          "signal_queue_quota_ppm": 100000,
          "graph_seed_limit": 0,
          "p50_ms": 0.2097,
          "p95_ms": 0.5013,
          "p99_ms": 0.6648999999999999,
          "mean_recall_at_10": 0.04375,
          "mean_ndcg_at_10": 0.04981124791988292,
          "mean_result_count": 2.71875,
          "mean_navigation_scores": 1727.03125,
          "mean_candidates_reranked": 64.0,
          "peak_candidates": 0,
          "peak_temp_bytes": 0,
          "estimated_vector_page_reads": 0,
          "estimated_payload_page_reads": 0,
          "estimated_graph_page_reads": 0,
          "mean_bq_posting_lookup_ms": 0.0,
          "mean_bq_node_mapping_ms": 0.0,
          "mean_bq_heap_scan_ms": 0.0,
          "mean_bq_output_sort_ms": 0.0,
          "bq_slot_cache_hits": 0,
          "bq_slot_cache_misses": 0,
          "mean_bq_mapped_candidates": 0.0,
          "mean_adaptive_ef_search": 0.0,
          "mean_vector_density_skew_ppm": 0.0,
          "selected_access_path": "AnnPostFilter",
          "property_path_cost": 0,
          "graph_path_cost": 0,
          "filtered_ann_path_cost": 0,
          "resident_heap_bytes": 53200116,
          "mapped_bytes": 26758086,
          "wal_bytes_delta": 0,
          "sidecar_bytes_delta": 0,
          "checkpoint_bytes_delta": 0,
          "temporary_spill_bytes_delta": 0
        },
        {
          "method": "tsng",
          "ef_search": 64,
          "metadata_bonus_cap_ppm": 100000,
          "signal_queue_quota_ppm": 200000,
          "graph_seed_limit": 0,
          "p50_ms": 0.21330000000000002,
          "p95_ms": 0.4665,
          "p99_ms": 0.5151,
          "mean_recall_at_10": 0.04375,
          "mean_ndcg_at_10": 0.04981124791988292,
          "mean_result_count": 2.71875,
          "mean_navigation_scores": 1727.03125,
          "mean_candidates_reranked": 64.0,
          "peak_candidates": 0,
          "peak_temp_bytes": 0,
          "estimated_vector_page_reads": 0,
          "estimated_payload_page_reads": 0,
          "estimated_graph_page_reads": 0,
          "mean_bq_posting_lookup_ms": 0.0,
          "mean_bq_node_mapping_ms": 0.0,
          "mean_bq_heap_scan_ms": 0.0,
          "mean_bq_output_sort_ms": 0.0,
          "bq_slot_cache_hits": 0,
          "bq_slot_cache_misses": 0,
          "mean_bq_mapped_candidates": 0.0,
          "mean_adaptive_ef_search": 0.0,
          "mean_vector_density_skew_ppm": 0.0,
          "selected_access_path": "AnnPostFilter",
          "property_path_cost": 0,
          "graph_path_cost": 0,
          "filtered_ann_path_cost": 0,
          "resident_heap_bytes": 53200116,
          "mapped_bytes": 26758086,
          "wal_bytes_delta": 0,
          "sidecar_bytes_delta": 0,
          "checkpoint_bytes_delta": 0,
          "temporary_spill_bytes_delta": 0
        },
        {
          "method": "tsng",
          "ef_search": 64,
          "metadata_bonus_cap_ppm": 100000,
          "signal_queue_quota_ppm": 250000,
          "graph_seed_limit": 0,
          "p50_ms": 0.2298,
          "p95_ms": 0.5023,
          "p99_ms": 0.5032,
          "mean_recall_at_10": 0.04375,
          "mean_ndcg_at_10": 0.04981124791988292,
          "mean_result_count": 2.71875,
          "mean_navigation_scores": 1727.03125,
          "mean_candidates_reranked": 64.0,
          "peak_candidates": 0,
          "peak_temp_bytes": 0,
          "estimated_vector_page_reads": 0,
          "estimated_payload_page_reads": 0,
          "estimated_graph_page_reads": 0,
          "mean_bq_posting_lookup_ms": 0.0,
          "mean_bq_node_mapping_ms": 0.0,
          "mean_bq_heap_scan_ms": 0.0,
          "mean_bq_output_sort_ms": 0.0,
          "bq_slot_cache_hits": 0,
          "bq_slot_cache_misses": 0,
          "mean_bq_mapped_candidates": 0.0,
          "mean_adaptive_ef_search": 0.0,
          "mean_vector_density_skew_ppm": 0.0,
          "selected_access_path": "AnnPostFilter",
          "property_path_cost": 0,
          "graph_path_cost": 0,
          "filtered_ann_path_cost": 0,
          "resident_heap_bytes": 53200116,
          "mapped_bytes": 26758086,
          "wal_bytes_delta": 0,
          "sidecar_bytes_delta": 0,
          "checkpoint_bytes_delta": 0,
          "temporary_spill_bytes_delta": 0
        },
        {
          "method": "tsng",
          "ef_search": 64,
          "metadata_bonus_cap_ppm": 100000,
          "signal_queue_quota_ppm": 330000,
          "graph_seed_limit": 0,
          "p50_ms": 0.2086,
          "p95_ms": 0.4662,
          "p99_ms": 0.5163,
          "mean_recall_at_10": 0.04375,
          "mean_ndcg_at_10": 0.04981124791988292,
          "mean_result_count": 2.71875,
          "mean_navigation_scores": 1727.03125,
          "mean_candidates_reranked": 64.0,
          "peak_candidates": 0,
          "peak_temp_bytes": 0,
          "estimated_vector_page_reads": 0,
          "estimated_payload_page_reads": 0,
          "estimated_graph_page_reads": 0,
          "mean_bq_posting_lookup_ms": 0.0,
          "mean_bq_node_mapping_ms": 0.0,
          "mean_bq_heap_scan_ms": 0.0,
          "mean_bq_output_sort_ms": 0.0,
          "bq_slot_cache_hits": 0,
          "bq_slot_cache_misses": 0,
          "mean_bq_mapped_candidates": 0.0,
          "mean_adaptive_ef_search": 0.0,
          "mean_vector_density_skew_ppm": 0.0,
          "selected_access_path": "AnnPostFilter",
          "property_path_cost": 0,
          "graph_path_cost": 0,
          "filtered_ann_path_cost": 0,
          "resident_heap_bytes": 53200116,
          "mapped_bytes": 26758086,
          "wal_bytes_delta": 0,
          "sidecar_bytes_delta": 0,
          "checkpoint_bytes_delta": 0,
          "temporary_spill_bytes_delta": 0
        },
        {
          "method": "tsng",
          "ef_search": 64,
          "metadata_bonus_cap_ppm": 100000,
          "signal_queue_quota_ppm": 500000,
          "graph_seed_limit": 0,
          "p50_ms": 0.2245,
          "p95_ms": 0.4957,
          "p99_ms": 0.49660000000000004,
          "mean_recall_at_10": 0.04375,
          "mean_ndcg_at_10": 0.04981124791988292,
          "mean_result_count": 2.71875,
          "mean_navigation_scores": 1727.03125,
          "mean_candidates_reranked": 64.0,
          "peak_candidates": 0,
          "peak_temp_bytes": 0,
          "estimated_vector_page_reads": 0,
          "estimated_payload_page_reads": 0,
          "estimated_graph_page_reads": 0,
          "mean_bq_posting_lookup_ms": 0.0,
          "mean_bq_node_mapping_ms": 0.0,
          "mean_bq_heap_scan_ms": 0.0,
          "mean_bq_output_sort_ms": 0.0,
          "bq_slot_cache_hits": 0,
          "bq_slot_cache_misses": 0,
          "mean_bq_mapped_candidates": 0.0,
          "mean_adaptive_ef_search": 0.0,
          "mean_vector_density_skew_ppm": 0.0,
          "selected_access_path": "AnnPostFilter",
          "property_path_cost": 0,
          "graph_path_cost": 0,
          "filtered_ann_path_cost": 0,
          "resident_heap_bytes": 53200116,
          "mapped_bytes": 26758086,
          "wal_bytes_delta": 0,
          "sidecar_bytes_delta": 0,
          "checkpoint_bytes_delta": 0,
          "temporary_spill_bytes_delta": 0
        },
        {
          "method": "industrial_fixed",
          "ef_search": 128,
          "metadata_bonus_cap_ppm": 0,
          "signal_queue_quota_ppm": 0,
          "graph_seed_limit": 0,
          "p50_ms": 0.1184,
          "p95_ms": 0.1933,
          "p99_ms": 0.1965,
          "mean_recall_at_10": 0.12812500000000002,
          "mean_ndcg_at_10": 0.14556867908711213,
          "mean_result_count": 5.125,
          "mean_navigation_scores": 2387.34375,
          "mean_candidates_reranked": 8.5625,
          "peak_candidates": 35,
          "peak_temp_bytes": 560,
          "estimated_vector_page_reads": 39,
          "estimated_payload_page_reads": 274,
          "estimated_graph_page_reads": 0,
          "mean_bq_posting_lookup_ms": 0.0,
          "mean_bq_node_mapping_ms": 0.0,
          "mean_bq_heap_scan_ms": 0.0,
          "mean_bq_output_sort_ms": 0.0,
          "bq_slot_cache_hits": 0,
          "bq_slot_cache_misses": 0,
          "mean_bq_mapped_candidates": 0.0,
          "mean_adaptive_ef_search": 128.0,
          "mean_vector_density_skew_ppm": 996968.0,
          "selected_access_path": "PropertyFilteredAnn",
          "property_path_cost": 17024,
          "graph_path_cost": 18446744073709551615,
          "filtered_ann_path_cost": 13990,
          "resident_heap_bytes": 53200116,
          "mapped_bytes": 26758086,
          "wal_bytes_delta": 0,
          "sidecar_bytes_delta": 0,
          "checkpoint_bytes_delta": 0,
          "temporary_spill_bytes_delta": 0
        },
        {
          "method": "industrial_selectivity",
          "ef_search": 128,
          "metadata_bonus_cap_ppm": 0,
          "signal_queue_quota_ppm": 0,
          "graph_seed_limit": 0,
          "p50_ms": 1.3484,
          "p95_ms": 2.1622999999999997,
          "p99_ms": 2.1860999999999997,
          "mean_recall_at_10": 0.96875,
          "mean_ndcg_at_10": 0.96875,
          "mean_result_count": 10.0,
          "mean_navigation_scores": 10320.9375,
          "mean_candidates_reranked": 128.0,
          "peak_candidates": 128,
          "peak_temp_bytes": 2048,
          "estimated_vector_page_reads": 256,
          "estimated_payload_page_reads": 4096,
          "estimated_graph_page_reads": 0,
          "mean_bq_posting_lookup_ms": 0.0,
          "mean_bq_node_mapping_ms": 0.0,
          "mean_bq_heap_scan_ms": 0.0,
          "mean_bq_output_sort_ms": 0.0,
          "bq_slot_cache_hits": 0,
          "bq_slot_cache_misses": 0,
          "mean_bq_mapped_candidates": 0.0,
          "mean_adaptive_ef_search": 2899.0,
          "mean_vector_density_skew_ppm": 996968.0,
          "selected_access_path": "PropertyFilteredAnn",
          "property_path_cost": 17024,
          "graph_path_cost": 18446744073709551615,
          "filtered_ann_path_cost": 13990,
          "resident_heap_bytes": 53200116,
          "mapped_bytes": 26758086,
          "wal_bytes_delta": 0,
          "sidecar_bytes_delta": 0,
          "checkpoint_bytes_delta": 0,
          "temporary_spill_bytes_delta": 0
        },
        {
          "method": "industrial_density",
          "ef_search": 128,
          "metadata_bonus_cap_ppm": 0,
          "signal_queue_quota_ppm": 0,
          "graph_seed_limit": 0,
          "p50_ms": 1.3224,
          "p95_ms": 1.9094,
          "p99_ms": 1.9413,
          "mean_recall_at_10": 0.96875,
          "mean_ndcg_at_10": 0.96875,
          "mean_result_count": 10.0,
          "mean_navigation_scores": 10317.5,
          "mean_candidates_reranked": 128.0,
          "peak_candidates": 128,
          "peak_temp_bytes": 2048,
          "estimated_vector_page_reads": 256,
          "estimated_payload_page_reads": 4096,
          "estimated_graph_page_reads": 0,
          "mean_bq_posting_lookup_ms": 0.0,
          "mean_bq_node_mapping_ms": 0.0,
          "mean_bq_heap_scan_ms": 0.0,
          "mean_bq_output_sort_ms": 0.0,
          "bq_slot_cache_hits": 0,
          "bq_slot_cache_misses": 0,
          "mean_bq_mapped_candidates": 0.0,
          "mean_adaptive_ef_search": 2895.0,
          "mean_vector_density_skew_ppm": 996968.0,
          "selected_access_path": "PropertyFilteredAnn",
          "property_path_cost": 17024,
          "graph_path_cost": 18446744073709551615,
          "filtered_ann_path_cost": 13990,
          "resident_heap_bytes": 53200116,
          "mapped_bytes": 26758086,
          "wal_bytes_delta": 0,
          "sidecar_bytes_delta": 0,
          "checkpoint_bytes_delta": 0,
          "temporary_spill_bytes_delta": 0
        },
        {
          "method": "post_filter",
          "ef_search": 128,
          "metadata_bonus_cap_ppm": 0,
          "signal_queue_quota_ppm": 0,
          "graph_seed_limit": 0,
          "p50_ms": 0.13449999999999998,
          "p95_ms": 0.212,
          "p99_ms": 0.2314,
          "mean_recall_at_10": 0.12812500000000002,
          "mean_ndcg_at_10": 0.14556867908711213,
          "mean_result_count": 5.125,
          "mean_navigation_scores": 2387.34375,
          "mean_candidates_reranked": 128.0,
          "peak_candidates": 0,
          "peak_temp_bytes": 0,
          "estimated_vector_page_reads": 0,
          "estimated_payload_page_reads": 0,
          "estimated_graph_page_reads": 0,
          "mean_bq_posting_lookup_ms": 0.0,
          "mean_bq_node_mapping_ms": 0.0,
          "mean_bq_heap_scan_ms": 0.0,
          "mean_bq_output_sort_ms": 0.0,
          "bq_slot_cache_hits": 0,
          "bq_slot_cache_misses": 0,
          "mean_bq_mapped_candidates": 0.0,
          "mean_adaptive_ef_search": 0.0,
          "mean_vector_density_skew_ppm": 0.0,
          "selected_access_path": "AnnPostFilter",
          "property_path_cost": 0,
          "graph_path_cost": 0,
          "filtered_ann_path_cost": 0,
          "resident_heap_bytes": 53200116,
          "mapped_bytes": 26758086,
          "wal_bytes_delta": 0,
          "sidecar_bytes_delta": 0,
          "checkpoint_bytes_delta": 0,
          "temporary_spill_bytes_delta": 0
        },
        {
          "method": "bq_prefilter",
          "ef_search": 128,
          "metadata_bonus_cap_ppm": 0,
          "signal_queue_quota_ppm": 0,
          "graph_seed_limit": 0,
          "p50_ms": 0.1144,
          "p95_ms": 0.12310000000000001,
          "p99_ms": 0.134,
          "mean_recall_at_10": 1.0,
          "mean_ndcg_at_10": 1.0,
          "mean_result_count": 10.0,
          "mean_navigation_scores": 4416.0,
          "mean_candidates_reranked": 128.0,
          "peak_candidates": 128,
          "peak_temp_bytes": 2048,
          "estimated_vector_page_reads": 256,
          "estimated_payload_page_reads": 4096,
          "estimated_graph_page_reads": 0,
          "mean_bq_posting_lookup_ms": 0.000065625,
          "mean_bq_node_mapping_ms": 6.25e-6,
          "mean_bq_heap_scan_ms": 0.051434375,
          "mean_bq_output_sort_ms": 0.001315625,
          "bq_slot_cache_hits": 32,
          "bq_slot_cache_misses": 0,
          "mean_bq_mapped_candidates": 4416.0,
          "mean_adaptive_ef_search": 0.0,
          "mean_vector_density_skew_ppm": 0.0,
          "selected_access_path": "PropertyVectorUnion",
          "property_path_cost": 0,
          "graph_path_cost": 0,
          "filtered_ann_path_cost": 0,
          "resident_heap_bytes": 53200116,
          "mapped_bytes": 26758086,
          "wal_bytes_delta": 0,
          "sidecar_bytes_delta": 0,
          "checkpoint_bytes_delta": 0,
          "temporary_spill_bytes_delta": 0
        },
        {
          "method": "tsng",
          "ef_search": 128,
          "metadata_bonus_cap_ppm": 100000,
          "signal_queue_quota_ppm": 0,
          "graph_seed_limit": 0,
          "p50_ms": 0.21359999999999998,
          "p95_ms": 0.5289,
          "p99_ms": 0.6419,
          "mean_recall_at_10": 0.12812500000000002,
          "mean_ndcg_at_10": 0.14556867908711213,
          "mean_result_count": 5.125,
          "mean_navigation_scores": 2387.34375,
          "mean_candidates_reranked": 128.0,
          "peak_candidates": 0,
          "peak_temp_bytes": 0,
          "estimated_vector_page_reads": 0,
          "estimated_payload_page_reads": 0,
          "estimated_graph_page_reads": 0,
          "mean_bq_posting_lookup_ms": 0.0,
          "mean_bq_node_mapping_ms": 0.0,
          "mean_bq_heap_scan_ms": 0.0,
          "mean_bq_output_sort_ms": 0.0,
          "bq_slot_cache_hits": 0,
          "bq_slot_cache_misses": 0,
          "mean_bq_mapped_candidates": 0.0,
          "mean_adaptive_ef_search": 0.0,
          "mean_vector_density_skew_ppm": 0.0,
          "selected_access_path": "AnnPostFilter",
          "property_path_cost": 0,
          "graph_path_cost": 0,
          "filtered_ann_path_cost": 0,
          "resident_heap_bytes": 53200116,
          "mapped_bytes": 26758086,
          "wal_bytes_delta": 0,
          "sidecar_bytes_delta": 0,
          "checkpoint_bytes_delta": 0,
          "temporary_spill_bytes_delta": 0
        },
        {
          "method": "tsng",
          "ef_search": 128,
          "metadata_bonus_cap_ppm": 100000,
          "signal_queue_quota_ppm": 100000,
          "graph_seed_limit": 0,
          "p50_ms": 0.3939,
          "p95_ms": 0.8386,
          "p99_ms": 1.0423,
          "mean_recall_at_10": 0.15625,
          "mean_ndcg_at_10": 0.1755267059807095,
          "mean_result_count": 5.0625,
          "mean_navigation_scores": 2514.6875,
          "mean_candidates_reranked": 128.0,
          "peak_candidates": 0,
          "peak_temp_bytes": 0,
          "estimated_vector_page_reads": 0,
          "estimated_payload_page_reads": 0,
          "estimated_graph_page_reads": 0,
          "mean_bq_posting_lookup_ms": 0.0,
          "mean_bq_node_mapping_ms": 0.0,
          "mean_bq_heap_scan_ms": 0.0,
          "mean_bq_output_sort_ms": 0.0,
          "bq_slot_cache_hits": 0,
          "bq_slot_cache_misses": 0,
          "mean_bq_mapped_candidates": 0.0,
          "mean_adaptive_ef_search": 0.0,
          "mean_vector_density_skew_ppm": 0.0,
          "selected_access_path": "AnnPostFilter",
          "property_path_cost": 0,
          "graph_path_cost": 0,
          "filtered_ann_path_cost": 0,
          "resident_heap_bytes": 53200116,
          "mapped_bytes": 26758086,
          "wal_bytes_delta": 0,
          "sidecar_bytes_delta": 0,
          "checkpoint_bytes_delta": 0,
          "temporary_spill_bytes_delta": 0
        },
        {
          "method": "tsng",
          "ef_search": 128,
          "metadata_bonus_cap_ppm": 100000,
          "signal_queue_quota_ppm": 200000,
          "graph_seed_limit": 0,
          "p50_ms": 0.37589999999999996,
          "p95_ms": 0.7302,
          "p99_ms": 0.9699,
          "mean_recall_at_10": 0.15625,
          "mean_ndcg_at_10": 0.1755267059807095,
          "mean_result_count": 5.0625,
          "mean_navigation_scores": 2514.6875,
          "mean_candidates_reranked": 128.0,
          "peak_candidates": 0,
          "peak_temp_bytes": 0,
          "estimated_vector_page_reads": 0,
          "estimated_payload_page_reads": 0,
          "estimated_graph_page_reads": 0,
          "mean_bq_posting_lookup_ms": 0.0,
          "mean_bq_node_mapping_ms": 0.0,
          "mean_bq_heap_scan_ms": 0.0,
          "mean_bq_output_sort_ms": 0.0,
          "bq_slot_cache_hits": 0,
          "bq_slot_cache_misses": 0,
          "mean_bq_mapped_candidates": 0.0,
          "mean_adaptive_ef_search": 0.0,
          "mean_vector_density_skew_ppm": 0.0,
          "selected_access_path": "AnnPostFilter",
          "property_path_cost": 0,
          "graph_path_cost": 0,
          "filtered_ann_path_cost": 0,
          "resident_heap_bytes": 53200116,
          "mapped_bytes": 26758086,
          "wal_bytes_delta": 0,
          "sidecar_bytes_delta": 0,
          "checkpoint_bytes_delta": 0,
          "temporary_spill_bytes_delta": 0
        },
        {
          "method": "tsng",
          "ef_search": 128,
          "metadata_bonus_cap_ppm": 100000,
          "signal_queue_quota_ppm": 250000,
          "graph_seed_limit": 0,
          "p50_ms": 0.3741,
          "p95_ms": 0.7297,
          "p99_ms": 0.8932,
          "mean_recall_at_10": 0.15625,
          "mean_ndcg_at_10": 0.1755267059807095,
          "mean_result_count": 5.0625,
          "mean_navigation_scores": 2514.6875,
          "mean_candidates_reranked": 128.0,
          "peak_candidates": 0,
          "peak_temp_bytes": 0,
          "estimated_vector_page_reads": 0,
          "estimated_payload_page_reads": 0,
          "estimated_graph_page_reads": 0,
          "mean_bq_posting_lookup_ms": 0.0,
          "mean_bq_node_mapping_ms": 0.0,
          "mean_bq_heap_scan_ms": 0.0,
          "mean_bq_output_sort_ms": 0.0,
          "bq_slot_cache_hits": 0,
          "bq_slot_cache_misses": 0,
          "mean_bq_mapped_candidates": 0.0,
          "mean_adaptive_ef_search": 0.0,
          "mean_vector_density_skew_ppm": 0.0,
          "selected_access_path": "AnnPostFilter",
          "property_path_cost": 0,
          "graph_path_cost": 0,
          "filtered_ann_path_cost": 0,
          "resident_heap_bytes": 53200116,
          "mapped_bytes": 26758086,
          "wal_bytes_delta": 0,
          "sidecar_bytes_delta": 0,
          "checkpoint_bytes_delta": 0,
          "temporary_spill_bytes_delta": 0
        },
        {
          "method": "tsng",
          "ef_search": 128,
          "metadata_bonus_cap_ppm": 100000,
          "signal_queue_quota_ppm": 330000,
          "graph_seed_limit": 0,
          "p50_ms": 0.37629999999999997,
          "p95_ms": 0.8671,
          "p99_ms": 0.8981,
          "mean_recall_at_10": 0.15625,
          "mean_ndcg_at_10": 0.1755267059807095,
          "mean_result_count": 5.0625,
          "mean_navigation_scores": 2514.6875,
          "mean_candidates_reranked": 128.0,
          "peak_candidates": 0,
          "peak_temp_bytes": 0,
          "estimated_vector_page_reads": 0,
          "estimated_payload_page_reads": 0,
          "estimated_graph_page_reads": 0,
          "mean_bq_posting_lookup_ms": 0.0,
          "mean_bq_node_mapping_ms": 0.0,
          "mean_bq_heap_scan_ms": 0.0,
          "mean_bq_output_sort_ms": 0.0,
          "bq_slot_cache_hits": 0,
          "bq_slot_cache_misses": 0,
          "mean_bq_mapped_candidates": 0.0,
          "mean_adaptive_ef_search": 0.0,
          "mean_vector_density_skew_ppm": 0.0,
          "selected_access_path": "AnnPostFilter",
          "property_path_cost": 0,
          "graph_path_cost": 0,
          "filtered_ann_path_cost": 0,
          "resident_heap_bytes": 53200116,
          "mapped_bytes": 26758086,
          "wal_bytes_delta": 0,
          "sidecar_bytes_delta": 0,
          "checkpoint_bytes_delta": 0,
          "temporary_spill_bytes_delta": 0
        },
        {
          "method": "tsng",
          "ef_search": 128,
          "metadata_bonus_cap_ppm": 100000,
          "signal_queue_quota_ppm": 500000,
          "graph_seed_limit": 0,
          "p50_ms": 0.4287,
          "p95_ms": 0.9944999999999999,
          "p99_ms": 1.278,
          "mean_recall_at_10": 0.15625,
          "mean_ndcg_at_10": 0.1755267059807095,
          "mean_result_count": 5.0625,
          "mean_navigation_scores": 2514.6875,
          "mean_candidates_reranked": 128.0,
          "peak_candidates": 0,
          "peak_temp_bytes": 0,
          "estimated_vector_page_reads": 0,
          "estimated_payload_page_reads": 0,
          "estimated_graph_page_reads": 0,
          "mean_bq_posting_lookup_ms": 0.0,
          "mean_bq_node_mapping_ms": 0.0,
          "mean_bq_heap_scan_ms": 0.0,
          "mean_bq_output_sort_ms": 0.0,
          "bq_slot_cache_hits": 0,
          "bq_slot_cache_misses": 0,
          "mean_bq_mapped_candidates": 0.0,
          "mean_adaptive_ef_search": 0.0,
          "mean_vector_density_skew_ppm": 0.0,
          "selected_access_path": "AnnPostFilter",
          "property_path_cost": 0,
          "graph_path_cost": 0,
          "filtered_ann_path_cost": 0,
          "resident_heap_bytes": 53200116,
          "mapped_bytes": 26758086,
          "wal_bytes_delta": 0,
          "sidecar_bytes_delta": 0,
          "checkpoint_bytes_delta": 0,
          "temporary_spill_bytes_delta": 0
        },
        {
          "method": "industrial_fixed",
          "ef_search": 256,
          "metadata_bonus_cap_ppm": 0,
          "signal_queue_quota_ppm": 0,
          "graph_seed_limit": 0,
          "p50_ms": 0.2569,
          "p95_ms": 0.33080000000000004,
          "p99_ms": 0.3944,
          "mean_recall_at_10": 1.0,
          "mean_ndcg_at_10": 1.0,
          "mean_result_count": 10.0,
          "mean_navigation_scores": 4416.0,
          "mean_candidates_reranked": 256.0,
          "peak_candidates": 256,
          "peak_temp_bytes": 4096,
          "estimated_vector_page_reads": 512,
          "estimated_payload_page_reads": 8192,
          "estimated_graph_page_reads": 0,
          "mean_bq_posting_lookup_ms": 0.00009375,
          "mean_bq_node_mapping_ms": 0.000034375,
          "mean_bq_heap_scan_ms": 0.07049375,
          "mean_bq_output_sort_ms": 0.003,
          "bq_slot_cache_hits": 32,
          "bq_slot_cache_misses": 0,
          "mean_bq_mapped_candidates": 4416.0,
          "mean_adaptive_ef_search": 256.0,
          "mean_vector_density_skew_ppm": 996968.0,
          "selected_access_path": "PropertyVectorUnion",
          "property_path_cost": 25216,
          "graph_path_cost": 18446744073709551615,
          "filtered_ann_path_cost": 27980,
          "resident_heap_bytes": 53200116,
          "mapped_bytes": 26758086,
          "wal_bytes_delta": 0,
          "sidecar_bytes_delta": 0,
          "checkpoint_bytes_delta": 0,
          "temporary_spill_bytes_delta": 0
        },
        {
          "method": "industrial_selectivity",
          "ef_search": 256,
          "metadata_bonus_cap_ppm": 0,
          "signal_queue_quota_ppm": 0,
          "graph_seed_limit": 0,
          "p50_ms": 0.2251,
          "p95_ms": 0.237,
          "p99_ms": 0.2374,
          "mean_recall_at_10": 1.0,
          "mean_ndcg_at_10": 1.0,
          "mean_result_count": 10.0,
          "mean_navigation_scores": 4416.0,
          "mean_candidates_reranked": 256.0,
          "peak_candidates": 256,
          "peak_temp_bytes": 4096,
          "estimated_vector_page_reads": 512,
          "estimated_payload_page_reads": 8192,
          "estimated_graph_page_reads": 0,
          "mean_bq_posting_lookup_ms": 0.0000875,
          "mean_bq_node_mapping_ms": 0.000021875,
          "mean_bq_heap_scan_ms": 0.06611875,
          "mean_bq_output_sort_ms": 0.00275,
          "bq_slot_cache_hits": 32,
          "bq_slot_cache_misses": 0,
          "mean_bq_mapped_candidates": 4416.0,
          "mean_adaptive_ef_search": 256.0,
          "mean_vector_density_skew_ppm": 996968.0,
          "selected_access_path": "PropertyVectorUnion",
          "property_path_cost": 25216,
          "graph_path_cost": 18446744073709551615,
          "filtered_ann_path_cost": 27980,
          "resident_heap_bytes": 53200116,
          "mapped_bytes": 26758086,
          "wal_bytes_delta": 0,
          "sidecar_bytes_delta": 0,
          "checkpoint_bytes_delta": 0,
          "temporary_spill_bytes_delta": 0
        },
        {
          "method": "industrial_density",
          "ef_search": 256,
          "metadata_bonus_cap_ppm": 0,
          "signal_queue_quota_ppm": 0,
          "graph_seed_limit": 0,
          "p50_ms": 0.22130000000000002,
          "p95_ms": 0.2609,
          "p99_ms": 0.29369999999999996,
          "mean_recall_at_10": 1.0,
          "mean_ndcg_at_10": 1.0,
          "mean_result_count": 10.0,
          "mean_navigation_scores": 4416.0,
          "mean_candidates_reranked": 256.0,
          "peak_candidates": 256,
          "peak_temp_bytes": 4096,
          "estimated_vector_page_reads": 512,
          "estimated_payload_page_reads": 8192,
          "estimated_graph_page_reads": 0,
          "mean_bq_posting_lookup_ms": 0.00026875,
          "mean_bq_node_mapping_ms": 0.0000125,
          "mean_bq_heap_scan_ms": 0.064959375,
          "mean_bq_output_sort_ms": 0.002721875,
          "bq_slot_cache_hits": 32,
          "bq_slot_cache_misses": 0,
          "mean_bq_mapped_candidates": 4416.0,
          "mean_adaptive_ef_search": 256.0,
          "mean_vector_density_skew_ppm": 996968.0,
          "selected_access_path": "PropertyVectorUnion",
          "property_path_cost": 25216,
          "graph_path_cost": 18446744073709551615,
          "filtered_ann_path_cost": 27980,
          "resident_heap_bytes": 53200116,
          "mapped_bytes": 26758086,
          "wal_bytes_delta": 0,
          "sidecar_bytes_delta": 0,
          "checkpoint_bytes_delta": 0,
          "temporary_spill_bytes_delta": 0
        },
        {
          "method": "post_filter",
          "ef_search": 256,
          "metadata_bonus_cap_ppm": 0,
          "signal_queue_quota_ppm": 0,
          "graph_seed_limit": 0,
          "p50_ms": 0.2389,
          "p95_ms": 0.3764,
          "p99_ms": 0.3986,
          "mean_recall_at_10": 0.19375,
          "mean_ndcg_at_10": 0.20842151385929353,
          "mean_result_count": 8.6875,
          "mean_navigation_scores": 3167.8125,
          "mean_candidates_reranked": 256.0,
          "peak_candidates": 0,
          "peak_temp_bytes": 0,
          "estimated_vector_page_reads": 0,
          "estimated_payload_page_reads": 0,
          "estimated_graph_page_reads": 0,
          "mean_bq_posting_lookup_ms": 0.0,
          "mean_bq_node_mapping_ms": 0.0,
          "mean_bq_heap_scan_ms": 0.0,
          "mean_bq_output_sort_ms": 0.0,
          "bq_slot_cache_hits": 0,
          "bq_slot_cache_misses": 0,
          "mean_bq_mapped_candidates": 0.0,
          "mean_adaptive_ef_search": 0.0,
          "mean_vector_density_skew_ppm": 0.0,
          "selected_access_path": "AnnPostFilter",
          "property_path_cost": 0,
          "graph_path_cost": 0,
          "filtered_ann_path_cost": 0,
          "resident_heap_bytes": 53200116,
          "mapped_bytes": 26758086,
          "wal_bytes_delta": 0,
          "sidecar_bytes_delta": 0,
          "checkpoint_bytes_delta": 0,
          "temporary_spill_bytes_delta": 0
        },
        {
          "method": "bq_prefilter",
          "ef_search": 256,
          "metadata_bonus_cap_ppm": 0,
          "signal_queue_quota_ppm": 0,
          "graph_seed_limit": 0,
          "p50_ms": 0.18760000000000002,
          "p95_ms": 0.2243,
          "p99_ms": 0.2332,
          "mean_recall_at_10": 1.0,
          "mean_ndcg_at_10": 1.0,
          "mean_result_count": 10.0,
          "mean_navigation_scores": 4416.0,
          "mean_candidates_reranked": 256.0,
          "peak_candidates": 256,
          "peak_temp_bytes": 4096,
          "estimated_vector_page_reads": 512,
          "estimated_payload_page_reads": 8192,
          "estimated_graph_page_reads": 0,
          "mean_bq_posting_lookup_ms": 0.000075,
          "mean_bq_node_mapping_ms": 0.000021875,
          "mean_bq_heap_scan_ms": 0.066546875,
          "mean_bq_output_sort_ms": 0.002796875,
          "bq_slot_cache_hits": 32,
          "bq_slot_cache_misses": 0,
          "mean_bq_mapped_candidates": 4416.0,
          "mean_adaptive_ef_search": 0.0,
          "mean_vector_density_skew_ppm": 0.0,
          "selected_access_path": "PropertyVectorUnion",
          "property_path_cost": 0,
          "graph_path_cost": 0,
          "filtered_ann_path_cost": 0,
          "resident_heap_bytes": 53200116,
          "mapped_bytes": 26758086,
          "wal_bytes_delta": 0,
          "sidecar_bytes_delta": 0,
          "checkpoint_bytes_delta": 0,
          "temporary_spill_bytes_delta": 0
        },
        {
          "method": "tsng",
          "ef_search": 256,
          "metadata_bonus_cap_ppm": 100000,
          "signal_queue_quota_ppm": 0,
          "graph_seed_limit": 0,
          "p50_ms": 0.3957,
          "p95_ms": 0.8478,
          "p99_ms": 0.9947,
          "mean_recall_at_10": 0.19375,
          "mean_ndcg_at_10": 0.20842151385929353,
          "mean_result_count": 8.6875,
          "mean_navigation_scores": 3167.8125,
          "mean_candidates_reranked": 256.0,
          "peak_candidates": 0,
          "peak_temp_bytes": 0,
          "estimated_vector_page_reads": 0,
          "estimated_payload_page_reads": 0,
          "estimated_graph_page_reads": 0,
          "mean_bq_posting_lookup_ms": 0.0,
          "mean_bq_node_mapping_ms": 0.0,
          "mean_bq_heap_scan_ms": 0.0,
          "mean_bq_output_sort_ms": 0.0,
          "bq_slot_cache_hits": 0,
          "bq_slot_cache_misses": 0,
          "mean_bq_mapped_candidates": 0.0,
          "mean_adaptive_ef_search": 0.0,
          "mean_vector_density_skew_ppm": 0.0,
          "selected_access_path": "AnnPostFilter",
          "property_path_cost": 0,
          "graph_path_cost": 0,
          "filtered_ann_path_cost": 0,
          "resident_heap_bytes": 53200116,
          "mapped_bytes": 26758086,
          "wal_bytes_delta": 0,
          "sidecar_bytes_delta": 0,
          "checkpoint_bytes_delta": 0,
          "temporary_spill_bytes_delta": 0
        },
        {
          "method": "tsng",
          "ef_search": 256,
          "metadata_bonus_cap_ppm": 100000,
          "signal_queue_quota_ppm": 100000,
          "graph_seed_limit": 0,
          "p50_ms": 0.6249,
          "p95_ms": 1.3951,
          "p99_ms": 1.4406,
          "mean_recall_at_10": 0.21875,
          "mean_ndcg_at_10": 0.2387422090129389,
          "mean_result_count": 8.65625,
          "mean_navigation_scores": 3434.3125,
          "mean_candidates_reranked": 256.0,
          "peak_candidates": 0,
          "peak_temp_bytes": 0,
          "estimated_vector_page_reads": 0,
          "estimated_payload_page_reads": 0,
          "estimated_graph_page_reads": 0,
          "mean_bq_posting_lookup_ms": 0.0,
          "mean_bq_node_mapping_ms": 0.0,
          "mean_bq_heap_scan_ms": 0.0,
          "mean_bq_output_sort_ms": 0.0,
          "bq_slot_cache_hits": 0,
          "bq_slot_cache_misses": 0,
          "mean_bq_mapped_candidates": 0.0,
          "mean_adaptive_ef_search": 0.0,
          "mean_vector_density_skew_ppm": 0.0,
          "selected_access_path": "AnnPostFilter",
          "property_path_cost": 0,
          "graph_path_cost": 0,
          "filtered_ann_path_cost": 0,
          "resident_heap_bytes": 53200116,
          "mapped_bytes": 26758086,
          "wal_bytes_delta": 0,
          "sidecar_bytes_delta": 0,
          "checkpoint_bytes_delta": 0,
          "temporary_spill_bytes_delta": 0
        },
        {
          "method": "tsng",
          "ef_search": 256,
          "metadata_bonus_cap_ppm": 100000,
          "signal_queue_quota_ppm": 200000,
          "graph_seed_limit": 0,
          "p50_ms": 0.5891,
          "p95_ms": 1.2815,
          "p99_ms": 1.3578999999999999,
          "mean_recall_at_10": 0.21875,
          "mean_ndcg_at_10": 0.2387422090129389,
          "mean_result_count": 8.65625,
          "mean_navigation_scores": 3434.3125,
          "mean_candidates_reranked": 256.0,
          "peak_candidates": 0,
          "peak_temp_bytes": 0,
          "estimated_vector_page_reads": 0,
          "estimated_payload_page_reads": 0,
          "estimated_graph_page_reads": 0,
          "mean_bq_posting_lookup_ms": 0.0,
          "mean_bq_node_mapping_ms": 0.0,
          "mean_bq_heap_scan_ms": 0.0,
          "mean_bq_output_sort_ms": 0.0,
          "bq_slot_cache_hits": 0,
          "bq_slot_cache_misses": 0,
          "mean_bq_mapped_candidates": 0.0,
          "mean_adaptive_ef_search": 0.0,
          "mean_vector_density_skew_ppm": 0.0,
          "selected_access_path": "AnnPostFilter",
          "property_path_cost": 0,
          "graph_path_cost": 0,
          "filtered_ann_path_cost": 0,
          "resident_heap_bytes": 53200116,
          "mapped_bytes": 26758086,
          "wal_bytes_delta": 0,
          "sidecar_bytes_delta": 0,
          "checkpoint_bytes_delta": 0,
          "temporary_spill_bytes_delta": 0
        },
        {
          "method": "tsng",
          "ef_search": 256,
          "metadata_bonus_cap_ppm": 100000,
          "signal_queue_quota_ppm": 250000,
          "graph_seed_limit": 0,
          "p50_ms": 0.6225999999999999,
          "p95_ms": 1.2009,
          "p99_ms": 1.3699000000000001,
          "mean_recall_at_10": 0.21875,
          "mean_ndcg_at_10": 0.2387422090129389,
          "mean_result_count": 8.65625,
          "mean_navigation_scores": 3434.3125,
          "mean_candidates_reranked": 256.0,
          "peak_candidates": 0,
          "peak_temp_bytes": 0,
          "estimated_vector_page_reads": 0,
          "estimated_payload_page_reads": 0,
          "estimated_graph_page_reads": 0,
          "mean_bq_posting_lookup_ms": 0.0,
          "mean_bq_node_mapping_ms": 0.0,
          "mean_bq_heap_scan_ms": 0.0,
          "mean_bq_output_sort_ms": 0.0,
          "bq_slot_cache_hits": 0,
          "bq_slot_cache_misses": 0,
          "mean_bq_mapped_candidates": 0.0,
          "mean_adaptive_ef_search": 0.0,
          "mean_vector_density_skew_ppm": 0.0,
          "selected_access_path": "AnnPostFilter",
          "property_path_cost": 0,
          "graph_path_cost": 0,
          "filtered_ann_path_cost": 0,
          "resident_heap_bytes": 53200116,
          "mapped_bytes": 26758086,
          "wal_bytes_delta": 0,
          "sidecar_bytes_delta": 0,
          "checkpoint_bytes_delta": 0,
          "temporary_spill_bytes_delta": 0
        },
        {
          "method": "tsng",
          "ef_search": 256,
          "metadata_bonus_cap_ppm": 100000,
          "signal_queue_quota_ppm": 330000,
          "graph_seed_limit": 0,
          "p50_ms": 0.6145999999999999,
          "p95_ms": 1.2727000000000002,
          "p99_ms": 1.4813999999999998,
          "mean_recall_at_10": 0.21875,
          "mean_ndcg_at_10": 0.2387422090129389,
          "mean_result_count": 8.65625,
          "mean_navigation_scores": 3434.3125,
          "mean_candidates_reranked": 256.0,
          "peak_candidates": 0,
          "peak_temp_bytes": 0,
          "estimated_vector_page_reads": 0,
          "estimated_payload_page_reads": 0,
          "estimated_graph_page_reads": 0,
          "mean_bq_posting_lookup_ms": 0.0,
          "mean_bq_node_mapping_ms": 0.0,
          "mean_bq_heap_scan_ms": 0.0,
          "mean_bq_output_sort_ms": 0.0,
          "bq_slot_cache_hits": 0,
          "bq_slot_cache_misses": 0,
          "mean_bq_mapped_candidates": 0.0,
          "mean_adaptive_ef_search": 0.0,
          "mean_vector_density_skew_ppm": 0.0,
          "selected_access_path": "AnnPostFilter",
          "property_path_cost": 0,
          "graph_path_cost": 0,
          "filtered_ann_path_cost": 0,
          "resident_heap_bytes": 53200116,
          "mapped_bytes": 26758086,
          "wal_bytes_delta": 0,
          "sidecar_bytes_delta": 0,
          "checkpoint_bytes_delta": 0,
          "temporary_spill_bytes_delta": 0
        },
        {
          "method": "tsng",
          "ef_search": 256,
          "metadata_bonus_cap_ppm": 100000,
          "signal_queue_quota_ppm": 500000,
          "graph_seed_limit": 0,
          "p50_ms": 0.6038,
          "p95_ms": 1.3305,
          "p99_ms": 1.3868,
          "mean_recall_at_10": 0.21875,
          "mean_ndcg_at_10": 0.2387422090129389,
          "mean_result_count": 8.65625,
          "mean_navigation_scores": 3434.3125,
          "mean_candidates_reranked": 256.0,
          "peak_candidates": 0,
          "peak_temp_bytes": 0,
          "estimated_vector_page_reads": 0,
          "estimated_payload_page_reads": 0,
          "estimated_graph_page_reads": 0,
          "mean_bq_posting_lookup_ms": 0.0,
          "mean_bq_node_mapping_ms": 0.0,
          "mean_bq_heap_scan_ms": 0.0,
          "mean_bq_output_sort_ms": 0.0,
          "bq_slot_cache_hits": 0,
          "bq_slot_cache_misses": 0,
          "mean_bq_mapped_candidates": 0.0,
          "mean_adaptive_ef_search": 0.0,
          "mean_vector_density_skew_ppm": 0.0,
          "selected_access_path": "AnnPostFilter",
          "property_path_cost": 0,
          "graph_path_cost": 0,
          "filtered_ann_path_cost": 0,
          "resident_heap_bytes": 53200116,
          "mapped_bytes": 26758086,
          "wal_bytes_delta": 0,
          "sidecar_bytes_delta": 0,
          "checkpoint_bytes_delta": 0,
          "temporary_spill_bytes_delta": 0
        },
        {
          "method": "industrial_fixed",
          "ef_search": 512,
          "metadata_bonus_cap_ppm": 0,
          "signal_queue_quota_ppm": 0,
          "graph_seed_limit": 0,
          "p50_ms": 0.3499,
          "p95_ms": 0.4128,
          "p99_ms": 0.4281,
          "mean_recall_at_10": 1.0,
          "mean_ndcg_at_10": 1.0,
          "mean_result_count": 10.0,
          "mean_navigation_scores": 4416.0,
          "mean_candidates_reranked": 512.0,
          "peak_candidates": 512,
          "peak_temp_bytes": 8192,
          "estimated_vector_page_reads": 1024,
          "estimated_payload_page_reads": 16384,
          "estimated_graph_page_reads": 0,
          "mean_bq_posting_lookup_ms": 0.000084375,
          "mean_bq_node_mapping_ms": 0.00001875,
          "mean_bq_heap_scan_ms": 0.085140625,
          "mean_bq_output_sort_ms": 0.0056375,
          "bq_slot_cache_hits": 32,
          "bq_slot_cache_misses": 0,
          "mean_bq_mapped_candidates": 4416.0,
          "mean_adaptive_ef_search": 512.0,
          "mean_vector_density_skew_ppm": 996968.0,
          "selected_access_path": "PropertyVectorUnion",
          "property_path_cost": 41600,
          "graph_path_cost": 18446744073709551615,
          "filtered_ann_path_cost": 55958,
          "resident_heap_bytes": 53200116,
          "mapped_bytes": 26758086,
          "wal_bytes_delta": 0,
          "sidecar_bytes_delta": 0,
          "checkpoint_bytes_delta": 0,
          "temporary_spill_bytes_delta": 0
        },
        {
          "method": "industrial_selectivity",
          "ef_search": 512,
          "metadata_bonus_cap_ppm": 0,
          "signal_queue_quota_ppm": 0,
          "graph_seed_limit": 0,
          "p50_ms": 0.3272,
          "p95_ms": 0.3827,
          "p99_ms": 0.3831,
          "mean_recall_at_10": 1.0,
          "mean_ndcg_at_10": 1.0,
          "mean_result_count": 10.0,
          "mean_navigation_scores": 4416.0,
          "mean_candidates_reranked": 512.0,
          "peak_candidates": 512,
          "peak_temp_bytes": 8192,
          "estimated_vector_page_reads": 1024,
          "estimated_payload_page_reads": 16384,
          "estimated_graph_page_reads": 0,
          "mean_bq_posting_lookup_ms": 0.000078125,
          "mean_bq_node_mapping_ms": 0.000034375,
          "mean_bq_heap_scan_ms": 0.08418125,
          "mean_bq_output_sort_ms": 0.0056375,
          "bq_slot_cache_hits": 32,
          "bq_slot_cache_misses": 0,
          "mean_bq_mapped_candidates": 4416.0,
          "mean_adaptive_ef_search": 512.0,
          "mean_vector_density_skew_ppm": 996968.0,
          "selected_access_path": "PropertyVectorUnion",
          "property_path_cost": 41600,
          "graph_path_cost": 18446744073709551615,
          "filtered_ann_path_cost": 55958,
          "resident_heap_bytes": 53200116,
          "mapped_bytes": 26758086,
          "wal_bytes_delta": 0,
          "sidecar_bytes_delta": 0,
          "checkpoint_bytes_delta": 0,
          "temporary_spill_bytes_delta": 0
        },
        {
          "method": "industrial_density",
          "ef_search": 512,
          "metadata_bonus_cap_ppm": 0,
          "signal_queue_quota_ppm": 0,
          "graph_seed_limit": 0,
          "p50_ms": 0.3281,
          "p95_ms": 0.6266,
          "p99_ms": 0.754,
          "mean_recall_at_10": 1.0,
          "mean_ndcg_at_10": 1.0,
          "mean_result_count": 10.0,
          "mean_navigation_scores": 4416.0,
          "mean_candidates_reranked": 512.0,
          "peak_candidates": 512,
          "peak_temp_bytes": 8192,
          "estimated_vector_page_reads": 1024,
          "estimated_payload_page_reads": 16384,
          "estimated_graph_page_reads": 0,
          "mean_bq_posting_lookup_ms": 0.000090625,
          "mean_bq_node_mapping_ms": 0.000028125,
          "mean_bq_heap_scan_ms": 0.095603125,
          "mean_bq_output_sort_ms": 0.006371875,
          "bq_slot_cache_hits": 32,
          "bq_slot_cache_misses": 0,
          "mean_bq_mapped_candidates": 4416.0,
          "mean_adaptive_ef_search": 512.0,
          "mean_vector_density_skew_ppm": 996968.0,
          "selected_access_path": "PropertyVectorUnion",
          "property_path_cost": 41600,
          "graph_path_cost": 18446744073709551615,
          "filtered_ann_path_cost": 55958,
          "resident_heap_bytes": 53200116,
          "mapped_bytes": 26758086,
          "wal_bytes_delta": 0,
          "sidecar_bytes_delta": 0,
          "checkpoint_bytes_delta": 0,
          "temporary_spill_bytes_delta": 0
        },
        {
          "method": "post_filter",
          "ef_search": 512,
          "metadata_bonus_cap_ppm": 0,
          "signal_queue_quota_ppm": 0,
          "graph_seed_limit": 0,
          "p50_ms": 0.5241,
          "p95_ms": 0.7932,
          "p99_ms": 0.8479,
          "mean_recall_at_10": 0.35625,
          "mean_ndcg_at_10": 0.3684737926846237,
          "mean_result_count": 10.0,
          "mean_navigation_scores": 4608.625,
          "mean_candidates_reranked": 512.0,
          "peak_candidates": 0,
          "peak_temp_bytes": 0,
          "estimated_vector_page_reads": 0,
          "estimated_payload_page_reads": 0,
          "estimated_graph_page_reads": 0,
          "mean_bq_posting_lookup_ms": 0.0,
          "mean_bq_node_mapping_ms": 0.0,
          "mean_bq_heap_scan_ms": 0.0,
          "mean_bq_output_sort_ms": 0.0,
          "bq_slot_cache_hits": 0,
          "bq_slot_cache_misses": 0,
          "mean_bq_mapped_candidates": 0.0,
          "mean_adaptive_ef_search": 0.0,
          "mean_vector_density_skew_ppm": 0.0,
          "selected_access_path": "AnnPostFilter",
          "property_path_cost": 0,
          "graph_path_cost": 0,
          "filtered_ann_path_cost": 0,
          "resident_heap_bytes": 53200116,
          "mapped_bytes": 26758086,
          "wal_bytes_delta": 0,
          "sidecar_bytes_delta": 0,
          "checkpoint_bytes_delta": 0,
          "temporary_spill_bytes_delta": 0
        },
        {
          "method": "bq_prefilter",
          "ef_search": 512,
          "metadata_bonus_cap_ppm": 0,
          "signal_queue_quota_ppm": 0,
          "graph_seed_limit": 0,
          "p50_ms": 0.2727,
          "p95_ms": 0.3436,
          "p99_ms": 0.37389999999999995,
          "mean_recall_at_10": 1.0,
          "mean_ndcg_at_10": 1.0,
          "mean_result_count": 10.0,
          "mean_navigation_scores": 4416.0,
          "mean_candidates_reranked": 512.0,
          "peak_candidates": 512,
          "peak_temp_bytes": 8192,
          "estimated_vector_page_reads": 1024,
          "estimated_payload_page_reads": 16384,
          "estimated_graph_page_reads": 0,
          "mean_bq_posting_lookup_ms": 0.0000875,
          "mean_bq_node_mapping_ms": 0.000015625,
          "mean_bq_heap_scan_ms": 0.0850625,
          "mean_bq_output_sort_ms": 0.005634375,
          "bq_slot_cache_hits": 32,
          "bq_slot_cache_misses": 0,
          "mean_bq_mapped_candidates": 4416.0,
          "mean_adaptive_ef_search": 0.0,
          "mean_vector_density_skew_ppm": 0.0,
          "selected_access_path": "PropertyVectorUnion",
          "property_path_cost": 0,
          "graph_path_cost": 0,
          "filtered_ann_path_cost": 0,
          "resident_heap_bytes": 53200116,
          "mapped_bytes": 26758086,
          "wal_bytes_delta": 0,
          "sidecar_bytes_delta": 0,
          "checkpoint_bytes_delta": 0,
          "temporary_spill_bytes_delta": 0
        },
        {
          "method": "tsng",
          "ef_search": 512,
          "metadata_bonus_cap_ppm": 100000,
          "signal_queue_quota_ppm": 0,
          "graph_seed_limit": 0,
          "p50_ms": 0.8595,
          "p95_ms": 1.3808,
          "p99_ms": 1.3947,
          "mean_recall_at_10": 0.35625,
          "mean_ndcg_at_10": 0.3684737926846237,
          "mean_result_count": 10.0,
          "mean_navigation_scores": 4608.625,
          "mean_candidates_reranked": 512.0,
          "peak_candidates": 0,
          "peak_temp_bytes": 0,
          "estimated_vector_page_reads": 0,
          "estimated_payload_page_reads": 0,
          "estimated_graph_page_reads": 0,
          "mean_bq_posting_lookup_ms": 0.0,
          "mean_bq_node_mapping_ms": 0.0,
          "mean_bq_heap_scan_ms": 0.0,
          "mean_bq_output_sort_ms": 0.0,
          "bq_slot_cache_hits": 0,
          "bq_slot_cache_misses": 0,
          "mean_bq_mapped_candidates": 0.0,
          "mean_adaptive_ef_search": 0.0,
          "mean_vector_density_skew_ppm": 0.0,
          "selected_access_path": "AnnPostFilter",
          "property_path_cost": 0,
          "graph_path_cost": 0,
          "filtered_ann_path_cost": 0,
          "resident_heap_bytes": 53200116,
          "mapped_bytes": 26758086,
          "wal_bytes_delta": 0,
          "sidecar_bytes_delta": 0,
          "checkpoint_bytes_delta": 0,
          "temporary_spill_bytes_delta": 0
        },
        {
          "method": "tsng",
          "ef_search": 512,
          "metadata_bonus_cap_ppm": 100000,
          "signal_queue_quota_ppm": 100000,
          "graph_seed_limit": 0,
          "p50_ms": 1.5572,
          "p95_ms": 2.9535,
          "p99_ms": 3.0566,
          "mean_recall_at_10": 0.48125,
          "mean_ndcg_at_10": 0.49347379268462377,
          "mean_result_count": 10.0,
          "mean_navigation_scores": 5169.0625,
          "mean_candidates_reranked": 512.0,
          "peak_candidates": 0,
          "peak_temp_bytes": 0,
          "estimated_vector_page_reads": 0,
          "estimated_payload_page_reads": 0,
          "estimated_graph_page_reads": 0,
          "mean_bq_posting_lookup_ms": 0.0,
          "mean_bq_node_mapping_ms": 0.0,
          "mean_bq_heap_scan_ms": 0.0,
          "mean_bq_output_sort_ms": 0.0,
          "bq_slot_cache_hits": 0,
          "bq_slot_cache_misses": 0,
          "mean_bq_mapped_candidates": 0.0,
          "mean_adaptive_ef_search": 0.0,
          "mean_vector_density_skew_ppm": 0.0,
          "selected_access_path": "AnnPostFilter",
          "property_path_cost": 0,
          "graph_path_cost": 0,
          "filtered_ann_path_cost": 0,
          "resident_heap_bytes": 53200116,
          "mapped_bytes": 26758086,
          "wal_bytes_delta": 0,
          "sidecar_bytes_delta": 0,
          "checkpoint_bytes_delta": 0,
          "temporary_spill_bytes_delta": 0
        },
        {
          "method": "tsng",
          "ef_search": 512,
          "metadata_bonus_cap_ppm": 100000,
          "signal_queue_quota_ppm": 200000,
          "graph_seed_limit": 0,
          "p50_ms": 1.3557000000000001,
          "p95_ms": 2.4998,
          "p99_ms": 2.6704,
          "mean_recall_at_10": 0.48125,
          "mean_ndcg_at_10": 0.49347379268462377,
          "mean_result_count": 10.0,
          "mean_navigation_scores": 5169.0625,
          "mean_candidates_reranked": 512.0,
          "peak_candidates": 0,
          "peak_temp_bytes": 0,
          "estimated_vector_page_reads": 0,
          "estimated_payload_page_reads": 0,
          "estimated_graph_page_reads": 0,
          "mean_bq_posting_lookup_ms": 0.0,
          "mean_bq_node_mapping_ms": 0.0,
          "mean_bq_heap_scan_ms": 0.0,
          "mean_bq_output_sort_ms": 0.0,
          "bq_slot_cache_hits": 0,
          "bq_slot_cache_misses": 0,
          "mean_bq_mapped_candidates": 0.0,
          "mean_adaptive_ef_search": 0.0,
          "mean_vector_density_skew_ppm": 0.0,
          "selected_access_path": "AnnPostFilter",
          "property_path_cost": 0,
          "graph_path_cost": 0,
          "filtered_ann_path_cost": 0,
          "resident_heap_bytes": 53200116,
          "mapped_bytes": 26758086,
          "wal_bytes_delta": 0,
          "sidecar_bytes_delta": 0,
          "checkpoint_bytes_delta": 0,
          "temporary_spill_bytes_delta": 0
        },
        {
          "method": "tsng",
          "ef_search": 512,
          "metadata_bonus_cap_ppm": 100000,
          "signal_queue_quota_ppm": 250000,
          "graph_seed_limit": 0,
          "p50_ms": 1.4188,
          "p95_ms": 2.6310000000000002,
          "p99_ms": 2.6406,
          "mean_recall_at_10": 0.48125,
          "mean_ndcg_at_10": 0.49347379268462377,
          "mean_result_count": 10.0,
          "mean_navigation_scores": 5169.0625,
          "mean_candidates_reranked": 512.0,
          "peak_candidates": 0,
          "peak_temp_bytes": 0,
          "estimated_vector_page_reads": 0,
          "estimated_payload_page_reads": 0,
          "estimated_graph_page_reads": 0,
          "mean_bq_posting_lookup_ms": 0.0,
          "mean_bq_node_mapping_ms": 0.0,
          "mean_bq_heap_scan_ms": 0.0,
          "mean_bq_output_sort_ms": 0.0,
          "bq_slot_cache_hits": 0,
          "bq_slot_cache_misses": 0,
          "mean_bq_mapped_candidates": 0.0,
          "mean_adaptive_ef_search": 0.0,
          "mean_vector_density_skew_ppm": 0.0,
          "selected_access_path": "AnnPostFilter",
          "property_path_cost": 0,
          "graph_path_cost": 0,
          "filtered_ann_path_cost": 0,
          "resident_heap_bytes": 53200116,
          "mapped_bytes": 26758086,
          "wal_bytes_delta": 0,
          "sidecar_bytes_delta": 0,
          "checkpoint_bytes_delta": 0,
          "temporary_spill_bytes_delta": 0
        },
        {
          "method": "tsng",
          "ef_search": 512,
          "metadata_bonus_cap_ppm": 100000,
          "signal_queue_quota_ppm": 330000,
          "graph_seed_limit": 0,
          "p50_ms": 1.5272000000000001,
          "p95_ms": 2.379,
          "p99_ms": 2.5385999999999997,
          "mean_recall_at_10": 0.48125,
          "mean_ndcg_at_10": 0.49347379268462377,
          "mean_result_count": 10.0,
          "mean_navigation_scores": 5169.0625,
          "mean_candidates_reranked": 512.0,
          "peak_candidates": 0,
          "peak_temp_bytes": 0,
          "estimated_vector_page_reads": 0,
          "estimated_payload_page_reads": 0,
          "estimated_graph_page_reads": 0,
          "mean_bq_posting_lookup_ms": 0.0,
          "mean_bq_node_mapping_ms": 0.0,
          "mean_bq_heap_scan_ms": 0.0,
          "mean_bq_output_sort_ms": 0.0,
          "bq_slot_cache_hits": 0,
          "bq_slot_cache_misses": 0,
          "mean_bq_mapped_candidates": 0.0,
          "mean_adaptive_ef_search": 0.0,
          "mean_vector_density_skew_ppm": 0.0,
          "selected_access_path": "AnnPostFilter",
          "property_path_cost": 0,
          "graph_path_cost": 0,
          "filtered_ann_path_cost": 0,
          "resident_heap_bytes": 53200116,
          "mapped_bytes": 26758086,
          "wal_bytes_delta": 0,
          "sidecar_bytes_delta": 0,
          "checkpoint_bytes_delta": 0,
          "temporary_spill_bytes_delta": 0
        },
        {
          "method": "tsng",
          "ef_search": 512,
          "metadata_bonus_cap_ppm": 100000,
          "signal_queue_quota_ppm": 500000,
          "graph_seed_limit": 0,
          "p50_ms": 1.3967,
          "p95_ms": 2.4502,
          "p99_ms": 2.7355,
          "mean_recall_at_10": 0.48125,
          "mean_ndcg_at_10": 0.49347379268462377,
          "mean_result_count": 10.0,
          "mean_navigation_scores": 5169.0625,
          "mean_candidates_reranked": 512.0,
          "peak_candidates": 0,
          "peak_temp_bytes": 0,
          "estimated_vector_page_reads": 0,
          "estimated_payload_page_reads": 0,
          "estimated_graph_page_reads": 0,
          "mean_bq_posting_lookup_ms": 0.0,
          "mean_bq_node_mapping_ms": 0.0,
          "mean_bq_heap_scan_ms": 0.0,
          "mean_bq_output_sort_ms": 0.0,
          "bq_slot_cache_hits": 0,
          "bq_slot_cache_misses": 0,
          "mean_bq_mapped_candidates": 0.0,
          "mean_adaptive_ef_search": 0.0,
          "mean_vector_density_skew_ppm": 0.0,
          "selected_access_path": "AnnPostFilter",
          "property_path_cost": 0,
          "graph_path_cost": 0,
          "filtered_ann_path_cost": 0,
          "resident_heap_bytes": 53200116,
          "mapped_bytes": 26758086,
          "wal_bytes_delta": 0,
          "sidecar_bytes_delta": 0,
          "checkpoint_bytes_delta": 0,
          "temporary_spill_bytes_delta": 0
        },
        {
          "method": "industrial_fixed",
          "ef_search": 1024,
          "metadata_bonus_cap_ppm": 0,
          "signal_queue_quota_ppm": 0,
          "graph_seed_limit": 0,
          "p50_ms": 0.5446,
          "p95_ms": 0.6587000000000001,
          "p99_ms": 0.6652,
          "mean_recall_at_10": 1.0,
          "mean_ndcg_at_10": 1.0,
          "mean_result_count": 10.0,
          "mean_navigation_scores": 4416.0,
          "mean_candidates_reranked": 1024.0,
          "peak_candidates": 1024,
          "peak_temp_bytes": 16384,
          "estimated_vector_page_reads": 2048,
          "estimated_payload_page_reads": 32768,
          "estimated_graph_page_reads": 0,
          "mean_bq_posting_lookup_ms": 0.000096875,
          "mean_bq_node_mapping_ms": 0.00001875,
          "mean_bq_heap_scan_ms": 0.10930625,
          "mean_bq_output_sort_ms": 0.01158125,
          "bq_slot_cache_hits": 32,
          "bq_slot_cache_misses": 0,
          "mean_bq_mapped_candidates": 4416.0,
          "mean_adaptive_ef_search": 1024.0,
          "mean_vector_density_skew_ppm": 996968.0,
          "selected_access_path": "PropertyVectorUnion",
          "property_path_cost": 74368,
          "graph_path_cost": 18446744073709551615,
          "filtered_ann_path_cost": 111914,
          "resident_heap_bytes": 53200116,
          "mapped_bytes": 26758086,
          "wal_bytes_delta": 0,
          "sidecar_bytes_delta": 0,
          "checkpoint_bytes_delta": 0,
          "temporary_spill_bytes_delta": 0
        },
        {
          "method": "industrial_selectivity",
          "ef_search": 1024,
          "metadata_bonus_cap_ppm": 0,
          "signal_queue_quota_ppm": 0,
          "graph_seed_limit": 0,
          "p50_ms": 0.5148,
          "p95_ms": 0.7222,
          "p99_ms": 0.7263000000000001,
          "mean_recall_at_10": 1.0,
          "mean_ndcg_at_10": 1.0,
          "mean_result_count": 10.0,
          "mean_navigation_scores": 4416.0,
          "mean_candidates_reranked": 1024.0,
          "peak_candidates": 1024,
          "peak_temp_bytes": 16384,
          "estimated_vector_page_reads": 2048,
          "estimated_payload_page_reads": 32768,
          "estimated_graph_page_reads": 0,
          "mean_bq_posting_lookup_ms": 0.000096875,
          "mean_bq_node_mapping_ms": 0.0000375,
          "mean_bq_heap_scan_ms": 0.111303125,
          "mean_bq_output_sort_ms": 0.016384375,
          "bq_slot_cache_hits": 32,
          "bq_slot_cache_misses": 0,
          "mean_bq_mapped_candidates": 4416.0,
          "mean_adaptive_ef_search": 1024.0,
          "mean_vector_density_skew_ppm": 996968.0,
          "selected_access_path": "PropertyVectorUnion",
          "property_path_cost": 74368,
          "graph_path_cost": 18446744073709551615,
          "filtered_ann_path_cost": 111914,
          "resident_heap_bytes": 53200116,
          "mapped_bytes": 26758086,
          "wal_bytes_delta": 0,
          "sidecar_bytes_delta": 0,
          "checkpoint_bytes_delta": 0,
          "temporary_spill_bytes_delta": 0
        },
        {
          "method": "industrial_density",
          "ef_search": 1024,
          "metadata_bonus_cap_ppm": 0,
          "signal_queue_quota_ppm": 0,
          "graph_seed_limit": 0,
          "p50_ms": 0.4996999999999999,
          "p95_ms": 0.6053999999999999,
          "p99_ms": 0.6753,
          "mean_recall_at_10": 1.0,
          "mean_ndcg_at_10": 1.0,
          "mean_result_count": 10.0,
          "mean_navigation_scores": 4416.0,
          "mean_candidates_reranked": 1024.0,
          "peak_candidates": 1024,
          "peak_temp_bytes": 16384,
          "estimated_vector_page_reads": 2048,
          "estimated_payload_page_reads": 32768,
          "estimated_graph_page_reads": 0,
          "mean_bq_posting_lookup_ms": 0.000103125,
          "mean_bq_node_mapping_ms": 6.25e-6,
          "mean_bq_heap_scan_ms": 0.106740625,
          "mean_bq_output_sort_ms": 0.011409375,
          "bq_slot_cache_hits": 32,
          "bq_slot_cache_misses": 0,
          "mean_bq_mapped_candidates": 4416.0,
          "mean_adaptive_ef_search": 1024.0,
          "mean_vector_density_skew_ppm": 996968.0,
          "selected_access_path": "PropertyVectorUnion",
          "property_path_cost": 74368,
          "graph_path_cost": 18446744073709551615,
          "filtered_ann_path_cost": 111914,
          "resident_heap_bytes": 53200116,
          "mapped_bytes": 26758086,
          "wal_bytes_delta": 0,
          "sidecar_bytes_delta": 0,
          "checkpoint_bytes_delta": 0,
          "temporary_spill_bytes_delta": 0
        },
        {
          "method": "post_filter",
          "ef_search": 1024,
          "metadata_bonus_cap_ppm": 0,
          "signal_queue_quota_ppm": 0,
          "graph_seed_limit": 0,
          "p50_ms": 1.1454,
          "p95_ms": 1.4729999999999999,
          "p99_ms": 1.4871,
          "mean_recall_at_10": 0.59375,
          "mean_ndcg_at_10": 0.59375,
          "mean_result_count": 10.0,
          "mean_navigation_scores": 6826.15625,
          "mean_candidates_reranked": 1024.0,
          "peak_candidates": 0,
          "peak_temp_bytes": 0,
          "estimated_vector_page_reads": 0,
          "estimated_payload_page_reads": 0,
          "estimated_graph_page_reads": 0,
          "mean_bq_posting_lookup_ms": 0.0,
          "mean_bq_node_mapping_ms": 0.0,
          "mean_bq_heap_scan_ms": 0.0,
          "mean_bq_output_sort_ms": 0.0,
          "bq_slot_cache_hits": 0,
          "bq_slot_cache_misses": 0,
          "mean_bq_mapped_candidates": 0.0,
          "mean_adaptive_ef_search": 0.0,
          "mean_vector_density_skew_ppm": 0.0,
          "selected_access_path": "AnnPostFilter",
          "property_path_cost": 0,
          "graph_path_cost": 0,
          "filtered_ann_path_cost": 0,
          "resident_heap_bytes": 53200116,
          "mapped_bytes": 26758086,
          "wal_bytes_delta": 0,
          "sidecar_bytes_delta": 0,
          "checkpoint_bytes_delta": 0,
          "temporary_spill_bytes_delta": 0
        },
        {
          "method": "bq_prefilter",
          "ef_search": 1024,
          "metadata_bonus_cap_ppm": 0,
          "signal_queue_quota_ppm": 0,
          "graph_seed_limit": 0,
          "p50_ms": 0.41859999999999997,
          "p95_ms": 0.5182,
          "p99_ms": 0.5385,
          "mean_recall_at_10": 1.0,
          "mean_ndcg_at_10": 1.0,
          "mean_result_count": 10.0,
          "mean_navigation_scores": 4416.0,
          "mean_candidates_reranked": 1024.0,
          "peak_candidates": 1024,
          "peak_temp_bytes": 16384,
          "estimated_vector_page_reads": 2048,
          "estimated_payload_page_reads": 32768,
          "estimated_graph_page_reads": 0,
          "mean_bq_posting_lookup_ms": 0.00010625,
          "mean_bq_node_mapping_ms": 0.000028125,
          "mean_bq_heap_scan_ms": 0.108965625,
          "mean_bq_output_sort_ms": 0.011603125,
          "bq_slot_cache_hits": 32,
          "bq_slot_cache_misses": 0,
          "mean_bq_mapped_candidates": 4416.0,
          "mean_adaptive_ef_search": 0.0,
          "mean_vector_density_skew_ppm": 0.0,
          "selected_access_path": "PropertyVectorUnion",
          "property_path_cost": 0,
          "graph_path_cost": 0,
          "filtered_ann_path_cost": 0,
          "resident_heap_bytes": 53200116,
          "mapped_bytes": 26758086,
          "wal_bytes_delta": 0,
          "sidecar_bytes_delta": 0,
          "checkpoint_bytes_delta": 0,
          "temporary_spill_bytes_delta": 0
        },
        {
          "method": "tsng",
          "ef_search": 1024,
          "metadata_bonus_cap_ppm": 100000,
          "signal_queue_quota_ppm": 0,
          "graph_seed_limit": 0,
          "p50_ms": 1.5328,
          "p95_ms": 2.2907,
          "p99_ms": 2.4227,
          "mean_recall_at_10": 0.59375,
          "mean_ndcg_at_10": 0.59375,
          "mean_result_count": 10.0,
          "mean_navigation_scores": 6826.15625,
          "mean_candidates_reranked": 1024.0,
          "peak_candidates": 0,
          "peak_temp_bytes": 0,
          "estimated_vector_page_reads": 0,
          "estimated_payload_page_reads": 0,
          "estimated_graph_page_reads": 0,
          "mean_bq_posting_lookup_ms": 0.0,
          "mean_bq_node_mapping_ms": 0.0,
          "mean_bq_heap_scan_ms": 0.0,
          "mean_bq_output_sort_ms": 0.0,
          "bq_slot_cache_hits": 0,
          "bq_slot_cache_misses": 0,
          "mean_bq_mapped_candidates": 0.0,
          "mean_adaptive_ef_search": 0.0,
          "mean_vector_density_skew_ppm": 0.0,
          "selected_access_path": "AnnPostFilter",
          "property_path_cost": 0,
          "graph_path_cost": 0,
          "filtered_ann_path_cost": 0,
          "resident_heap_bytes": 53200116,
          "mapped_bytes": 26758086,
          "wal_bytes_delta": 0,
          "sidecar_bytes_delta": 0,
          "checkpoint_bytes_delta": 0,
          "temporary_spill_bytes_delta": 0
        },
        {
          "method": "tsng",
          "ef_search": 1024,
          "metadata_bonus_cap_ppm": 100000,
          "signal_queue_quota_ppm": 100000,
          "graph_seed_limit": 0,
          "p50_ms": 2.3912999999999998,
          "p95_ms": 3.8089999999999997,
          "p99_ms": 4.0597,
          "mean_recall_at_10": 0.6875,
          "mean_ndcg_at_10": 0.6875,
          "mean_result_count": 10.0,
          "mean_navigation_scores": 7338.15625,
          "mean_candidates_reranked": 1024.0,
          "peak_candidates": 0,
          "peak_temp_bytes": 0,
          "estimated_vector_page_reads": 0,
          "estimated_payload_page_reads": 0,
          "estimated_graph_page_reads": 0,
          "mean_bq_posting_lookup_ms": 0.0,
          "mean_bq_node_mapping_ms": 0.0,
          "mean_bq_heap_scan_ms": 0.0,
          "mean_bq_output_sort_ms": 0.0,
          "bq_slot_cache_hits": 0,
          "bq_slot_cache_misses": 0,
          "mean_bq_mapped_candidates": 0.0,
          "mean_adaptive_ef_search": 0.0,
          "mean_vector_density_skew_ppm": 0.0,
          "selected_access_path": "AnnPostFilter",
          "property_path_cost": 0,
          "graph_path_cost": 0,
          "filtered_ann_path_cost": 0,
          "resident_heap_bytes": 53200116,
          "mapped_bytes": 26758086,
          "wal_bytes_delta": 0,
          "sidecar_bytes_delta": 0,
          "checkpoint_bytes_delta": 0,
          "temporary_spill_bytes_delta": 0
        },
        {
          "method": "tsng",
          "ef_search": 1024,
          "metadata_bonus_cap_ppm": 100000,
          "signal_queue_quota_ppm": 200000,
          "graph_seed_limit": 0,
          "p50_ms": 2.3590999999999998,
          "p95_ms": 3.6907,
          "p99_ms": 4.1943,
          "mean_recall_at_10": 0.6875,
          "mean_ndcg_at_10": 0.6875,
          "mean_result_count": 10.0,
          "mean_navigation_scores": 7338.15625,
          "mean_candidates_reranked": 1024.0,
          "peak_candidates": 0,
          "peak_temp_bytes": 0,
          "estimated_vector_page_reads": 0,
          "estimated_payload_page_reads": 0,
          "estimated_graph_page_reads": 0,
          "mean_bq_posting_lookup_ms": 0.0,
          "mean_bq_node_mapping_ms": 0.0,
          "mean_bq_heap_scan_ms": 0.0,
          "mean_bq_output_sort_ms": 0.0,
          "bq_slot_cache_hits": 0,
          "bq_slot_cache_misses": 0,
          "mean_bq_mapped_candidates": 0.0,
          "mean_adaptive_ef_search": 0.0,
          "mean_vector_density_skew_ppm": 0.0,
          "selected_access_path": "AnnPostFilter",
          "property_path_cost": 0,
          "graph_path_cost": 0,
          "filtered_ann_path_cost": 0,
          "resident_heap_bytes": 53200116,
          "mapped_bytes": 26758086,
          "wal_bytes_delta": 0,
          "sidecar_bytes_delta": 0,
          "checkpoint_bytes_delta": 0,
          "temporary_spill_bytes_delta": 0
        },
        {
          "method": "tsng",
          "ef_search": 1024,
          "metadata_bonus_cap_ppm": 100000,
          "signal_queue_quota_ppm": 250000,
          "graph_seed_limit": 0,
          "p50_ms": 2.5102,
          "p95_ms": 4.043,
          "p99_ms": 4.0502,
          "mean_recall_at_10": 0.6875,
          "mean_ndcg_at_10": 0.6875,
          "mean_result_count": 10.0,
          "mean_navigation_scores": 7338.15625,
          "mean_candidates_reranked": 1024.0,
          "peak_candidates": 0,
          "peak_temp_bytes": 0,
          "estimated_vector_page_reads": 0,
          "estimated_payload_page_reads": 0,
          "estimated_graph_page_reads": 0,
          "mean_bq_posting_lookup_ms": 0.0,
          "mean_bq_node_mapping_ms": 0.0,
          "mean_bq_heap_scan_ms": 0.0,
          "mean_bq_output_sort_ms": 0.0,
          "bq_slot_cache_hits": 0,
          "bq_slot_cache_misses": 0,
          "mean_bq_mapped_candidates": 0.0,
          "mean_adaptive_ef_search": 0.0,
          "mean_vector_density_skew_ppm": 0.0,
          "selected_access_path": "AnnPostFilter",
          "property_path_cost": 0,
          "graph_path_cost": 0,
          "filtered_ann_path_cost": 0,
          "resident_heap_bytes": 53200116,
          "mapped_bytes": 26758086,
          "wal_bytes_delta": 0,
          "sidecar_bytes_delta": 0,
          "checkpoint_bytes_delta": 0,
          "temporary_spill_bytes_delta": 0
        },
        {
          "method": "tsng",
          "ef_search": 1024,
          "metadata_bonus_cap_ppm": 100000,
          "signal_queue_quota_ppm": 330000,
          "graph_seed_limit": 0,
          "p50_ms": 2.3453,
          "p95_ms": 3.7146000000000003,
          "p99_ms": 4.1399,
          "mean_recall_at_10": 0.6875,
          "mean_ndcg_at_10": 0.6875,
          "mean_result_count": 10.0,
          "mean_navigation_scores": 7338.15625,
          "mean_candidates_reranked": 1024.0,
          "peak_candidates": 0,
          "peak_temp_bytes": 0,
          "estimated_vector_page_reads": 0,
          "estimated_payload_page_reads": 0,
          "estimated_graph_page_reads": 0,
          "mean_bq_posting_lookup_ms": 0.0,
          "mean_bq_node_mapping_ms": 0.0,
          "mean_bq_heap_scan_ms": 0.0,
          "mean_bq_output_sort_ms": 0.0,
          "bq_slot_cache_hits": 0,
          "bq_slot_cache_misses": 0,
          "mean_bq_mapped_candidates": 0.0,
          "mean_adaptive_ef_search": 0.0,
          "mean_vector_density_skew_ppm": 0.0,
          "selected_access_path": "AnnPostFilter",
          "property_path_cost": 0,
          "graph_path_cost": 0,
          "filtered_ann_path_cost": 0,
          "resident_heap_bytes": 53200116,
          "mapped_bytes": 26758086,
          "wal_bytes_delta": 0,
          "sidecar_bytes_delta": 0,
          "checkpoint_bytes_delta": 0,
          "temporary_spill_bytes_delta": 0
        },
        {
          "method": "tsng",
          "ef_search": 1024,
          "metadata_bonus_cap_ppm": 100000,
          "signal_queue_quota_ppm": 500000,
          "graph_seed_limit": 0,
          "p50_ms": 2.4183,
          "p95_ms": 3.8549,
          "p99_ms": 4.0758,
          "mean_recall_at_10": 0.6875,
          "mean_ndcg_at_10": 0.6875,
          "mean_result_count": 10.0,
          "mean_navigation_scores": 7338.15625,
          "mean_candidates_reranked": 1024.0,
          "peak_candidates": 0,
          "peak_temp_bytes": 0,
          "estimated_vector_page_reads": 0,
          "estimated_payload_page_reads": 0,
          "estimated_graph_page_reads": 0,
          "mean_bq_posting_lookup_ms": 0.0,
          "mean_bq_node_mapping_ms": 0.0,
          "mean_bq_heap_scan_ms": 0.0,
          "mean_bq_output_sort_ms": 0.0,
          "bq_slot_cache_hits": 0,
          "bq_slot_cache_misses": 0,
          "mean_bq_mapped_candidates": 0.0,
          "mean_adaptive_ef_search": 0.0,
          "mean_vector_density_skew_ppm": 0.0,
          "selected_access_path": "AnnPostFilter",
          "property_path_cost": 0,
          "graph_path_cost": 0,
          "filtered_ann_path_cost": 0,
          "resident_heap_bytes": 53200116,
          "mapped_bytes": 26758086,
          "wal_bytes_delta": 0,
          "sidecar_bytes_delta": 0,
          "checkpoint_bytes_delta": 0,
          "temporary_spill_bytes_delta": 0
        },
        {
          "method": "industrial_fixed",
          "ef_search": 2048,
          "metadata_bonus_cap_ppm": 0,
          "signal_queue_quota_ppm": 0,
          "graph_seed_limit": 0,
          "p50_ms": 0.8425,
          "p95_ms": 1.0074,
          "p99_ms": 1.0312,
          "mean_recall_at_10": 1.0,
          "mean_ndcg_at_10": 1.0,
          "mean_result_count": 10.0,
          "mean_navigation_scores": 4416.0,
          "mean_candidates_reranked": 2048.0,
          "peak_candidates": 2048,
          "peak_temp_bytes": 32768,
          "estimated_vector_page_reads": 4096,
          "estimated_payload_page_reads": 65536,
          "estimated_graph_page_reads": 0,
          "mean_bq_posting_lookup_ms": 0.000128125,
          "mean_bq_node_mapping_ms": 0.000015625,
          "mean_bq_heap_scan_ms": 0.121725,
          "mean_bq_output_sort_ms": 0.02341875,
          "bq_slot_cache_hits": 32,
          "bq_slot_cache_misses": 0,
          "mean_bq_mapped_candidates": 4416.0,
          "mean_adaptive_ef_search": 2048.0,
          "mean_vector_density_skew_ppm": 996968.0,
          "selected_access_path": "PropertyVectorUnion",
          "property_path_cost": 139904,
          "graph_path_cost": 18446744073709551615,
          "filtered_ann_path_cost": 223826,
          "resident_heap_bytes": 53200116,
          "mapped_bytes": 26758086,
          "wal_bytes_delta": 0,
          "sidecar_bytes_delta": 0,
          "checkpoint_bytes_delta": 0,
          "temporary_spill_bytes_delta": 0
        },
        {
          "method": "industrial_selectivity",
          "ef_search": 2048,
          "metadata_bonus_cap_ppm": 0,
          "signal_queue_quota_ppm": 0,
          "graph_seed_limit": 0,
          "p50_ms": 0.8463,
          "p95_ms": 1.1724999999999999,
          "p99_ms": 1.2194,
          "mean_recall_at_10": 1.0,
          "mean_ndcg_at_10": 1.0,
          "mean_result_count": 10.0,
          "mean_navigation_scores": 4416.0,
          "mean_candidates_reranked": 2048.0,
          "peak_candidates": 2048,
          "peak_temp_bytes": 32768,
          "estimated_vector_page_reads": 4096,
          "estimated_payload_page_reads": 65536,
          "estimated_graph_page_reads": 0,
          "mean_bq_posting_lookup_ms": 0.0001125,
          "mean_bq_node_mapping_ms": 0.000040625,
          "mean_bq_heap_scan_ms": 0.13644375,
          "mean_bq_output_sort_ms": 0.026646875,
          "bq_slot_cache_hits": 32,
          "bq_slot_cache_misses": 0,
          "mean_bq_mapped_candidates": 4416.0,
          "mean_adaptive_ef_search": 2048.0,
          "mean_vector_density_skew_ppm": 996968.0,
          "selected_access_path": "PropertyVectorUnion",
          "property_path_cost": 139904,
          "graph_path_cost": 18446744073709551615,
          "filtered_ann_path_cost": 223826,
          "resident_heap_bytes": 53200116,
          "mapped_bytes": 26758086,
          "wal_bytes_delta": 0,
          "sidecar_bytes_delta": 0,
          "checkpoint_bytes_delta": 0,
          "temporary_spill_bytes_delta": 0
        },
        {
          "method": "industrial_density",
          "ef_search": 2048,
          "metadata_bonus_cap_ppm": 0,
          "signal_queue_quota_ppm": 0,
          "graph_seed_limit": 0,
          "p50_ms": 0.8568,
          "p95_ms": 0.9722,
          "p99_ms": 1.1115000000000002,
          "mean_recall_at_10": 1.0,
          "mean_ndcg_at_10": 1.0,
          "mean_result_count": 10.0,
          "mean_navigation_scores": 4416.0,
          "mean_candidates_reranked": 2048.0,
          "peak_candidates": 2048,
          "peak_temp_bytes": 32768,
          "estimated_vector_page_reads": 4096,
          "estimated_payload_page_reads": 65536,
          "estimated_graph_page_reads": 0,
          "mean_bq_posting_lookup_ms": 0.000121875,
          "mean_bq_node_mapping_ms": 0.000028125,
          "mean_bq_heap_scan_ms": 0.125059375,
          "mean_bq_output_sort_ms": 0.024784375,
          "bq_slot_cache_hits": 32,
          "bq_slot_cache_misses": 0,
          "mean_bq_mapped_candidates": 4416.0,
          "mean_adaptive_ef_search": 2048.0,
          "mean_vector_density_skew_ppm": 996968.0,
          "selected_access_path": "PropertyVectorUnion",
          "property_path_cost": 139904,
          "graph_path_cost": 18446744073709551615,
          "filtered_ann_path_cost": 223826,
          "resident_heap_bytes": 53200116,
          "mapped_bytes": 26758086,
          "wal_bytes_delta": 0,
          "sidecar_bytes_delta": 0,
          "checkpoint_bytes_delta": 0,
          "temporary_spill_bytes_delta": 0
        },
        {
          "method": "post_filter",
          "ef_search": 2048,
          "metadata_bonus_cap_ppm": 0,
          "signal_queue_quota_ppm": 0,
          "graph_seed_limit": 0,
          "p50_ms": 2.0827,
          "p95_ms": 2.8879,
          "p99_ms": 2.9564,
          "mean_recall_at_10": 0.90625,
          "mean_ndcg_at_10": 0.90625,
          "mean_result_count": 10.0,
          "mean_navigation_scores": 9129.0,
          "mean_candidates_reranked": 2048.0,
          "peak_candidates": 0,
          "peak_temp_bytes": 0,
          "estimated_vector_page_reads": 0,
          "estimated_payload_page_reads": 0,
          "estimated_graph_page_reads": 0,
          "mean_bq_posting_lookup_ms": 0.0,
          "mean_bq_node_mapping_ms": 0.0,
          "mean_bq_heap_scan_ms": 0.0,
          "mean_bq_output_sort_ms": 0.0,
          "bq_slot_cache_hits": 0,
          "bq_slot_cache_misses": 0,
          "mean_bq_mapped_candidates": 0.0,
          "mean_adaptive_ef_search": 0.0,
          "mean_vector_density_skew_ppm": 0.0,
          "selected_access_path": "AnnPostFilter",
          "property_path_cost": 0,
          "graph_path_cost": 0,
          "filtered_ann_path_cost": 0,
          "resident_heap_bytes": 53200116,
          "mapped_bytes": 26758086,
          "wal_bytes_delta": 0,
          "sidecar_bytes_delta": 0,
          "checkpoint_bytes_delta": 0,
          "temporary_spill_bytes_delta": 0
        },
        {
          "method": "bq_prefilter",
          "ef_search": 2048,
          "metadata_bonus_cap_ppm": 0,
          "signal_queue_quota_ppm": 0,
          "graph_seed_limit": 0,
          "p50_ms": 0.7162,
          "p95_ms": 0.8107,
          "p99_ms": 0.834,
          "mean_recall_at_10": 1.0,
          "mean_ndcg_at_10": 1.0,
          "mean_result_count": 10.0,
          "mean_navigation_scores": 4416.0,
          "mean_candidates_reranked": 2048.0,
          "peak_candidates": 2048,
          "peak_temp_bytes": 32768,
          "estimated_vector_page_reads": 4096,
          "estimated_payload_page_reads": 65536,
          "estimated_graph_page_reads": 0,
          "mean_bq_posting_lookup_ms": 0.000109375,
          "mean_bq_node_mapping_ms": 0.000021875,
          "mean_bq_heap_scan_ms": 0.124359375,
          "mean_bq_output_sort_ms": 0.0239375,
          "bq_slot_cache_hits": 32,
          "bq_slot_cache_misses": 0,
          "mean_bq_mapped_candidates": 4416.0,
          "mean_adaptive_ef_search": 0.0,
          "mean_vector_density_skew_ppm": 0.0,
          "selected_access_path": "PropertyVectorUnion",
          "property_path_cost": 0,
          "graph_path_cost": 0,
          "filtered_ann_path_cost": 0,
          "resident_heap_bytes": 53200116,
          "mapped_bytes": 26758086,
          "wal_bytes_delta": 0,
          "sidecar_bytes_delta": 0,
          "checkpoint_bytes_delta": 0,
          "temporary_spill_bytes_delta": 0
        },
        {
          "method": "tsng",
          "ef_search": 2048,
          "metadata_bonus_cap_ppm": 100000,
          "signal_queue_quota_ppm": 0,
          "graph_seed_limit": 0,
          "p50_ms": 2.6845,
          "p95_ms": 4.059100000000001,
          "p99_ms": 4.073099999999999,
          "mean_recall_at_10": 0.90625,
          "mean_ndcg_at_10": 0.90625,
          "mean_result_count": 10.0,
          "mean_navigation_scores": 9129.0,
          "mean_candidates_reranked": 2048.0,
          "peak_candidates": 0,
          "peak_temp_bytes": 0,
          "estimated_vector_page_reads": 0,
          "estimated_payload_page_reads": 0,
          "estimated_graph_page_reads": 0,
          "mean_bq_posting_lookup_ms": 0.0,
          "mean_bq_node_mapping_ms": 0.0,
          "mean_bq_heap_scan_ms": 0.0,
          "mean_bq_output_sort_ms": 0.0,
          "bq_slot_cache_hits": 0,
          "bq_slot_cache_misses": 0,
          "mean_bq_mapped_candidates": 0.0,
          "mean_adaptive_ef_search": 0.0,
          "mean_vector_density_skew_ppm": 0.0,
          "selected_access_path": "AnnPostFilter",
          "property_path_cost": 0,
          "graph_path_cost": 0,
          "filtered_ann_path_cost": 0,
          "resident_heap_bytes": 53200116,
          "mapped_bytes": 26758086,
          "wal_bytes_delta": 0,
          "sidecar_bytes_delta": 0,
          "checkpoint_bytes_delta": 0,
          "temporary_spill_bytes_delta": 0
        },
        {
          "method": "tsng",
          "ef_search": 2048,
          "metadata_bonus_cap_ppm": 100000,
          "signal_queue_quota_ppm": 100000,
          "graph_seed_limit": 0,
          "p50_ms": 3.6345,
          "p95_ms": 5.9331000000000005,
          "p99_ms": 6.2275,
          "mean_recall_at_10": 0.90625,
          "mean_ndcg_at_10": 0.90625,
          "mean_result_count": 10.0,
          "mean_navigation_scores": 9238.84375,
          "mean_candidates_reranked": 2048.0,
          "peak_candidates": 0,
          "peak_temp_bytes": 0,
          "estimated_vector_page_reads": 0,
          "estimated_payload_page_reads": 0,
          "estimated_graph_page_reads": 0,
          "mean_bq_posting_lookup_ms": 0.0,
          "mean_bq_node_mapping_ms": 0.0,
          "mean_bq_heap_scan_ms": 0.0,
          "mean_bq_output_sort_ms": 0.0,
          "bq_slot_cache_hits": 0,
          "bq_slot_cache_misses": 0,
          "mean_bq_mapped_candidates": 0.0,
          "mean_adaptive_ef_search": 0.0,
          "mean_vector_density_skew_ppm": 0.0,
          "selected_access_path": "AnnPostFilter",
          "property_path_cost": 0,
          "graph_path_cost": 0,
          "filtered_ann_path_cost": 0,
          "resident_heap_bytes": 53200116,
          "mapped_bytes": 26758086,
          "wal_bytes_delta": 0,
          "sidecar_bytes_delta": 0,
          "checkpoint_bytes_delta": 0,
          "temporary_spill_bytes_delta": 0
        },
        {
          "method": "tsng",
          "ef_search": 2048,
          "metadata_bonus_cap_ppm": 100000,
          "signal_queue_quota_ppm": 200000,
          "graph_seed_limit": 0,
          "p50_ms": 3.7014,
          "p95_ms": 6.0743,
          "p99_ms": 6.2312,
          "mean_recall_at_10": 0.90625,
          "mean_ndcg_at_10": 0.90625,
          "mean_result_count": 10.0,
          "mean_navigation_scores": 9238.84375,
          "mean_candidates_reranked": 2048.0,
          "peak_candidates": 0,
          "peak_temp_bytes": 0,
          "estimated_vector_page_reads": 0,
          "estimated_payload_page_reads": 0,
          "estimated_graph_page_reads": 0,
          "mean_bq_posting_lookup_ms": 0.0,
          "mean_bq_node_mapping_ms": 0.0,
          "mean_bq_heap_scan_ms": 0.0,
          "mean_bq_output_sort_ms": 0.0,
          "bq_slot_cache_hits": 0,
          "bq_slot_cache_misses": 0,
          "mean_bq_mapped_candidates": 0.0,
          "mean_adaptive_ef_search": 0.0,
          "mean_vector_density_skew_ppm": 0.0,
          "selected_access_path": "AnnPostFilter",
          "property_path_cost": 0,
          "graph_path_cost": 0,
          "filtered_ann_path_cost": 0,
          "resident_heap_bytes": 53200116,
          "mapped_bytes": 26758086,
          "wal_bytes_delta": 0,
          "sidecar_bytes_delta": 0,
          "checkpoint_bytes_delta": 0,
          "temporary_spill_bytes_delta": 0
        },
        {
          "method": "tsng",
          "ef_search": 2048,
          "metadata_bonus_cap_ppm": 100000,
          "signal_queue_quota_ppm": 250000,
          "graph_seed_limit": 0,
          "p50_ms": 3.6795,
          "p95_ms": 6.1548,
          "p99_ms": 6.4098999999999995,
          "mean_recall_at_10": 0.90625,
          "mean_ndcg_at_10": 0.90625,
          "mean_result_count": 10.0,
          "mean_navigation_scores": 9238.84375,
          "mean_candidates_reranked": 2048.0,
          "peak_candidates": 0,
          "peak_temp_bytes": 0,
          "estimated_vector_page_reads": 0,
          "estimated_payload_page_reads": 0,
          "estimated_graph_page_reads": 0,
          "mean_bq_posting_lookup_ms": 0.0,
          "mean_bq_node_mapping_ms": 0.0,
          "mean_bq_heap_scan_ms": 0.0,
          "mean_bq_output_sort_ms": 0.0,
          "bq_slot_cache_hits": 0,
          "bq_slot_cache_misses": 0,
          "mean_bq_mapped_candidates": 0.0,
          "mean_adaptive_ef_search": 0.0,
          "mean_vector_density_skew_ppm": 0.0,
          "selected_access_path": "AnnPostFilter",
          "property_path_cost": 0,
          "graph_path_cost": 0,
          "filtered_ann_path_cost": 0,
          "resident_heap_bytes": 53200116,
          "mapped_bytes": 26758086,
          "wal_bytes_delta": 0,
          "sidecar_bytes_delta": 0,
          "checkpoint_bytes_delta": 0,
          "temporary_spill_bytes_delta": 0
        },
        {
          "method": "tsng",
          "ef_search": 2048,
          "metadata_bonus_cap_ppm": 100000,
          "signal_queue_quota_ppm": 330000,
          "graph_seed_limit": 0,
          "p50_ms": 3.7598000000000003,
          "p95_ms": 6.0216,
          "p99_ms": 6.5653,
          "mean_recall_at_10": 0.90625,
          "mean_ndcg_at_10": 0.90625,
          "mean_result_count": 10.0,
          "mean_navigation_scores": 9238.84375,
          "mean_candidates_reranked": 2048.0,
          "peak_candidates": 0,
          "peak_temp_bytes": 0,
          "estimated_vector_page_reads": 0,
          "estimated_payload_page_reads": 0,
          "estimated_graph_page_reads": 0,
          "mean_bq_posting_lookup_ms": 0.0,
          "mean_bq_node_mapping_ms": 0.0,
          "mean_bq_heap_scan_ms": 0.0,
          "mean_bq_output_sort_ms": 0.0,
          "bq_slot_cache_hits": 0,
          "bq_slot_cache_misses": 0,
          "mean_bq_mapped_candidates": 0.0,
          "mean_adaptive_ef_search": 0.0,
          "mean_vector_density_skew_ppm": 0.0,
          "selected_access_path": "AnnPostFilter",
          "property_path_cost": 0,
          "graph_path_cost": 0,
          "filtered_ann_path_cost": 0,
          "resident_heap_bytes": 53200116,
          "mapped_bytes": 26758086,
          "wal_bytes_delta": 0,
          "sidecar_bytes_delta": 0,
          "checkpoint_bytes_delta": 0,
          "temporary_spill_bytes_delta": 0
        },
        {
          "method": "tsng",
          "ef_search": 2048,
          "metadata_bonus_cap_ppm": 100000,
          "signal_queue_quota_ppm": 500000,
          "graph_seed_limit": 0,
          "p50_ms": 3.8346,
          "p95_ms": 6.1137,
          "p99_ms": 6.2943,
          "mean_recall_at_10": 0.90625,
          "mean_ndcg_at_10": 0.90625,
          "mean_result_count": 10.0,
          "mean_navigation_scores": 9238.84375,
          "mean_candidates_reranked": 2048.0,
          "peak_candidates": 0,
          "peak_temp_bytes": 0,
          "estimated_vector_page_reads": 0,
          "estimated_payload_page_reads": 0,
          "estimated_graph_page_reads": 0,
          "mean_bq_posting_lookup_ms": 0.0,
          "mean_bq_node_mapping_ms": 0.0,
          "mean_bq_heap_scan_ms": 0.0,
          "mean_bq_output_sort_ms": 0.0,
          "bq_slot_cache_hits": 0,
          "bq_slot_cache_misses": 0,
          "mean_bq_mapped_candidates": 0.0,
          "mean_adaptive_ef_search": 0.0,
          "mean_vector_density_skew_ppm": 0.0,
          "selected_access_path": "AnnPostFilter",
          "property_path_cost": 0,
          "graph_path_cost": 0,
          "filtered_ann_path_cost": 0,
          "resident_heap_bytes": 53200116,
          "mapped_bytes": 26758086,
          "wal_bytes_delta": 0,
          "sidecar_bytes_delta": 0,
          "checkpoint_bytes_delta": 0,
          "temporary_spill_bytes_delta": 0
        },
        {
          "method": "industrial_fixed",
          "ef_search": 4096,
          "metadata_bonus_cap_ppm": 0,
          "signal_queue_quota_ppm": 0,
          "graph_seed_limit": 0,
          "p50_ms": 1.5161,
          "p95_ms": 1.8434,
          "p99_ms": 2.0471999999999997,
          "mean_recall_at_10": 1.0,
          "mean_ndcg_at_10": 1.0,
          "mean_result_count": 10.0,
          "mean_navigation_scores": 4416.0,
          "mean_candidates_reranked": 4096.0,
          "peak_candidates": 4096,
          "peak_temp_bytes": 65536,
          "estimated_vector_page_reads": 8192,
          "estimated_payload_page_reads": 131072,
          "estimated_graph_page_reads": 0,
          "mean_bq_posting_lookup_ms": 0.000140625,
          "mean_bq_node_mapping_ms": 0.00001875,
          "mean_bq_heap_scan_ms": 0.095690625,
          "mean_bq_output_sort_ms": 0.05259375,
          "bq_slot_cache_hits": 32,
          "bq_slot_cache_misses": 0,
          "mean_bq_mapped_candidates": 4416.0,
          "mean_adaptive_ef_search": 4096.0,
          "mean_vector_density_skew_ppm": 996968.0,
          "selected_access_path": "PropertyVectorUnion",
          "property_path_cost": 270976,
          "graph_path_cost": 18446744073709551615,
          "filtered_ann_path_cost": 447652,
          "resident_heap_bytes": 53200116,
          "mapped_bytes": 26758086,
          "wal_bytes_delta": 0,
          "sidecar_bytes_delta": 0,
          "checkpoint_bytes_delta": 0,
          "temporary_spill_bytes_delta": 0
        },
        {
          "method": "industrial_selectivity",
          "ef_search": 4096,
          "metadata_bonus_cap_ppm": 0,
          "signal_queue_quota_ppm": 0,
          "graph_seed_limit": 0,
          "p50_ms": 1.4617,
          "p95_ms": 1.9009,
          "p99_ms": 2.0481000000000003,
          "mean_recall_at_10": 1.0,
          "mean_ndcg_at_10": 1.0,
          "mean_result_count": 10.0,
          "mean_navigation_scores": 4416.0,
          "mean_candidates_reranked": 4096.0,
          "peak_candidates": 4096,
          "peak_temp_bytes": 65536,
          "estimated_vector_page_reads": 8192,
          "estimated_payload_page_reads": 131072,
          "estimated_graph_page_reads": 0,
          "mean_bq_posting_lookup_ms": 0.00014375,
          "mean_bq_node_mapping_ms": 0.000028125,
          "mean_bq_heap_scan_ms": 0.092765625,
          "mean_bq_output_sort_ms": 0.049875,
          "bq_slot_cache_hits": 32,
          "bq_slot_cache_misses": 0,
          "mean_bq_mapped_candidates": 4416.0,
          "mean_adaptive_ef_search": 4096.0,
          "mean_vector_density_skew_ppm": 996968.0,
          "selected_access_path": "PropertyVectorUnion",
          "property_path_cost": 270976,
          "graph_path_cost": 18446744073709551615,
          "filtered_ann_path_cost": 447652,
          "resident_heap_bytes": 53200116,
          "mapped_bytes": 26758086,
          "wal_bytes_delta": 0,
          "sidecar_bytes_delta": 0,
          "checkpoint_bytes_delta": 0,
          "temporary_spill_bytes_delta": 0
        },
        {
          "method": "industrial_density",
          "ef_search": 4096,
          "metadata_bonus_cap_ppm": 0,
          "signal_queue_quota_ppm": 0,
          "graph_seed_limit": 0,
          "p50_ms": 1.6263,
          "p95_ms": 2.0281000000000002,
          "p99_ms": 2.186,
          "mean_recall_at_10": 1.0,
          "mean_ndcg_at_10": 1.0,
          "mean_result_count": 10.0,
          "mean_navigation_scores": 4416.0,
          "mean_candidates_reranked": 4096.0,
          "peak_candidates": 4096,
          "peak_temp_bytes": 65536,
          "estimated_vector_page_reads": 8192,
          "estimated_payload_page_reads": 131072,
          "estimated_graph_page_reads": 0,
          "mean_bq_posting_lookup_ms": 0.00015,
          "mean_bq_node_mapping_ms": 0.00005,
          "mean_bq_heap_scan_ms": 0.098596875,
          "mean_bq_output_sort_ms": 0.05625625,
          "bq_slot_cache_hits": 32,
          "bq_slot_cache_misses": 0,
          "mean_bq_mapped_candidates": 4416.0,
          "mean_adaptive_ef_search": 4096.0,
          "mean_vector_density_skew_ppm": 996968.0,
          "selected_access_path": "PropertyVectorUnion",
          "property_path_cost": 270976,
          "graph_path_cost": 18446744073709551615,
          "filtered_ann_path_cost": 447652,
          "resident_heap_bytes": 53200116,
          "mapped_bytes": 26758086,
          "wal_bytes_delta": 0,
          "sidecar_bytes_delta": 0,
          "checkpoint_bytes_delta": 0,
          "temporary_spill_bytes_delta": 0
        },
        {
          "method": "post_filter",
          "ef_search": 4096,
          "metadata_bonus_cap_ppm": 0,
          "signal_queue_quota_ppm": 0,
          "graph_seed_limit": 0,
          "p50_ms": 3.7911,
          "p95_ms": 4.7176,
          "p99_ms": 4.811400000000001,
          "mean_recall_at_10": 1.0,
          "mean_ndcg_at_10": 1.0,
          "mean_result_count": 10.0,
          "mean_navigation_scores": 19523.25,
          "mean_candidates_reranked": 4096.0,
          "peak_candidates": 0,
          "peak_temp_bytes": 0,
          "estimated_vector_page_reads": 0,
          "estimated_payload_page_reads": 0,
          "estimated_graph_page_reads": 0,
          "mean_bq_posting_lookup_ms": 0.0,
          "mean_bq_node_mapping_ms": 0.0,
          "mean_bq_heap_scan_ms": 0.0,
          "mean_bq_output_sort_ms": 0.0,
          "bq_slot_cache_hits": 0,
          "bq_slot_cache_misses": 0,
          "mean_bq_mapped_candidates": 0.0,
          "mean_adaptive_ef_search": 0.0,
          "mean_vector_density_skew_ppm": 0.0,
          "selected_access_path": "AnnPostFilter",
          "property_path_cost": 0,
          "graph_path_cost": 0,
          "filtered_ann_path_cost": 0,
          "resident_heap_bytes": 53200116,
          "mapped_bytes": 26758086,
          "wal_bytes_delta": 0,
          "sidecar_bytes_delta": 0,
          "checkpoint_bytes_delta": 0,
          "temporary_spill_bytes_delta": 0
        },
        {
          "method": "bq_prefilter",
          "ef_search": 4096,
          "metadata_bonus_cap_ppm": 0,
          "signal_queue_quota_ppm": 0,
          "graph_seed_limit": 0,
          "p50_ms": 1.1805999999999999,
          "p95_ms": 1.3139,
          "p99_ms": 1.3297,
          "mean_recall_at_10": 1.0,
          "mean_ndcg_at_10": 1.0,
          "mean_result_count": 10.0,
          "mean_navigation_scores": 4416.0,
          "mean_candidates_reranked": 4096.0,
          "peak_candidates": 4096,
          "peak_temp_bytes": 65536,
          "estimated_vector_page_reads": 8192,
          "estimated_payload_page_reads": 131072,
          "estimated_graph_page_reads": 0,
          "mean_bq_posting_lookup_ms": 0.000103125,
          "mean_bq_node_mapping_ms": 0.000028125,
          "mean_bq_heap_scan_ms": 0.0886,
          "mean_bq_output_sort_ms": 0.048246875,
          "bq_slot_cache_hits": 32,
          "bq_slot_cache_misses": 0,
          "mean_bq_mapped_candidates": 4416.0,
          "mean_adaptive_ef_search": 0.0,
          "mean_vector_density_skew_ppm": 0.0,
          "selected_access_path": "PropertyVectorUnion",
          "property_path_cost": 0,
          "graph_path_cost": 0,
          "filtered_ann_path_cost": 0,
          "resident_heap_bytes": 53200116,
          "mapped_bytes": 26758086,
          "wal_bytes_delta": 0,
          "sidecar_bytes_delta": 0,
          "checkpoint_bytes_delta": 0,
          "temporary_spill_bytes_delta": 0
        },
        {
          "method": "tsng",
          "ef_search": 4096,
          "metadata_bonus_cap_ppm": 100000,
          "signal_queue_quota_ppm": 0,
          "graph_seed_limit": 0,
          "p50_ms": 5.4590000000000005,
          "p95_ms": 7.1976,
          "p99_ms": 7.2518,
          "mean_recall_at_10": 1.0,
          "mean_ndcg_at_10": 1.0,
          "mean_result_count": 10.0,
          "mean_navigation_scores": 19523.25,
          "mean_candidates_reranked": 4096.0,
          "peak_candidates": 0,
          "peak_temp_bytes": 0,
          "estimated_vector_page_reads": 0,
          "estimated_payload_page_reads": 0,
          "estimated_graph_page_reads": 0,
          "mean_bq_posting_lookup_ms": 0.0,
          "mean_bq_node_mapping_ms": 0.0,
          "mean_bq_heap_scan_ms": 0.0,
          "mean_bq_output_sort_ms": 0.0,
          "bq_slot_cache_hits": 0,
          "bq_slot_cache_misses": 0,
          "mean_bq_mapped_candidates": 0.0,
          "mean_adaptive_ef_search": 0.0,
          "mean_vector_density_skew_ppm": 0.0,
          "selected_access_path": "AnnPostFilter",
          "property_path_cost": 0,
          "graph_path_cost": 0,
          "filtered_ann_path_cost": 0,
          "resident_heap_bytes": 53200116,
          "mapped_bytes": 26758086,
          "wal_bytes_delta": 0,
          "sidecar_bytes_delta": 0,
          "checkpoint_bytes_delta": 0,
          "temporary_spill_bytes_delta": 0
        },
        {
          "method": "tsng",
          "ef_search": 4096,
          "metadata_bonus_cap_ppm": 100000,
          "signal_queue_quota_ppm": 100000,
          "graph_seed_limit": 0,
          "p50_ms": 8.2042,
          "p95_ms": 11.3252,
          "p99_ms": 11.9396,
          "mean_recall_at_10": 1.0,
          "mean_ndcg_at_10": 1.0,
          "mean_result_count": 10.0,
          "mean_navigation_scores": 20326.90625,
          "mean_candidates_reranked": 4096.0,
          "peak_candidates": 0,
          "peak_temp_bytes": 0,
          "estimated_vector_page_reads": 0,
          "estimated_payload_page_reads": 0,
          "estimated_graph_page_reads": 0,
          "mean_bq_posting_lookup_ms": 0.0,
          "mean_bq_node_mapping_ms": 0.0,
          "mean_bq_heap_scan_ms": 0.0,
          "mean_bq_output_sort_ms": 0.0,
          "bq_slot_cache_hits": 0,
          "bq_slot_cache_misses": 0,
          "mean_bq_mapped_candidates": 0.0,
          "mean_adaptive_ef_search": 0.0,
          "mean_vector_density_skew_ppm": 0.0,
          "selected_access_path": "AnnPostFilter",
          "property_path_cost": 0,
          "graph_path_cost": 0,
          "filtered_ann_path_cost": 0,
          "resident_heap_bytes": 53200116,
          "mapped_bytes": 26758086,
          "wal_bytes_delta": 0,
          "sidecar_bytes_delta": 0,
          "checkpoint_bytes_delta": 0,
          "temporary_spill_bytes_delta": 0
        },
        {
          "method": "tsng",
          "ef_search": 4096,
          "metadata_bonus_cap_ppm": 100000,
          "signal_queue_quota_ppm": 200000,
          "graph_seed_limit": 0,
          "p50_ms": 8.1644,
          "p95_ms": 10.9363,
          "p99_ms": 11.104299999999999,
          "mean_recall_at_10": 1.0,
          "mean_ndcg_at_10": 1.0,
          "mean_result_count": 10.0,
          "mean_navigation_scores": 20326.90625,
          "mean_candidates_reranked": 4096.0,
          "peak_candidates": 0,
          "peak_temp_bytes": 0,
          "estimated_vector_page_reads": 0,
          "estimated_payload_page_reads": 0,
          "estimated_graph_page_reads": 0,
          "mean_bq_posting_lookup_ms": 0.0,
          "mean_bq_node_mapping_ms": 0.0,
          "mean_bq_heap_scan_ms": 0.0,
          "mean_bq_output_sort_ms": 0.0,
          "bq_slot_cache_hits": 0,
          "bq_slot_cache_misses": 0,
          "mean_bq_mapped_candidates": 0.0,
          "mean_adaptive_ef_search": 0.0,
          "mean_vector_density_skew_ppm": 0.0,
          "selected_access_path": "AnnPostFilter",
          "property_path_cost": 0,
          "graph_path_cost": 0,
          "filtered_ann_path_cost": 0,
          "resident_heap_bytes": 53200116,
          "mapped_bytes": 26758086,
          "wal_bytes_delta": 0,
          "sidecar_bytes_delta": 0,
          "checkpoint_bytes_delta": 0,
          "temporary_spill_bytes_delta": 0
        },
        {
          "method": "tsng",
          "ef_search": 4096,
          "metadata_bonus_cap_ppm": 100000,
          "signal_queue_quota_ppm": 250000,
          "graph_seed_limit": 0,
          "p50_ms": 8.366,
          "p95_ms": 11.0319,
          "p99_ms": 11.7885,
          "mean_recall_at_10": 1.0,
          "mean_ndcg_at_10": 1.0,
          "mean_result_count": 10.0,
          "mean_navigation_scores": 20326.90625,
          "mean_candidates_reranked": 4096.0,
          "peak_candidates": 0,
          "peak_temp_bytes": 0,
          "estimated_vector_page_reads": 0,
          "estimated_payload_page_reads": 0,
          "estimated_graph_page_reads": 0,
          "mean_bq_posting_lookup_ms": 0.0,
          "mean_bq_node_mapping_ms": 0.0,
          "mean_bq_heap_scan_ms": 0.0,
          "mean_bq_output_sort_ms": 0.0,
          "bq_slot_cache_hits": 0,
          "bq_slot_cache_misses": 0,
          "mean_bq_mapped_candidates": 0.0,
          "mean_adaptive_ef_search": 0.0,
          "mean_vector_density_skew_ppm": 0.0,
          "selected_access_path": "AnnPostFilter",
          "property_path_cost": 0,
          "graph_path_cost": 0,
          "filtered_ann_path_cost": 0,
          "resident_heap_bytes": 53200116,
          "mapped_bytes": 26758086,
          "wal_bytes_delta": 0,
          "sidecar_bytes_delta": 0,
          "checkpoint_bytes_delta": 0,
          "temporary_spill_bytes_delta": 0
        },
        {
          "method": "tsng",
          "ef_search": 4096,
          "metadata_bonus_cap_ppm": 100000,
          "signal_queue_quota_ppm": 330000,
          "graph_seed_limit": 0,
          "p50_ms": 8.183599999999998,
          "p95_ms": 11.241100000000001,
          "p99_ms": 12.1303,
          "mean_recall_at_10": 1.0,
          "mean_ndcg_at_10": 1.0,
          "mean_result_count": 10.0,
          "mean_navigation_scores": 20326.90625,
          "mean_candidates_reranked": 4096.0,
          "peak_candidates": 0,
          "peak_temp_bytes": 0,
          "estimated_vector_page_reads": 0,
          "estimated_payload_page_reads": 0,
          "estimated_graph_page_reads": 0,
          "mean_bq_posting_lookup_ms": 0.0,
          "mean_bq_node_mapping_ms": 0.0,
          "mean_bq_heap_scan_ms": 0.0,
          "mean_bq_output_sort_ms": 0.0,
          "bq_slot_cache_hits": 0,
          "bq_slot_cache_misses": 0,
          "mean_bq_mapped_candidates": 0.0,
          "mean_adaptive_ef_search": 0.0,
          "mean_vector_density_skew_ppm": 0.0,
          "selected_access_path": "AnnPostFilter",
          "property_path_cost": 0,
          "graph_path_cost": 0,
          "filtered_ann_path_cost": 0,
          "resident_heap_bytes": 53200116,
          "mapped_bytes": 26758086,
          "wal_bytes_delta": 0,
          "sidecar_bytes_delta": 0,
          "checkpoint_bytes_delta": 0,
          "temporary_spill_bytes_delta": 0
        },
        {
          "method": "tsng",
          "ef_search": 4096,
          "metadata_bonus_cap_ppm": 100000,
          "signal_queue_quota_ppm": 500000,
          "graph_seed_limit": 0,
          "p50_ms": 8.1412,
          "p95_ms": 11.687100000000001,
          "p99_ms": 11.904,
          "mean_recall_at_10": 1.0,
          "mean_ndcg_at_10": 1.0,
          "mean_result_count": 10.0,
          "mean_navigation_scores": 20326.90625,
          "mean_candidates_reranked": 4096.0,
          "peak_candidates": 0,
          "peak_temp_bytes": 0,
          "estimated_vector_page_reads": 0,
          "estimated_payload_page_reads": 0,
          "estimated_graph_page_reads": 0,
          "mean_bq_posting_lookup_ms": 0.0,
          "mean_bq_node_mapping_ms": 0.0,
          "mean_bq_heap_scan_ms": 0.0,
          "mean_bq_output_sort_ms": 0.0,
          "bq_slot_cache_hits": 0,
          "bq_slot_cache_misses": 0,
          "mean_bq_mapped_candidates": 0.0,
          "mean_adaptive_ef_search": 0.0,
          "mean_vector_density_skew_ppm": 0.0,
          "selected_access_path": "AnnPostFilter",
          "property_path_cost": 0,
          "graph_path_cost": 0,
          "filtered_ann_path_cost": 0,
          "resident_heap_bytes": 53200116,
          "mapped_bytes": 26758086,
          "wal_bytes_delta": 0,
          "sidecar_bytes_delta": 0,
          "checkpoint_bytes_delta": 0,
          "temporary_spill_bytes_delta": 0
        }
      ],
      "gate": {
        "target_recall": 0.8,
        "fixed_ef": 256,
        "selectivity_ef": 128,
        "density_ef": 128,
        "fixed_p95_ms": 0.33080000000000004,
        "selectivity_p95_ms": 2.1622999999999997,
        "density_p95_ms": 1.9094,
        "density_recall_delta": 0.0,
        "density_p95_speedup": 1.1324499842882578,
        "density_page_read_reduction": 0.0,
        "density_candidate_reduction": 0.0,
        "quality_gate_passed": true,
        "density_work_gate_passed": true,
        "memory_gate_passed": true,
        "ssd_wear_gate_passed": true,
        "passed": true,
        "reason": "三方达到目标 Recall，密度感知无质量回退并降低至少一项工作量"
      }
    },
    {
      "name": "vector_graph",
      "curves": [
        {
          "method": "industrial_fixed",
          "ef_search": 64,
          "metadata_bonus_cap_ppm": 0,
          "signal_queue_quota_ppm": 0,
          "graph_seed_limit": 0,
          "p50_ms": 0.21359999999999998,
          "p95_ms": 0.2681,
          "p99_ms": 0.2693,
          "mean_recall_at_10": 1.0,
          "mean_ndcg_at_10": 1.0,
          "mean_result_count": 10.0,
          "mean_navigation_scores": 1629.15625,
          "mean_candidates_reranked": 218.6875,
          "peak_candidates": 219,
          "peak_temp_bytes": 3504,
          "estimated_vector_page_reads": 448,
          "estimated_payload_page_reads": 6998,
          "estimated_graph_page_reads": 32,
          "mean_bq_posting_lookup_ms": 0.0,
          "mean_bq_node_mapping_ms": 0.0,
          "mean_bq_heap_scan_ms": 0.0,
          "mean_bq_output_sort_ms": 0.0,
          "bq_slot_cache_hits": 0,
          "bq_slot_cache_misses": 0,
          "mean_bq_mapped_candidates": 0.0,
          "mean_adaptive_ef_search": 64.0,
          "mean_vector_density_skew_ppm": 1000000.0,
          "selected_access_path": "GraphVectorUnion",
          "property_path_cost": 18446744073709551615,
          "graph_path_cost": 10048,
          "filtered_ann_path_cost": 18446744073709551615,
          "resident_heap_bytes": 53200116,
          "mapped_bytes": 26758086,
          "wal_bytes_delta": 0,
          "sidecar_bytes_delta": 0,
          "checkpoint_bytes_delta": 0,
          "temporary_spill_bytes_delta": 0
        },
        {
          "method": "industrial_selectivity",
          "ef_search": 64,
          "metadata_bonus_cap_ppm": 0,
          "signal_queue_quota_ppm": 0,
          "graph_seed_limit": 0,
          "p50_ms": 0.1674,
          "p95_ms": 0.1891,
          "p99_ms": 0.19110000000000002,
          "mean_recall_at_10": 1.0,
          "mean_ndcg_at_10": 1.0,
          "mean_result_count": 10.0,
          "mean_navigation_scores": 1629.15625,
          "mean_candidates_reranked": 218.6875,
          "peak_candidates": 219,
          "peak_temp_bytes": 3504,
          "estimated_vector_page_reads": 448,
          "estimated_payload_page_reads": 6998,
          "estimated_graph_page_reads": 32,
          "mean_bq_posting_lookup_ms": 0.0,
          "mean_bq_node_mapping_ms": 0.0,
          "mean_bq_heap_scan_ms": 0.0,
          "mean_bq_output_sort_ms": 0.0,
          "bq_slot_cache_hits": 0,
          "bq_slot_cache_misses": 0,
          "mean_bq_mapped_candidates": 0.0,
          "mean_adaptive_ef_search": 64.0,
          "mean_vector_density_skew_ppm": 1000000.0,
          "selected_access_path": "GraphVectorUnion",
          "property_path_cost": 18446744073709551615,
          "graph_path_cost": 10048,
          "filtered_ann_path_cost": 18446744073709551615,
          "resident_heap_bytes": 53200116,
          "mapped_bytes": 26758086,
          "wal_bytes_delta": 0,
          "sidecar_bytes_delta": 0,
          "checkpoint_bytes_delta": 0,
          "temporary_spill_bytes_delta": 0
        },
        {
          "method": "industrial_density",
          "ef_search": 64,
          "metadata_bonus_cap_ppm": 0,
          "signal_queue_quota_ppm": 0,
          "graph_seed_limit": 0,
          "p50_ms": 0.1449,
          "p95_ms": 0.1829,
          "p99_ms": 0.18359999999999999,
          "mean_recall_at_10": 1.0,
          "mean_ndcg_at_10": 1.0,
          "mean_result_count": 10.0,
          "mean_navigation_scores": 1629.15625,
          "mean_candidates_reranked": 218.6875,
          "peak_candidates": 219,
          "peak_temp_bytes": 3504,
          "estimated_vector_page_reads": 448,
          "estimated_payload_page_reads": 6998,
          "estimated_graph_page_reads": 32,
          "mean_bq_posting_lookup_ms": 0.0,
          "mean_bq_node_mapping_ms": 0.0,
          "mean_bq_heap_scan_ms": 0.0,
          "mean_bq_output_sort_ms": 0.0,
          "bq_slot_cache_hits": 0,
          "bq_slot_cache_misses": 0,
          "mean_bq_mapped_candidates": 0.0,
          "mean_adaptive_ef_search": 64.0,
          "mean_vector_density_skew_ppm": 1000000.0,
          "selected_access_path": "GraphVectorUnion",
          "property_path_cost": 18446744073709551615,
          "graph_path_cost": 10048,
          "filtered_ann_path_cost": 18446744073709551615,
          "resident_heap_bytes": 53200116,
          "mapped_bytes": 26758086,
          "wal_bytes_delta": 0,
          "sidecar_bytes_delta": 0,
          "checkpoint_bytes_delta": 0,
          "temporary_spill_bytes_delta": 0
        },
        {
          "method": "post_filter",
          "ef_search": 64,
          "metadata_bonus_cap_ppm": 0,
          "signal_queue_quota_ppm": 0,
          "graph_seed_limit": 0,
          "p50_ms": 0.0759,
          "p95_ms": 0.0893,
          "p99_ms": 0.1008,
          "mean_recall_at_10": 0.021875,
          "mean_ndcg_at_10": 0.039365573928367106,
          "mean_result_count": 10.0,
          "mean_navigation_scores": 1629.15625,
          "mean_candidates_reranked": 64.0,
          "peak_candidates": 0,
          "peak_temp_bytes": 0,
          "estimated_vector_page_reads": 0,
          "estimated_payload_page_reads": 0,
          "estimated_graph_page_reads": 0,
          "mean_bq_posting_lookup_ms": 0.0,
          "mean_bq_node_mapping_ms": 0.0,
          "mean_bq_heap_scan_ms": 0.0,
          "mean_bq_output_sort_ms": 0.0,
          "bq_slot_cache_hits": 0,
          "bq_slot_cache_misses": 0,
          "mean_bq_mapped_candidates": 0.0,
          "mean_adaptive_ef_search": 0.0,
          "mean_vector_density_skew_ppm": 0.0,
          "selected_access_path": "AnnPostFilter",
          "property_path_cost": 0,
          "graph_path_cost": 0,
          "filtered_ann_path_cost": 0,
          "resident_heap_bytes": 53200116,
          "mapped_bytes": 26758086,
          "wal_bytes_delta": 0,
          "sidecar_bytes_delta": 0,
          "checkpoint_bytes_delta": 0,
          "temporary_spill_bytes_delta": 0
        },
        {
          "method": "tsng",
          "ef_search": 64,
          "metadata_bonus_cap_ppm": 100000,
          "signal_queue_quota_ppm": 0,
          "graph_seed_limit": 0,
          "p50_ms": 0.0954,
          "p95_ms": 0.11019999999999999,
          "p99_ms": 0.1674,
          "mean_recall_at_10": 0.034375,
          "mean_ndcg_at_10": 0.045859906132506435,
          "mean_result_count": 10.0,
          "mean_navigation_scores": 1629.625,
          "mean_candidates_reranked": 64.0,
          "peak_candidates": 0,
          "peak_temp_bytes": 0,
          "estimated_vector_page_reads": 0,
          "estimated_payload_page_reads": 0,
          "estimated_graph_page_reads": 0,
          "mean_bq_posting_lookup_ms": 0.0,
          "mean_bq_node_mapping_ms": 0.0,
          "mean_bq_heap_scan_ms": 0.0,
          "mean_bq_output_sort_ms": 0.0,
          "bq_slot_cache_hits": 0,
          "bq_slot_cache_misses": 0,
          "mean_bq_mapped_candidates": 0.0,
          "mean_adaptive_ef_search": 0.0,
          "mean_vector_density_skew_ppm": 0.0,
          "selected_access_path": "AnnPostFilter",
          "property_path_cost": 0,
          "graph_path_cost": 0,
          "filtered_ann_path_cost": 0,
          "resident_heap_bytes": 53200116,
          "mapped_bytes": 26758086,
          "wal_bytes_delta": 0,
          "sidecar_bytes_delta": 0,
          "checkpoint_bytes_delta": 0,
          "temporary_spill_bytes_delta": 0
        },
        {
          "method": "tsng",
          "ef_search": 64,
          "metadata_bonus_cap_ppm": 100000,
          "signal_queue_quota_ppm": 0,
          "graph_seed_limit": 16,
          "p50_ms": 0.2206,
          "p95_ms": 0.24409999999999998,
          "p99_ms": 0.25329999999999997,
          "mean_recall_at_10": 0.2718749999999999,
          "mean_ndcg_at_10": 0.5424710990008811,
          "mean_result_count": 10.0,
          "mean_navigation_scores": 1524.0,
          "mean_candidates_reranked": 64.0,
          "peak_candidates": 0,
          "peak_temp_bytes": 0,
          "estimated_vector_page_reads": 0,
          "estimated_payload_page_reads": 0,
          "estimated_graph_page_reads": 0,
          "mean_bq_posting_lookup_ms": 0.0,
          "mean_bq_node_mapping_ms": 0.0,
          "mean_bq_heap_scan_ms": 0.0,
          "mean_bq_output_sort_ms": 0.0,
          "bq_slot_cache_hits": 0,
          "bq_slot_cache_misses": 0,
          "mean_bq_mapped_candidates": 0.0,
          "mean_adaptive_ef_search": 0.0,
          "mean_vector_density_skew_ppm": 0.0,
          "selected_access_path": "AnnPostFilter",
          "property_path_cost": 0,
          "graph_path_cost": 0,
          "filtered_ann_path_cost": 0,
          "resident_heap_bytes": 53200116,
          "mapped_bytes": 26758086,
          "wal_bytes_delta": 0,
          "sidecar_bytes_delta": 0,
          "checkpoint_bytes_delta": 0,
          "temporary_spill_bytes_delta": 0
        },
        {
          "method": "graph_union",
          "ef_search": 64,
          "metadata_bonus_cap_ppm": 100000,
          "signal_queue_quota_ppm": 0,
          "graph_seed_limit": 16,
          "p50_ms": 0.0963,
          "p95_ms": 0.13090000000000002,
          "p99_ms": 0.156,
          "mean_recall_at_10": 0.20312499999999997,
          "mean_ndcg_at_10": 0.43760562269703895,
          "mean_result_count": 10.0,
          "mean_navigation_scores": 1629.15625,
          "mean_candidates_reranked": 79.90625,
          "peak_candidates": 0,
          "peak_temp_bytes": 0,
          "estimated_vector_page_reads": 0,
          "estimated_payload_page_reads": 0,
          "estimated_graph_page_reads": 0,
          "mean_bq_posting_lookup_ms": 0.0,
          "mean_bq_node_mapping_ms": 0.0,
          "mean_bq_heap_scan_ms": 0.0,
          "mean_bq_output_sort_ms": 0.0,
          "bq_slot_cache_hits": 0,
          "bq_slot_cache_misses": 0,
          "mean_bq_mapped_candidates": 0.0,
          "mean_adaptive_ef_search": 0.0,
          "mean_vector_density_skew_ppm": 0.0,
          "selected_access_path": "AnnPostFilter",
          "property_path_cost": 0,
          "graph_path_cost": 0,
          "filtered_ann_path_cost": 0,
          "resident_heap_bytes": 53200116,
          "mapped_bytes": 26758086,
          "wal_bytes_delta": 0,
          "sidecar_bytes_delta": 0,
          "checkpoint_bytes_delta": 0,
          "temporary_spill_bytes_delta": 0
        },
        {
          "method": "tsng",
          "ef_search": 64,
          "metadata_bonus_cap_ppm": 100000,
          "signal_queue_quota_ppm": 0,
          "graph_seed_limit": 64,
          "p50_ms": 0.2105,
          "p95_ms": 0.2283,
          "p99_ms": 0.2408,
          "mean_recall_at_10": 0.2749999999999999,
          "mean_ndcg_at_10": 0.5462823303171247,
          "mean_result_count": 10.0,
          "mean_navigation_scores": 1554.6875,
          "mean_candidates_reranked": 64.0,
          "peak_candidates": 0,
          "peak_temp_bytes": 0,
          "estimated_vector_page_reads": 0,
          "estimated_payload_page_reads": 0,
          "estimated_graph_page_reads": 0,
          "mean_bq_posting_lookup_ms": 0.0,
          "mean_bq_node_mapping_ms": 0.0,
          "mean_bq_heap_scan_ms": 0.0,
          "mean_bq_output_sort_ms": 0.0,
          "bq_slot_cache_hits": 0,
          "bq_slot_cache_misses": 0,
          "mean_bq_mapped_candidates": 0.0,
          "mean_adaptive_ef_search": 0.0,
          "mean_vector_density_skew_ppm": 0.0,
          "selected_access_path": "AnnPostFilter",
          "property_path_cost": 0,
          "graph_path_cost": 0,
          "filtered_ann_path_cost": 0,
          "resident_heap_bytes": 53200116,
          "mapped_bytes": 26758086,
          "wal_bytes_delta": 0,
          "sidecar_bytes_delta": 0,
          "checkpoint_bytes_delta": 0,
          "temporary_spill_bytes_delta": 0
        },
        {
          "method": "graph_union",
          "ef_search": 64,
          "metadata_bonus_cap_ppm": 100000,
          "signal_queue_quota_ppm": 0,
          "graph_seed_limit": 64,
          "p50_ms": 0.1199,
          "p95_ms": 0.14300000000000002,
          "p99_ms": 0.1466,
          "mean_recall_at_10": 0.4500000000000001,
          "mean_ndcg_at_10": 0.6515713279982901,
          "mean_result_count": 10.0,
          "mean_navigation_scores": 1629.15625,
          "mean_candidates_reranked": 127.78125,
          "peak_candidates": 0,
          "peak_temp_bytes": 0,
          "estimated_vector_page_reads": 0,
          "estimated_payload_page_reads": 0,
          "estimated_graph_page_reads": 0,
          "mean_bq_posting_lookup_ms": 0.0,
          "mean_bq_node_mapping_ms": 0.0,
          "mean_bq_heap_scan_ms": 0.0,
          "mean_bq_output_sort_ms": 0.0,
          "bq_slot_cache_hits": 0,
          "bq_slot_cache_misses": 0,
          "mean_bq_mapped_candidates": 0.0,
          "mean_adaptive_ef_search": 0.0,
          "mean_vector_density_skew_ppm": 0.0,
          "selected_access_path": "AnnPostFilter",
          "property_path_cost": 0,
          "graph_path_cost": 0,
          "filtered_ann_path_cost": 0,
          "resident_heap_bytes": 53200116,
          "mapped_bytes": 26758086,
          "wal_bytes_delta": 0,
          "sidecar_bytes_delta": 0,
          "checkpoint_bytes_delta": 0,
          "temporary_spill_bytes_delta": 0
        },
        {
          "method": "tsng",
          "ef_search": 64,
          "metadata_bonus_cap_ppm": 100000,
          "signal_queue_quota_ppm": 0,
          "graph_seed_limit": 256,
          "p50_ms": 0.2372,
          "p95_ms": 0.2779,
          "p99_ms": 0.27980000000000005,
          "mean_recall_at_10": 0.2749999999999999,
          "mean_ndcg_at_10": 0.5445567885203575,
          "mean_result_count": 10.0,
          "mean_navigation_scores": 1621.84375,
          "mean_candidates_reranked": 64.0,
          "peak_candidates": 0,
          "peak_temp_bytes": 0,
          "estimated_vector_page_reads": 0,
          "estimated_payload_page_reads": 0,
          "estimated_graph_page_reads": 0,
          "mean_bq_posting_lookup_ms": 0.0,
          "mean_bq_node_mapping_ms": 0.0,
          "mean_bq_heap_scan_ms": 0.0,
          "mean_bq_output_sort_ms": 0.0,
          "bq_slot_cache_hits": 0,
          "bq_slot_cache_misses": 0,
          "mean_bq_mapped_candidates": 0.0,
          "mean_adaptive_ef_search": 0.0,
          "mean_vector_density_skew_ppm": 0.0,
          "selected_access_path": "AnnPostFilter",
          "property_path_cost": 0,
          "graph_path_cost": 0,
          "filtered_ann_path_cost": 0,
          "resident_heap_bytes": 53200116,
          "mapped_bytes": 26758086,
          "wal_bytes_delta": 0,
          "sidecar_bytes_delta": 0,
          "checkpoint_bytes_delta": 0,
          "temporary_spill_bytes_delta": 0
        },
        {
          "method": "graph_union",
          "ef_search": 64,
          "metadata_bonus_cap_ppm": 100000,
          "signal_queue_quota_ppm": 0,
          "graph_seed_limit": 256,
          "p50_ms": 0.17479999999999998,
          "p95_ms": 0.1896,
          "p99_ms": 0.2004,
          "mean_recall_at_10": 1.0,
          "mean_ndcg_at_10": 1.0,
          "mean_result_count": 10.0,
          "mean_navigation_scores": 1629.15625,
          "mean_candidates_reranked": 218.6875,
          "peak_candidates": 0,
          "peak_temp_bytes": 0,
          "estimated_vector_page_reads": 0,
          "estimated_payload_page_reads": 0,
          "estimated_graph_page_reads": 0,
          "mean_bq_posting_lookup_ms": 0.0,
          "mean_bq_node_mapping_ms": 0.0,
          "mean_bq_heap_scan_ms": 0.0,
          "mean_bq_output_sort_ms": 0.0,
          "bq_slot_cache_hits": 0,
          "bq_slot_cache_misses": 0,
          "mean_bq_mapped_candidates": 0.0,
          "mean_adaptive_ef_search": 0.0,
          "mean_vector_density_skew_ppm": 0.0,
          "selected_access_path": "AnnPostFilter",
          "property_path_cost": 0,
          "graph_path_cost": 0,
          "filtered_ann_path_cost": 0,
          "resident_heap_bytes": 53200116,
          "mapped_bytes": 26758086,
          "wal_bytes_delta": 0,
          "sidecar_bytes_delta": 0,
          "checkpoint_bytes_delta": 0,
          "temporary_spill_bytes_delta": 0
        },
        {
          "method": "tsng",
          "ef_search": 64,
          "metadata_bonus_cap_ppm": 100000,
          "signal_queue_quota_ppm": 100000,
          "graph_seed_limit": 0,
          "p50_ms": 0.1957,
          "p95_ms": 0.3389,
          "p99_ms": 0.36010000000000003,
          "mean_recall_at_10": 0.018750000000000003,
          "mean_ndcg_at_10": 0.03727988440889071,
          "mean_result_count": 10.0,
          "mean_navigation_scores": 1730.0625,
          "mean_candidates_reranked": 64.0,
          "peak_candidates": 0,
          "peak_temp_bytes": 0,
          "estimated_vector_page_reads": 0,
          "estimated_payload_page_reads": 0,
          "estimated_graph_page_reads": 0,
          "mean_bq_posting_lookup_ms": 0.0,
          "mean_bq_node_mapping_ms": 0.0,
          "mean_bq_heap_scan_ms": 0.0,
          "mean_bq_output_sort_ms": 0.0,
          "bq_slot_cache_hits": 0,
          "bq_slot_cache_misses": 0,
          "mean_bq_mapped_candidates": 0.0,
          "mean_adaptive_ef_search": 0.0,
          "mean_vector_density_skew_ppm": 0.0,
          "selected_access_path": "AnnPostFilter",
          "property_path_cost": 0,
          "graph_path_cost": 0,
          "filtered_ann_path_cost": 0,
          "resident_heap_bytes": 53200116,
          "mapped_bytes": 26758086,
          "wal_bytes_delta": 0,
          "sidecar_bytes_delta": 0,
          "checkpoint_bytes_delta": 0,
          "temporary_spill_bytes_delta": 0
        },
        {
          "method": "tsng",
          "ef_search": 64,
          "metadata_bonus_cap_ppm": 100000,
          "signal_queue_quota_ppm": 100000,
          "graph_seed_limit": 16,
          "p50_ms": 0.211,
          "p95_ms": 0.2655,
          "p99_ms": 0.273,
          "mean_recall_at_10": 0.2718749999999999,
          "mean_ndcg_at_10": 0.5424710990008811,
          "mean_result_count": 10.0,
          "mean_navigation_scores": 1521.90625,
          "mean_candidates_reranked": 64.0,
          "peak_candidates": 0,
          "peak_temp_bytes": 0,
          "estimated_vector_page_reads": 0,
          "estimated_payload_page_reads": 0,
          "estimated_graph_page_reads": 0,
          "mean_bq_posting_lookup_ms": 0.0,
          "mean_bq_node_mapping_ms": 0.0,
          "mean_bq_heap_scan_ms": 0.0,
          "mean_bq_output_sort_ms": 0.0,
          "bq_slot_cache_hits": 0,
          "bq_slot_cache_misses": 0,
          "mean_bq_mapped_candidates": 0.0,
          "mean_adaptive_ef_search": 0.0,
          "mean_vector_density_skew_ppm": 0.0,
          "selected_access_path": "AnnPostFilter",
          "property_path_cost": 0,
          "graph_path_cost": 0,
          "filtered_ann_path_cost": 0,
          "resident_heap_bytes": 53200116,
          "mapped_bytes": 26758086,
          "wal_bytes_delta": 0,
          "sidecar_bytes_delta": 0,
          "checkpoint_bytes_delta": 0,
          "temporary_spill_bytes_delta": 0
        },
        {
          "method": "tsng",
          "ef_search": 64,
          "metadata_bonus_cap_ppm": 100000,
          "signal_queue_quota_ppm": 100000,
          "graph_seed_limit": 64,
          "p50_ms": 0.21130000000000002,
          "p95_ms": 0.22790000000000002,
          "p99_ms": 0.2329,
          "mean_recall_at_10": 0.2749999999999999,
          "mean_ndcg_at_10": 0.5462823303171247,
          "mean_result_count": 10.0,
          "mean_navigation_scores": 1552.625,
          "mean_candidates_reranked": 64.0,
          "peak_candidates": 0,
          "peak_temp_bytes": 0,
          "estimated_vector_page_reads": 0,
          "estimated_payload_page_reads": 0,
          "estimated_graph_page_reads": 0,
          "mean_bq_posting_lookup_ms": 0.0,
          "mean_bq_node_mapping_ms": 0.0,
          "mean_bq_heap_scan_ms": 0.0,
          "mean_bq_output_sort_ms": 0.0,
          "bq_slot_cache_hits": 0,
          "bq_slot_cache_misses": 0,
          "mean_bq_mapped_candidates": 0.0,
          "mean_adaptive_ef_search": 0.0,
          "mean_vector_density_skew_ppm": 0.0,
          "selected_access_path": "AnnPostFilter",
          "property_path_cost": 0,
          "graph_path_cost": 0,
          "filtered_ann_path_cost": 0,
          "resident_heap_bytes": 53200116,
          "mapped_bytes": 26758086,
          "wal_bytes_delta": 0,
          "sidecar_bytes_delta": 0,
          "checkpoint_bytes_delta": 0,
          "temporary_spill_bytes_delta": 0
        },
        {
          "method": "tsng",
          "ef_search": 64,
          "metadata_bonus_cap_ppm": 100000,
          "signal_queue_quota_ppm": 100000,
          "graph_seed_limit": 256,
          "p50_ms": 0.2193,
          "p95_ms": 0.2776,
          "p99_ms": 0.2836,
          "mean_recall_at_10": 0.2749999999999999,
          "mean_ndcg_at_10": 0.5445567885203575,
          "mean_result_count": 10.0,
          "mean_navigation_scores": 1619.9375,
          "mean_candidates_reranked": 64.0,
          "peak_candidates": 0,
          "peak_temp_bytes": 0,
          "estimated_vector_page_reads": 0,
          "estimated_payload_page_reads": 0,
          "estimated_graph_page_reads": 0,
          "mean_bq_posting_lookup_ms": 0.0,
          "mean_bq_node_mapping_ms": 0.0,
          "mean_bq_heap_scan_ms": 0.0,
          "mean_bq_output_sort_ms": 0.0,
          "bq_slot_cache_hits": 0,
          "bq_slot_cache_misses": 0,
          "mean_bq_mapped_candidates": 0.0,
          "mean_adaptive_ef_search": 0.0,
          "mean_vector_density_skew_ppm": 0.0,
          "selected_access_path": "AnnPostFilter",
          "property_path_cost": 0,
          "graph_path_cost": 0,
          "filtered_ann_path_cost": 0,
          "resident_heap_bytes": 53200116,
          "mapped_bytes": 26758086,
          "wal_bytes_delta": 0,
          "sidecar_bytes_delta": 0,
          "checkpoint_bytes_delta": 0,
          "temporary_spill_bytes_delta": 0
        },
        {
          "method": "tsng",
          "ef_search": 64,
          "metadata_bonus_cap_ppm": 100000,
          "signal_queue_quota_ppm": 200000,
          "graph_seed_limit": 0,
          "p50_ms": 0.1993,
          "p95_ms": 0.3303,
          "p99_ms": 0.3433,
          "mean_recall_at_10": 0.021875,
          "mean_ndcg_at_10": 0.04071670148629042,
          "mean_result_count": 10.0,
          "mean_navigation_scores": 1730.59375,
          "mean_candidates_reranked": 64.0,
          "peak_candidates": 0,
          "peak_temp_bytes": 0,
          "estimated_vector_page_reads": 0,
          "estimated_payload_page_reads": 0,
          "estimated_graph_page_reads": 0,
          "mean_bq_posting_lookup_ms": 0.0,
          "mean_bq_node_mapping_ms": 0.0,
          "mean_bq_heap_scan_ms": 0.0,
          "mean_bq_output_sort_ms": 0.0,
          "bq_slot_cache_hits": 0,
          "bq_slot_cache_misses": 0,
          "mean_bq_mapped_candidates": 0.0,
          "mean_adaptive_ef_search": 0.0,
          "mean_vector_density_skew_ppm": 0.0,
          "selected_access_path": "AnnPostFilter",
          "property_path_cost": 0,
          "graph_path_cost": 0,
          "filtered_ann_path_cost": 0,
          "resident_heap_bytes": 53200116,
          "mapped_bytes": 26758086,
          "wal_bytes_delta": 0,
          "sidecar_bytes_delta": 0,
          "checkpoint_bytes_delta": 0,
          "temporary_spill_bytes_delta": 0
        },
        {
          "method": "tsng",
          "ef_search": 64,
          "metadata_bonus_cap_ppm": 100000,
          "signal_queue_quota_ppm": 200000,
          "graph_seed_limit": 16,
          "p50_ms": 0.20729999999999998,
          "p95_ms": 0.22699999999999998,
          "p99_ms": 0.2503,
          "mean_recall_at_10": 0.28124999999999994,
          "mean_ndcg_at_10": 0.5551712460246535,
          "mean_result_count": 10.0,
          "mean_navigation_scores": 1523.25,
          "mean_candidates_reranked": 64.0,
          "peak_candidates": 0,
          "peak_temp_bytes": 0,
          "estimated_vector_page_reads": 0,
          "estimated_payload_page_reads": 0,
          "estimated_graph_page_reads": 0,
          "mean_bq_posting_lookup_ms": 0.0,
          "mean_bq_node_mapping_ms": 0.0,
          "mean_bq_heap_scan_ms": 0.0,
          "mean_bq_output_sort_ms": 0.0,
          "bq_slot_cache_hits": 0,
          "bq_slot_cache_misses": 0,
          "mean_bq_mapped_candidates": 0.0,
          "mean_adaptive_ef_search": 0.0,
          "mean_vector_density_skew_ppm": 0.0,
          "selected_access_path": "AnnPostFilter",
          "property_path_cost": 0,
          "graph_path_cost": 0,
          "filtered_ann_path_cost": 0,
          "resident_heap_bytes": 53200116,
          "mapped_bytes": 26758086,
          "wal_bytes_delta": 0,
          "sidecar_bytes_delta": 0,
          "checkpoint_bytes_delta": 0,
          "temporary_spill_bytes_delta": 0
        },
        {
          "method": "tsng",
          "ef_search": 64,
          "metadata_bonus_cap_ppm": 100000,
          "signal_queue_quota_ppm": 200000,
          "graph_seed_limit": 64,
          "p50_ms": 0.21230000000000002,
          "p95_ms": 0.23570000000000002,
          "p99_ms": 0.23729999999999998,
          "mean_recall_at_10": 0.29062499999999997,
          "mean_ndcg_at_10": 0.5651140671686704,
          "mean_result_count": 10.0,
          "mean_navigation_scores": 1553.96875,
          "mean_candidates_reranked": 64.0,
          "peak_candidates": 0,
          "peak_temp_bytes": 0,
          "estimated_vector_page_reads": 0,
          "estimated_payload_page_reads": 0,
          "estimated_graph_page_reads": 0,
          "mean_bq_posting_lookup_ms": 0.0,
          "mean_bq_node_mapping_ms": 0.0,
          "mean_bq_heap_scan_ms": 0.0,
          "mean_bq_output_sort_ms": 0.0,
          "bq_slot_cache_hits": 0,
          "bq_slot_cache_misses": 0,
          "mean_bq_mapped_candidates": 0.0,
          "mean_adaptive_ef_search": 0.0,
          "mean_vector_density_skew_ppm": 0.0,
          "selected_access_path": "AnnPostFilter",
          "property_path_cost": 0,
          "graph_path_cost": 0,
          "filtered_ann_path_cost": 0,
          "resident_heap_bytes": 53200116,
          "mapped_bytes": 26758086,
          "wal_bytes_delta": 0,
          "sidecar_bytes_delta": 0,
          "checkpoint_bytes_delta": 0,
          "temporary_spill_bytes_delta": 0
        },
        {
          "method": "tsng",
          "ef_search": 64,
          "metadata_bonus_cap_ppm": 100000,
          "signal_queue_quota_ppm": 200000,
          "graph_seed_limit": 256,
          "p50_ms": 0.2326,
          "p95_ms": 0.3322,
          "p99_ms": 0.3717,
          "mean_recall_at_10": 0.29062499999999997,
          "mean_ndcg_at_10": 0.5623303133492771,
          "mean_result_count": 10.0,
          "mean_navigation_scores": 1621.5625,
          "mean_candidates_reranked": 64.0,
          "peak_candidates": 0,
          "peak_temp_bytes": 0,
          "estimated_vector_page_reads": 0,
          "estimated_payload_page_reads": 0,
          "estimated_graph_page_reads": 0,
          "mean_bq_posting_lookup_ms": 0.0,
          "mean_bq_node_mapping_ms": 0.0,
          "mean_bq_heap_scan_ms": 0.0,
          "mean_bq_output_sort_ms": 0.0,
          "bq_slot_cache_hits": 0,
          "bq_slot_cache_misses": 0,
          "mean_bq_mapped_candidates": 0.0,
          "mean_adaptive_ef_search": 0.0,
          "mean_vector_density_skew_ppm": 0.0,
          "selected_access_path": "AnnPostFilter",
          "property_path_cost": 0,
          "graph_path_cost": 0,
          "filtered_ann_path_cost": 0,
          "resident_heap_bytes": 53200116,
          "mapped_bytes": 26758086,
          "wal_bytes_delta": 0,
          "sidecar_bytes_delta": 0,
          "checkpoint_bytes_delta": 0,
          "temporary_spill_bytes_delta": 0
        },
        {
          "method": "tsng",
          "ef_search": 64,
          "metadata_bonus_cap_ppm": 100000,
          "signal_queue_quota_ppm": 250000,
          "graph_seed_limit": 0,
          "p50_ms": 0.2002,
          "p95_ms": 0.3373,
          "p99_ms": 0.3401,
          "mean_recall_at_10": 0.028124999999999997,
          "mean_ndcg_at_10": 0.045063162420864784,
          "mean_result_count": 10.0,
          "mean_navigation_scores": 1730.0625,
          "mean_candidates_reranked": 64.0,
          "peak_candidates": 0,
          "peak_temp_bytes": 0,
          "estimated_vector_page_reads": 0,
          "estimated_payload_page_reads": 0,
          "estimated_graph_page_reads": 0,
          "mean_bq_posting_lookup_ms": 0.0,
          "mean_bq_node_mapping_ms": 0.0,
          "mean_bq_heap_scan_ms": 0.0,
          "mean_bq_output_sort_ms": 0.0,
          "bq_slot_cache_hits": 0,
          "bq_slot_cache_misses": 0,
          "mean_bq_mapped_candidates": 0.0,
          "mean_adaptive_ef_search": 0.0,
          "mean_vector_density_skew_ppm": 0.0,
          "selected_access_path": "AnnPostFilter",
          "property_path_cost": 0,
          "graph_path_cost": 0,
          "filtered_ann_path_cost": 0,
          "resident_heap_bytes": 53200116,
          "mapped_bytes": 26758086,
          "wal_bytes_delta": 0,
          "sidecar_bytes_delta": 0,
          "checkpoint_bytes_delta": 0,
          "temporary_spill_bytes_delta": 0
        },
        {
          "method": "tsng",
          "ef_search": 64,
          "metadata_bonus_cap_ppm": 100000,
          "signal_queue_quota_ppm": 250000,
          "graph_seed_limit": 16,
          "p50_ms": 0.2145,
          "p95_ms": 0.24230000000000002,
          "p99_ms": 0.2495,
          "mean_recall_at_10": 0.33125,
          "mean_ndcg_at_10": 0.6073742030449293,
          "mean_result_count": 10.0,
          "mean_navigation_scores": 1523.46875,
          "mean_candidates_reranked": 64.0,
          "peak_candidates": 0,
          "peak_temp_bytes": 0,
          "estimated_vector_page_reads": 0,
          "estimated_payload_page_reads": 0,
          "estimated_graph_page_reads": 0,
          "mean_bq_posting_lookup_ms": 0.0,
          "mean_bq_node_mapping_ms": 0.0,
          "mean_bq_heap_scan_ms": 0.0,
          "mean_bq_output_sort_ms": 0.0,
          "bq_slot_cache_hits": 0,
          "bq_slot_cache_misses": 0,
          "mean_bq_mapped_candidates": 0.0,
          "mean_adaptive_ef_search": 0.0,
          "mean_vector_density_skew_ppm": 0.0,
          "selected_access_path": "AnnPostFilter",
          "property_path_cost": 0,
          "graph_path_cost": 0,
          "filtered_ann_path_cost": 0,
          "resident_heap_bytes": 53200116,
          "mapped_bytes": 26758086,
          "wal_bytes_delta": 0,
          "sidecar_bytes_delta": 0,
          "checkpoint_bytes_delta": 0,
          "temporary_spill_bytes_delta": 0
        },
        {
          "method": "tsng",
          "ef_search": 64,
          "metadata_bonus_cap_ppm": 100000,
          "signal_queue_quota_ppm": 250000,
          "graph_seed_limit": 64,
          "p50_ms": 0.2121,
          "p95_ms": 0.2405,
          "p99_ms": 0.2409,
          "mean_recall_at_10": 0.33437500000000003,
          "mean_ndcg_at_10": 0.6100017436078911,
          "mean_result_count": 10.0,
          "mean_navigation_scores": 1554.1875,
          "mean_candidates_reranked": 64.0,
          "peak_candidates": 0,
          "peak_temp_bytes": 0,
          "estimated_vector_page_reads": 0,
          "estimated_payload_page_reads": 0,
          "estimated_graph_page_reads": 0,
          "mean_bq_posting_lookup_ms": 0.0,
          "mean_bq_node_mapping_ms": 0.0,
          "mean_bq_heap_scan_ms": 0.0,
          "mean_bq_output_sort_ms": 0.0,
          "bq_slot_cache_hits": 0,
          "bq_slot_cache_misses": 0,
          "mean_bq_mapped_candidates": 0.0,
          "mean_adaptive_ef_search": 0.0,
          "mean_vector_density_skew_ppm": 0.0,
          "selected_access_path": "AnnPostFilter",
          "property_path_cost": 0,
          "graph_path_cost": 0,
          "filtered_ann_path_cost": 0,
          "resident_heap_bytes": 53200116,
          "mapped_bytes": 26758086,
          "wal_bytes_delta": 0,
          "sidecar_bytes_delta": 0,
          "checkpoint_bytes_delta": 0,
          "temporary_spill_bytes_delta": 0
        },
        {
          "method": "tsng",
          "ef_search": 64,
          "metadata_bonus_cap_ppm": 100000,
          "signal_queue_quota_ppm": 250000,
          "graph_seed_limit": 256,
          "p50_ms": 0.22269999999999998,
          "p95_ms": 0.2712,
          "p99_ms": 0.2716,
          "mean_recall_at_10": 0.3375000000000001,
          "mean_ndcg_at_10": 0.6152159674065819,
          "mean_result_count": 10.0,
          "mean_navigation_scores": 1621.71875,
          "mean_candidates_reranked": 64.0,
          "peak_candidates": 0,
          "peak_temp_bytes": 0,
          "estimated_vector_page_reads": 0,
          "estimated_payload_page_reads": 0,
          "estimated_graph_page_reads": 0,
          "mean_bq_posting_lookup_ms": 0.0,
          "mean_bq_node_mapping_ms": 0.0,
          "mean_bq_heap_scan_ms": 0.0,
          "mean_bq_output_sort_ms": 0.0,
          "bq_slot_cache_hits": 0,
          "bq_slot_cache_misses": 0,
          "mean_bq_mapped_candidates": 0.0,
          "mean_adaptive_ef_search": 0.0,
          "mean_vector_density_skew_ppm": 0.0,
          "selected_access_path": "AnnPostFilter",
          "property_path_cost": 0,
          "graph_path_cost": 0,
          "filtered_ann_path_cost": 0,
          "resident_heap_bytes": 53200116,
          "mapped_bytes": 26758086,
          "wal_bytes_delta": 0,
          "sidecar_bytes_delta": 0,
          "checkpoint_bytes_delta": 0,
          "temporary_spill_bytes_delta": 0
        },
        {
          "method": "tsng",
          "ef_search": 64,
          "metadata_bonus_cap_ppm": 100000,
          "signal_queue_quota_ppm": 330000,
          "graph_seed_limit": 0,
          "p50_ms": 0.2053,
          "p95_ms": 0.3221,
          "p99_ms": 0.3439,
          "mean_recall_at_10": 0.03125,
          "mean_ndcg_at_10": 0.04541077734077752,
          "mean_result_count": 10.0,
          "mean_navigation_scores": 1730.59375,
          "mean_candidates_reranked": 64.0,
          "peak_candidates": 0,
          "peak_temp_bytes": 0,
          "estimated_vector_page_reads": 0,
          "estimated_payload_page_reads": 0,
          "estimated_graph_page_reads": 0,
          "mean_bq_posting_lookup_ms": 0.0,
          "mean_bq_node_mapping_ms": 0.0,
          "mean_bq_heap_scan_ms": 0.0,
          "mean_bq_output_sort_ms": 0.0,
          "bq_slot_cache_hits": 0,
          "bq_slot_cache_misses": 0,
          "mean_bq_mapped_candidates": 0.0,
          "mean_adaptive_ef_search": 0.0,
          "mean_vector_density_skew_ppm": 0.0,
          "selected_access_path": "AnnPostFilter",
          "property_path_cost": 0,
          "graph_path_cost": 0,
          "filtered_ann_path_cost": 0,
          "resident_heap_bytes": 53200116,
          "mapped_bytes": 26758086,
          "wal_bytes_delta": 0,
          "sidecar_bytes_delta": 0,
          "checkpoint_bytes_delta": 0,
          "temporary_spill_bytes_delta": 0
        },
        {
          "method": "tsng",
          "ef_search": 64,
          "metadata_bonus_cap_ppm": 100000,
          "signal_queue_quota_ppm": 330000,
          "graph_seed_limit": 16,
          "p50_ms": 0.20479999999999998,
          "p95_ms": 0.2231,
          "p99_ms": 0.2294,
          "mean_recall_at_10": 0.3812500000000001,
          "mean_ndcg_at_10": 0.6454989218849903,
          "mean_result_count": 10.0,
          "mean_navigation_scores": 1523.46875,
          "mean_candidates_reranked": 64.0,
          "peak_candidates": 0,
          "peak_temp_bytes": 0,
          "estimated_vector_page_reads": 0,
          "estimated_payload_page_reads": 0,
          "estimated_graph_page_reads": 0,
          "mean_bq_posting_lookup_ms": 0.0,
          "mean_bq_node_mapping_ms": 0.0,
          "mean_bq_heap_scan_ms": 0.0,
          "mean_bq_output_sort_ms": 0.0,
          "bq_slot_cache_hits": 0,
          "bq_slot_cache_misses": 0,
          "mean_bq_mapped_candidates": 0.0,
          "mean_adaptive_ef_search": 0.0,
          "mean_vector_density_skew_ppm": 0.0,
          "selected_access_path": "AnnPostFilter",
          "property_path_cost": 0,
          "graph_path_cost": 0,
          "filtered_ann_path_cost": 0,
          "resident_heap_bytes": 53200116,
          "mapped_bytes": 26758086,
          "wal_bytes_delta": 0,
          "sidecar_bytes_delta": 0,
          "checkpoint_bytes_delta": 0,
          "temporary_spill_bytes_delta": 0
        },
        {
          "method": "tsng",
          "ef_search": 64,
          "metadata_bonus_cap_ppm": 100000,
          "signal_queue_quota_ppm": 330000,
          "graph_seed_limit": 64,
          "p50_ms": 0.21130000000000002,
          "p95_ms": 0.2353,
          "p99_ms": 0.2795,
          "mean_recall_at_10": 0.3843750000000001,
          "mean_ndcg_at_10": 0.6468099748781289,
          "mean_result_count": 10.0,
          "mean_navigation_scores": 1554.4375,
          "mean_candidates_reranked": 64.0,
          "peak_candidates": 0,
          "peak_temp_bytes": 0,
          "estimated_vector_page_reads": 0,
          "estimated_payload_page_reads": 0,
          "estimated_graph_page_reads": 0,
          "mean_bq_posting_lookup_ms": 0.0,
          "mean_bq_node_mapping_ms": 0.0,
          "mean_bq_heap_scan_ms": 0.0,
          "mean_bq_output_sort_ms": 0.0,
          "bq_slot_cache_hits": 0,
          "bq_slot_cache_misses": 0,
          "mean_bq_mapped_candidates": 0.0,
          "mean_adaptive_ef_search": 0.0,
          "mean_vector_density_skew_ppm": 0.0,
          "selected_access_path": "AnnPostFilter",
          "property_path_cost": 0,
          "graph_path_cost": 0,
          "filtered_ann_path_cost": 0,
          "resident_heap_bytes": 53200116,
          "mapped_bytes": 26758086,
          "wal_bytes_delta": 0,
          "sidecar_bytes_delta": 0,
          "checkpoint_bytes_delta": 0,
          "temporary_spill_bytes_delta": 0
        },
        {
          "method": "tsng",
          "ef_search": 64,
          "metadata_bonus_cap_ppm": 100000,
          "signal_queue_quota_ppm": 330000,
          "graph_seed_limit": 256,
          "p50_ms": 0.2203,
          "p95_ms": 0.24020000000000002,
          "p99_ms": 0.2427,
          "mean_recall_at_10": 0.3937500000000001,
          "mean_ndcg_at_10": 0.6532368374161031,
          "mean_result_count": 10.0,
          "mean_navigation_scores": 1622.0,
          "mean_candidates_reranked": 64.0,
          "peak_candidates": 0,
          "peak_temp_bytes": 0,
          "estimated_vector_page_reads": 0,
          "estimated_payload_page_reads": 0,
          "estimated_graph_page_reads": 0,
          "mean_bq_posting_lookup_ms": 0.0,
          "mean_bq_node_mapping_ms": 0.0,
          "mean_bq_heap_scan_ms": 0.0,
          "mean_bq_output_sort_ms": 0.0,
          "bq_slot_cache_hits": 0,
          "bq_slot_cache_misses": 0,
          "mean_bq_mapped_candidates": 0.0,
          "mean_adaptive_ef_search": 0.0,
          "mean_vector_density_skew_ppm": 0.0,
          "selected_access_path": "AnnPostFilter",
          "property_path_cost": 0,
          "graph_path_cost": 0,
          "filtered_ann_path_cost": 0,
          "resident_heap_bytes": 53200116,
          "mapped_bytes": 26758086,
          "wal_bytes_delta": 0,
          "sidecar_bytes_delta": 0,
          "checkpoint_bytes_delta": 0,
          "temporary_spill_bytes_delta": 0
        },
        {
          "method": "tsng",
          "ef_search": 64,
          "metadata_bonus_cap_ppm": 100000,
          "signal_queue_quota_ppm": 500000,
          "graph_seed_limit": 0,
          "p50_ms": 0.1985,
          "p95_ms": 0.3397,
          "p99_ms": 0.34459999999999996,
          "mean_recall_at_10": 0.03125,
          "mean_ndcg_at_10": 0.04541077734077752,
          "mean_result_count": 10.0,
          "mean_navigation_scores": 1730.59375,
          "mean_candidates_reranked": 64.0,
          "peak_candidates": 0,
          "peak_temp_bytes": 0,
          "estimated_vector_page_reads": 0,
          "estimated_payload_page_reads": 0,
          "estimated_graph_page_reads": 0,
          "mean_bq_posting_lookup_ms": 0.0,
          "mean_bq_node_mapping_ms": 0.0,
          "mean_bq_heap_scan_ms": 0.0,
          "mean_bq_output_sort_ms": 0.0,
          "bq_slot_cache_hits": 0,
          "bq_slot_cache_misses": 0,
          "mean_bq_mapped_candidates": 0.0,
          "mean_adaptive_ef_search": 0.0,
          "mean_vector_density_skew_ppm": 0.0,
          "selected_access_path": "AnnPostFilter",
          "property_path_cost": 0,
          "graph_path_cost": 0,
          "filtered_ann_path_cost": 0,
          "resident_heap_bytes": 53200116,
          "mapped_bytes": 26758086,
          "wal_bytes_delta": 0,
          "sidecar_bytes_delta": 0,
          "checkpoint_bytes_delta": 0,
          "temporary_spill_bytes_delta": 0
        },
        {
          "method": "tsng",
          "ef_search": 64,
          "metadata_bonus_cap_ppm": 100000,
          "signal_queue_quota_ppm": 500000,
          "graph_seed_limit": 16,
          "p50_ms": 0.2037,
          "p95_ms": 0.2205,
          "p99_ms": 0.22369999999999998,
          "mean_recall_at_10": 0.5124999999999998,
          "mean_ndcg_at_10": 0.7480030946863665,
          "mean_result_count": 10.0,
          "mean_navigation_scores": 1523.90625,
          "mean_candidates_reranked": 64.0,
          "peak_candidates": 0,
          "peak_temp_bytes": 0,
          "estimated_vector_page_reads": 0,
          "estimated_payload_page_reads": 0,
          "estimated_graph_page_reads": 0,
          "mean_bq_posting_lookup_ms": 0.0,
          "mean_bq_node_mapping_ms": 0.0,
          "mean_bq_heap_scan_ms": 0.0,
          "mean_bq_output_sort_ms": 0.0,
          "bq_slot_cache_hits": 0,
          "bq_slot_cache_misses": 0,
          "mean_bq_mapped_candidates": 0.0,
          "mean_adaptive_ef_search": 0.0,
          "mean_vector_density_skew_ppm": 0.0,
          "selected_access_path": "AnnPostFilter",
          "property_path_cost": 0,
          "graph_path_cost": 0,
          "filtered_ann_path_cost": 0,
          "resident_heap_bytes": 53200116,
          "mapped_bytes": 26758086,
          "wal_bytes_delta": 0,
          "sidecar_bytes_delta": 0,
          "checkpoint_bytes_delta": 0,
          "temporary_spill_bytes_delta": 0
        },
        {
          "method": "tsng",
          "ef_search": 64,
          "metadata_bonus_cap_ppm": 100000,
          "signal_queue_quota_ppm": 500000,
          "graph_seed_limit": 64,
          "p50_ms": 0.2216,
          "p95_ms": 0.2637,
          "p99_ms": 0.2778,
          "mean_recall_at_10": 0.5281249999999998,
          "mean_ndcg_at_10": 0.7568558666542439,
          "mean_result_count": 10.0,
          "mean_navigation_scores": 1555.6875,
          "mean_candidates_reranked": 64.0,
          "peak_candidates": 0,
          "peak_temp_bytes": 0,
          "estimated_vector_page_reads": 0,
          "estimated_payload_page_reads": 0,
          "estimated_graph_page_reads": 0,
          "mean_bq_posting_lookup_ms": 0.0,
          "mean_bq_node_mapping_ms": 0.0,
          "mean_bq_heap_scan_ms": 0.0,
          "mean_bq_output_sort_ms": 0.0,
          "bq_slot_cache_hits": 0,
          "bq_slot_cache_misses": 0,
          "mean_bq_mapped_candidates": 0.0,
          "mean_adaptive_ef_search": 0.0,
          "mean_vector_density_skew_ppm": 0.0,
          "selected_access_path": "AnnPostFilter",
          "property_path_cost": 0,
          "graph_path_cost": 0,
          "filtered_ann_path_cost": 0,
          "resident_heap_bytes": 53200116,
          "mapped_bytes": 26758086,
          "wal_bytes_delta": 0,
          "sidecar_bytes_delta": 0,
          "checkpoint_bytes_delta": 0,
          "temporary_spill_bytes_delta": 0
        },
        {
          "method": "tsng",
          "ef_search": 64,
          "metadata_bonus_cap_ppm": 100000,
          "signal_queue_quota_ppm": 500000,
          "graph_seed_limit": 256,
          "p50_ms": 0.2293,
          "p95_ms": 0.25,
          "p99_ms": 0.2545,
          "mean_recall_at_10": 0.54375,
          "mean_ndcg_at_10": 0.7688421359245096,
          "mean_result_count": 10.0,
          "mean_navigation_scores": 1622.59375,
          "mean_candidates_reranked": 64.0,
          "peak_candidates": 0,
          "peak_temp_bytes": 0,
          "estimated_vector_page_reads": 0,
          "estimated_payload_page_reads": 0,
          "estimated_graph_page_reads": 0,
          "mean_bq_posting_lookup_ms": 0.0,
          "mean_bq_node_mapping_ms": 0.0,
          "mean_bq_heap_scan_ms": 0.0,
          "mean_bq_output_sort_ms": 0.0,
          "bq_slot_cache_hits": 0,
          "bq_slot_cache_misses": 0,
          "mean_bq_mapped_candidates": 0.0,
          "mean_adaptive_ef_search": 0.0,
          "mean_vector_density_skew_ppm": 0.0,
          "selected_access_path": "AnnPostFilter",
          "property_path_cost": 0,
          "graph_path_cost": 0,
          "filtered_ann_path_cost": 0,
          "resident_heap_bytes": 53200116,
          "mapped_bytes": 26758086,
          "wal_bytes_delta": 0,
          "sidecar_bytes_delta": 0,
          "checkpoint_bytes_delta": 0,
          "temporary_spill_bytes_delta": 0
        },
        {
          "method": "industrial_fixed",
          "ef_search": 128,
          "metadata_bonus_cap_ppm": 0,
          "signal_queue_quota_ppm": 0,
          "graph_seed_limit": 0,
          "p50_ms": 0.2473,
          "p95_ms": 0.3376,
          "p99_ms": 0.34059999999999996,
          "mean_recall_at_10": 1.0,
          "mean_ndcg_at_10": 1.0,
          "mean_result_count": 10.0,
          "mean_navigation_scores": 2387.34375,
          "mean_candidates_reranked": 281.65625,
          "peak_candidates": 283,
          "peak_temp_bytes": 4528,
          "estimated_vector_page_reads": 575,
          "estimated_payload_page_reads": 9013,
          "estimated_graph_page_reads": 32,
          "mean_bq_posting_lookup_ms": 0.0,
          "mean_bq_node_mapping_ms": 0.0,
          "mean_bq_heap_scan_ms": 0.0,
          "mean_bq_output_sort_ms": 0.0,
          "bq_slot_cache_hits": 0,
          "bq_slot_cache_misses": 0,
          "mean_bq_mapped_candidates": 0.0,
          "mean_adaptive_ef_search": 128.0,
          "mean_vector_density_skew_ppm": 1000000.0,
          "selected_access_path": "GraphVectorUnion",
          "property_path_cost": 18446744073709551615,
          "graph_path_cost": 10176,
          "filtered_ann_path_cost": 18446744073709551615,
          "resident_heap_bytes": 53200116,
          "mapped_bytes": 26758086,
          "wal_bytes_delta": 0,
          "sidecar_bytes_delta": 0,
          "checkpoint_bytes_delta": 0,
          "temporary_spill_bytes_delta": 0
        },
        {
          "method": "industrial_selectivity",
          "ef_search": 128,
          "metadata_bonus_cap_ppm": 0,
          "signal_queue_quota_ppm": 0,
          "graph_seed_limit": 0,
          "p50_ms": 0.2046,
          "p95_ms": 0.2859,
          "p99_ms": 0.3167,
          "mean_recall_at_10": 1.0,
          "mean_ndcg_at_10": 1.0,
          "mean_result_count": 10.0,
          "mean_navigation_scores": 2387.34375,
          "mean_candidates_reranked": 281.65625,
          "peak_candidates": 283,
          "peak_temp_bytes": 4528,
          "estimated_vector_page_reads": 575,
          "estimated_payload_page_reads": 9013,
          "estimated_graph_page_reads": 32,
          "mean_bq_posting_lookup_ms": 0.0,
          "mean_bq_node_mapping_ms": 0.0,
          "mean_bq_heap_scan_ms": 0.0,
          "mean_bq_output_sort_ms": 0.0,
          "bq_slot_cache_hits": 0,
          "bq_slot_cache_misses": 0,
          "mean_bq_mapped_candidates": 0.0,
          "mean_adaptive_ef_search": 128.0,
          "mean_vector_density_skew_ppm": 1000000.0,
          "selected_access_path": "GraphVectorUnion",
          "property_path_cost": 18446744073709551615,
          "graph_path_cost": 10176,
          "filtered_ann_path_cost": 18446744073709551615,
          "resident_heap_bytes": 53200116,
          "mapped_bytes": 26758086,
          "wal_bytes_delta": 0,
          "sidecar_bytes_delta": 0,
          "checkpoint_bytes_delta": 0,
          "temporary_spill_bytes_delta": 0
        },
        {
          "method": "industrial_density",
          "ef_search": 128,
          "metadata_bonus_cap_ppm": 0,
          "signal_queue_quota_ppm": 0,
          "graph_seed_limit": 0,
          "p50_ms": 0.2245,
          "p95_ms": 0.2858,
          "p99_ms": 0.2997,
          "mean_recall_at_10": 1.0,
          "mean_ndcg_at_10": 1.0,
          "mean_result_count": 10.0,
          "mean_navigation_scores": 2387.34375,
          "mean_candidates_reranked": 281.65625,
          "peak_candidates": 283,
          "peak_temp_bytes": 4528,
          "estimated_vector_page_reads": 575,
          "estimated_payload_page_reads": 9013,
          "estimated_graph_page_reads": 32,
          "mean_bq_posting_lookup_ms": 0.0,
          "mean_bq_node_mapping_ms": 0.0,
          "mean_bq_heap_scan_ms": 0.0,
          "mean_bq_output_sort_ms": 0.0,
          "bq_slot_cache_hits": 0,
          "bq_slot_cache_misses": 0,
          "mean_bq_mapped_candidates": 0.0,
          "mean_adaptive_ef_search": 128.0,
          "mean_vector_density_skew_ppm": 1000000.0,
          "selected_access_path": "GraphVectorUnion",
          "property_path_cost": 18446744073709551615,
          "graph_path_cost": 10176,
          "filtered_ann_path_cost": 18446744073709551615,
          "resident_heap_bytes": 53200116,
          "mapped_bytes": 26758086,
          "wal_bytes_delta": 0,
          "sidecar_bytes_delta": 0,
          "checkpoint_bytes_delta": 0,
          "temporary_spill_bytes_delta": 0
        },
        {
          "method": "post_filter",
          "ef_search": 128,
          "metadata_bonus_cap_ppm": 0,
          "signal_queue_quota_ppm": 0,
          "graph_seed_limit": 0,
          "p50_ms": 0.1194,
          "p95_ms": 0.1795,
          "p99_ms": 0.1829,
          "mean_recall_at_10": 0.07812499999999999,
          "mean_ndcg_at_10": 0.11441101374675716,
          "mean_result_count": 10.0,
          "mean_navigation_scores": 2387.34375,
          "mean_candidates_reranked": 128.0,
          "peak_candidates": 0,
          "peak_temp_bytes": 0,
          "estimated_vector_page_reads": 0,
          "estimated_payload_page_reads": 0,
          "estimated_graph_page_reads": 0,
          "mean_bq_posting_lookup_ms": 0.0,
          "mean_bq_node_mapping_ms": 0.0,
          "mean_bq_heap_scan_ms": 0.0,
          "mean_bq_output_sort_ms": 0.0,
          "bq_slot_cache_hits": 0,
          "bq_slot_cache_misses": 0,
          "mean_bq_mapped_candidates": 0.0,
          "mean_adaptive_ef_search": 0.0,
          "mean_vector_density_skew_ppm": 0.0,
          "selected_access_path": "AnnPostFilter",
          "property_path_cost": 0,
          "graph_path_cost": 0,
          "filtered_ann_path_cost": 0,
          "resident_heap_bytes": 53200116,
          "mapped_bytes": 26758086,
          "wal_bytes_delta": 0,
          "sidecar_bytes_delta": 0,
          "checkpoint_bytes_delta": 0,
          "temporary_spill_bytes_delta": 0
        },
        {
          "method": "tsng",
          "ef_search": 128,
          "metadata_bonus_cap_ppm": 100000,
          "signal_queue_quota_ppm": 0,
          "graph_seed_limit": 0,
          "p50_ms": 0.1596,
          "p95_ms": 0.27149999999999996,
          "p99_ms": 0.2935,
          "mean_recall_at_10": 0.11875000000000001,
          "mean_ndcg_at_10": 0.1346837692602548,
          "mean_result_count": 10.0,
          "mean_navigation_scores": 2390.5625,
          "mean_candidates_reranked": 128.0,
          "peak_candidates": 0,
          "peak_temp_bytes": 0,
          "estimated_vector_page_reads": 0,
          "estimated_payload_page_reads": 0,
          "estimated_graph_page_reads": 0,
          "mean_bq_posting_lookup_ms": 0.0,
          "mean_bq_node_mapping_ms": 0.0,
          "mean_bq_heap_scan_ms": 0.0,
          "mean_bq_output_sort_ms": 0.0,
          "bq_slot_cache_hits": 0,
          "bq_slot_cache_misses": 0,
          "mean_bq_mapped_candidates": 0.0,
          "mean_adaptive_ef_search": 0.0,
          "mean_vector_density_skew_ppm": 0.0,
          "selected_access_path": "AnnPostFilter",
          "property_path_cost": 0,
          "graph_path_cost": 0,
          "filtered_ann_path_cost": 0,
          "resident_heap_bytes": 53200116,
          "mapped_bytes": 26758086,
          "wal_bytes_delta": 0,
          "sidecar_bytes_delta": 0,
          "checkpoint_bytes_delta": 0,
          "temporary_spill_bytes_delta": 0
        },
        {
          "method": "tsng",
          "ef_search": 128,
          "metadata_bonus_cap_ppm": 100000,
          "signal_queue_quota_ppm": 0,
          "graph_seed_limit": 16,
          "p50_ms": 0.34600000000000003,
          "p95_ms": 0.439,
          "p99_ms": 0.4556,
          "mean_recall_at_10": 0.4,
          "mean_ndcg_at_10": 0.6671035129653503,
          "mean_result_count": 10.0,
          "mean_navigation_scores": 1990.53125,
          "mean_candidates_reranked": 128.0,
          "peak_candidates": 0,
          "peak_temp_bytes": 0,
          "estimated_vector_page_reads": 0,
          "estimated_payload_page_reads": 0,
          "estimated_graph_page_reads": 0,
          "mean_bq_posting_lookup_ms": 0.0,
          "mean_bq_node_mapping_ms": 0.0,
          "mean_bq_heap_scan_ms": 0.0,
          "mean_bq_output_sort_ms": 0.0,
          "bq_slot_cache_hits": 0,
          "bq_slot_cache_misses": 0,
          "mean_bq_mapped_candidates": 0.0,
          "mean_adaptive_ef_search": 0.0,
          "mean_vector_density_skew_ppm": 0.0,
          "selected_access_path": "AnnPostFilter",
          "property_path_cost": 0,
          "graph_path_cost": 0,
          "filtered_ann_path_cost": 0,
          "resident_heap_bytes": 53200116,
          "mapped_bytes": 26758086,
          "wal_bytes_delta": 0,
          "sidecar_bytes_delta": 0,
          "checkpoint_bytes_delta": 0,
          "temporary_spill_bytes_delta": 0
        },
        {
          "method": "graph_union",
          "ef_search": 128,
          "metadata_bonus_cap_ppm": 100000,
          "signal_queue_quota_ppm": 0,
          "graph_seed_limit": 16,
          "p50_ms": 0.1512,
          "p95_ms": 0.2064,
          "p99_ms": 0.2117,
          "mean_recall_at_10": 0.24374999999999994,
          "mean_ndcg_at_10": 0.470960631966013,
          "mean_result_count": 10.0,
          "mean_navigation_scores": 2387.34375,
          "mean_candidates_reranked": 143.71875,
          "peak_candidates": 0,
          "peak_temp_bytes": 0,
          "estimated_vector_page_reads": 0,
          "estimated_payload_page_reads": 0,
          "estimated_graph_page_reads": 0,
          "mean_bq_posting_lookup_ms": 0.0,
          "mean_bq_node_mapping_ms": 0.0,
          "mean_bq_heap_scan_ms": 0.0,
          "mean_bq_output_sort_ms": 0.0,
          "bq_slot_cache_hits": 0,
          "bq_slot_cache_misses": 0,
          "mean_bq_mapped_candidates": 0.0,
          "mean_adaptive_ef_search": 0.0,
          "mean_vector_density_skew_ppm": 0.0,
          "selected_access_path": "AnnPostFilter",
          "property_path_cost": 0,
          "graph_path_cost": 0,
          "filtered_ann_path_cost": 0,
          "resident_heap_bytes": 53200116,
          "mapped_bytes": 26758086,
          "wal_bytes_delta": 0,
          "sidecar_bytes_delta": 0,
          "checkpoint_bytes_delta": 0,
          "temporary_spill_bytes_delta": 0
        },
        {
          "method": "tsng",
          "ef_search": 128,
          "metadata_bonus_cap_ppm": 100000,
          "signal_queue_quota_ppm": 0,
          "graph_seed_limit": 64,
          "p50_ms": 0.3331,
          "p95_ms": 0.41459999999999997,
          "p99_ms": 0.4164,
          "mean_recall_at_10": 0.4,
          "mean_ndcg_at_10": 0.6671035129653503,
          "mean_result_count": 10.0,
          "mean_navigation_scores": 2013.46875,
          "mean_candidates_reranked": 128.0,
          "peak_candidates": 0,
          "peak_temp_bytes": 0,
          "estimated_vector_page_reads": 0,
          "estimated_payload_page_reads": 0,
          "estimated_graph_page_reads": 0,
          "mean_bq_posting_lookup_ms": 0.0,
          "mean_bq_node_mapping_ms": 0.0,
          "mean_bq_heap_scan_ms": 0.0,
          "mean_bq_output_sort_ms": 0.0,
          "bq_slot_cache_hits": 0,
          "bq_slot_cache_misses": 0,
          "mean_bq_mapped_candidates": 0.0,
          "mean_adaptive_ef_search": 0.0,
          "mean_vector_density_skew_ppm": 0.0,
          "selected_access_path": "AnnPostFilter",
          "property_path_cost": 0,
          "graph_path_cost": 0,
          "filtered_ann_path_cost": 0,
          "resident_heap_bytes": 53200116,
          "mapped_bytes": 26758086,
          "wal_bytes_delta": 0,
          "sidecar_bytes_delta": 0,
          "checkpoint_bytes_delta": 0,
          "temporary_spill_bytes_delta": 0
        },
        {
          "method": "graph_union",
          "ef_search": 128,
          "metadata_bonus_cap_ppm": 100000,
          "signal_queue_quota_ppm": 0,
          "graph_seed_limit": 64,
          "p50_ms": 0.1839,
          "p95_ms": 0.24640000000000004,
          "p99_ms": 0.2497,
          "mean_recall_at_10": 0.4812500000000002,
          "mean_ndcg_at_10": 0.6714569949426684,
          "mean_result_count": 10.0,
          "mean_navigation_scores": 2387.34375,
          "mean_candidates_reranked": 191.40625,
          "peak_candidates": 0,
          "peak_temp_bytes": 0,
          "estimated_vector_page_reads": 0,
          "estimated_payload_page_reads": 0,
          "estimated_graph_page_reads": 0,
          "mean_bq_posting_lookup_ms": 0.0,
          "mean_bq_node_mapping_ms": 0.0,
          "mean_bq_heap_scan_ms": 0.0,
          "mean_bq_output_sort_ms": 0.0,
          "bq_slot_cache_hits": 0,
          "bq_slot_cache_misses": 0,
          "mean_bq_mapped_candidates": 0.0,
          "mean_adaptive_ef_search": 0.0,
          "mean_vector_density_skew_ppm": 0.0,
          "selected_access_path": "AnnPostFilter",
          "property_path_cost": 0,
          "graph_path_cost": 0,
          "filtered_ann_path_cost": 0,
          "resident_heap_bytes": 53200116,
          "mapped_bytes": 26758086,
          "wal_bytes_delta": 0,
          "sidecar_bytes_delta": 0,
          "checkpoint_bytes_delta": 0,
          "temporary_spill_bytes_delta": 0
        },
        {
          "method": "tsng",
          "ef_search": 128,
          "metadata_bonus_cap_ppm": 100000,
          "signal_queue_quota_ppm": 0,
          "graph_seed_limit": 256,
          "p50_ms": 0.337,
          "p95_ms": 0.3794,
          "p99_ms": 0.3832,
          "mean_recall_at_10": 0.40937500000000004,
          "mean_ndcg_at_10": 0.675651690722551,
          "mean_result_count": 10.0,
          "mean_navigation_scores": 2056.4375,
          "mean_candidates_reranked": 128.0,
          "peak_candidates": 0,
          "peak_temp_bytes": 0,
          "estimated_vector_page_reads": 0,
          "estimated_payload_page_reads": 0,
          "estimated_graph_page_reads": 0,
          "mean_bq_posting_lookup_ms": 0.0,
          "mean_bq_node_mapping_ms": 0.0,
          "mean_bq_heap_scan_ms": 0.0,
          "mean_bq_output_sort_ms": 0.0,
          "bq_slot_cache_hits": 0,
          "bq_slot_cache_misses": 0,
          "mean_bq_mapped_candidates": 0.0,
          "mean_adaptive_ef_search": 0.0,
          "mean_vector_density_skew_ppm": 0.0,
          "selected_access_path": "AnnPostFilter",
          "property_path_cost": 0,
          "graph_path_cost": 0,
          "filtered_ann_path_cost": 0,
          "resident_heap_bytes": 53200116,
          "mapped_bytes": 26758086,
          "wal_bytes_delta": 0,
          "sidecar_bytes_delta": 0,
          "checkpoint_bytes_delta": 0,
          "temporary_spill_bytes_delta": 0
        },
        {
          "method": "graph_union",
          "ef_search": 128,
          "metadata_bonus_cap_ppm": 100000,
          "signal_queue_quota_ppm": 0,
          "graph_seed_limit": 256,
          "p50_ms": 0.2625,
          "p95_ms": 0.3435,
          "p99_ms": 0.3501,
          "mean_recall_at_10": 1.0,
          "mean_ndcg_at_10": 1.0,
          "mean_result_count": 10.0,
          "mean_navigation_scores": 2387.34375,
          "mean_candidates_reranked": 281.65625,
          "peak_candidates": 0,
          "peak_temp_bytes": 0,
          "estimated_vector_page_reads": 0,
          "estimated_payload_page_reads": 0,
          "estimated_graph_page_reads": 0,
          "mean_bq_posting_lookup_ms": 0.0,
          "mean_bq_node_mapping_ms": 0.0,
          "mean_bq_heap_scan_ms": 0.0,
          "mean_bq_output_sort_ms": 0.0,
          "bq_slot_cache_hits": 0,
          "bq_slot_cache_misses": 0,
          "mean_bq_mapped_candidates": 0.0,
          "mean_adaptive_ef_search": 0.0,
          "mean_vector_density_skew_ppm": 0.0,
          "selected_access_path": "AnnPostFilter",
          "property_path_cost": 0,
          "graph_path_cost": 0,
          "filtered_ann_path_cost": 0,
          "resident_heap_bytes": 53200116,
          "mapped_bytes": 26758086,
          "wal_bytes_delta": 0,
          "sidecar_bytes_delta": 0,
          "checkpoint_bytes_delta": 0,
          "temporary_spill_bytes_delta": 0
        },
        {
          "method": "tsng",
          "ef_search": 128,
          "metadata_bonus_cap_ppm": 100000,
          "signal_queue_quota_ppm": 100000,
          "graph_seed_limit": 0,
          "p50_ms": 0.3341,
          "p95_ms": 0.594,
          "p99_ms": 0.6732,
          "mean_recall_at_10": 0.0875,
          "mean_ndcg_at_10": 0.1325572470490397,
          "mean_result_count": 10.0,
          "mean_navigation_scores": 2526.40625,
          "mean_candidates_reranked": 128.0,
          "peak_candidates": 0,
          "peak_temp_bytes": 0,
          "estimated_vector_page_reads": 0,
          "estimated_payload_page_reads": 0,
          "estimated_graph_page_reads": 0,
          "mean_bq_posting_lookup_ms": 0.0,
          "mean_bq_node_mapping_ms": 0.0,
          "mean_bq_heap_scan_ms": 0.0,
          "mean_bq_output_sort_ms": 0.0,
          "bq_slot_cache_hits": 0,
          "bq_slot_cache_misses": 0,
          "mean_bq_mapped_candidates": 0.0,
          "mean_adaptive_ef_search": 0.0,
          "mean_vector_density_skew_ppm": 0.0,
          "selected_access_path": "AnnPostFilter",
          "property_path_cost": 0,
          "graph_path_cost": 0,
          "filtered_ann_path_cost": 0,
          "resident_heap_bytes": 53200116,
          "mapped_bytes": 26758086,
          "wal_bytes_delta": 0,
          "sidecar_bytes_delta": 0,
          "checkpoint_bytes_delta": 0,
          "temporary_spill_bytes_delta": 0
        },
        {
          "method": "tsng",
          "ef_search": 128,
          "metadata_bonus_cap_ppm": 100000,
          "signal_queue_quota_ppm": 100000,
          "graph_seed_limit": 16,
          "p50_ms": 0.31520000000000004,
          "p95_ms": 0.3832,
          "p99_ms": 0.3856,
          "mean_recall_at_10": 0.4,
          "mean_ndcg_at_10": 0.6671035129653503,
          "mean_result_count": 10.0,
          "mean_navigation_scores": 1986.375,
          "mean_candidates_reranked": 128.0,
          "peak_candidates": 0,
          "peak_temp_bytes": 0,
          "estimated_vector_page_reads": 0,
          "estimated_payload_page_reads": 0,
          "estimated_graph_page_reads": 0,
          "mean_bq_posting_lookup_ms": 0.0,
          "mean_bq_node_mapping_ms": 0.0,
          "mean_bq_heap_scan_ms": 0.0,
          "mean_bq_output_sort_ms": 0.0,
          "bq_slot_cache_hits": 0,
          "bq_slot_cache_misses": 0,
          "mean_bq_mapped_candidates": 0.0,
          "mean_adaptive_ef_search": 0.0,
          "mean_vector_density_skew_ppm": 0.0,
          "selected_access_path": "AnnPostFilter",
          "property_path_cost": 0,
          "graph_path_cost": 0,
          "filtered_ann_path_cost": 0,
          "resident_heap_bytes": 53200116,
          "mapped_bytes": 26758086,
          "wal_bytes_delta": 0,
          "sidecar_bytes_delta": 0,
          "checkpoint_bytes_delta": 0,
          "temporary_spill_bytes_delta": 0
        },
        {
          "method": "tsng",
          "ef_search": 128,
          "metadata_bonus_cap_ppm": 100000,
          "signal_queue_quota_ppm": 100000,
          "graph_seed_limit": 64,
          "p50_ms": 0.332,
          "p95_ms": 0.3798,
          "p99_ms": 0.3987,
          "mean_recall_at_10": 0.4,
          "mean_ndcg_at_10": 0.6671035129653503,
          "mean_result_count": 10.0,
          "mean_navigation_scores": 2010.375,
          "mean_candidates_reranked": 128.0,
          "peak_candidates": 0,
          "peak_temp_bytes": 0,
          "estimated_vector_page_reads": 0,
          "estimated_payload_page_reads": 0,
          "estimated_graph_page_reads": 0,
          "mean_bq_posting_lookup_ms": 0.0,
          "mean_bq_node_mapping_ms": 0.0,
          "mean_bq_heap_scan_ms": 0.0,
          "mean_bq_output_sort_ms": 0.0,
          "bq_slot_cache_hits": 0,
          "bq_slot_cache_misses": 0,
          "mean_bq_mapped_candidates": 0.0,
          "mean_adaptive_ef_search": 0.0,
          "mean_vector_density_skew_ppm": 0.0,
          "selected_access_path": "AnnPostFilter",
          "property_path_cost": 0,
          "graph_path_cost": 0,
          "filtered_ann_path_cost": 0,
          "resident_heap_bytes": 53200116,
          "mapped_bytes": 26758086,
          "wal_bytes_delta": 0,
          "sidecar_bytes_delta": 0,
          "checkpoint_bytes_delta": 0,
          "temporary_spill_bytes_delta": 0
        },
        {
          "method": "tsng",
          "ef_search": 128,
          "metadata_bonus_cap_ppm": 100000,
          "signal_queue_quota_ppm": 100000,
          "graph_seed_limit": 256,
          "p50_ms": 0.37320000000000003,
          "p95_ms": 0.49739999999999995,
          "p99_ms": 0.5393,
          "mean_recall_at_10": 0.40937500000000004,
          "mean_ndcg_at_10": 0.675651690722551,
          "mean_result_count": 10.0,
          "mean_navigation_scores": 2055.09375,
          "mean_candidates_reranked": 128.0,
          "peak_candidates": 0,
          "peak_temp_bytes": 0,
          "estimated_vector_page_reads": 0,
          "estimated_payload_page_reads": 0,
          "estimated_graph_page_reads": 0,
          "mean_bq_posting_lookup_ms": 0.0,
          "mean_bq_node_mapping_ms": 0.0,
          "mean_bq_heap_scan_ms": 0.0,
          "mean_bq_output_sort_ms": 0.0,
          "bq_slot_cache_hits": 0,
          "bq_slot_cache_misses": 0,
          "mean_bq_mapped_candidates": 0.0,
          "mean_adaptive_ef_search": 0.0,
          "mean_vector_density_skew_ppm": 0.0,
          "selected_access_path": "AnnPostFilter",
          "property_path_cost": 0,
          "graph_path_cost": 0,
          "filtered_ann_path_cost": 0,
          "resident_heap_bytes": 53200116,
          "mapped_bytes": 26758086,
          "wal_bytes_delta": 0,
          "sidecar_bytes_delta": 0,
          "checkpoint_bytes_delta": 0,
          "temporary_spill_bytes_delta": 0
        },
        {
          "method": "tsng",
          "ef_search": 128,
          "metadata_bonus_cap_ppm": 100000,
          "signal_queue_quota_ppm": 200000,
          "graph_seed_limit": 0,
          "p50_ms": 0.30469999999999997,
          "p95_ms": 0.5284000000000001,
          "p99_ms": 0.6224,
          "mean_recall_at_10": 0.09374999999999999,
          "mean_ndcg_at_10": 0.13685131247461013,
          "mean_result_count": 10.0,
          "mean_navigation_scores": 2526.40625,
          "mean_candidates_reranked": 128.0,
          "peak_candidates": 0,
          "peak_temp_bytes": 0,
          "estimated_vector_page_reads": 0,
          "estimated_payload_page_reads": 0,
          "estimated_graph_page_reads": 0,
          "mean_bq_posting_lookup_ms": 0.0,
          "mean_bq_node_mapping_ms": 0.0,
          "mean_bq_heap_scan_ms": 0.0,
          "mean_bq_output_sort_ms": 0.0,
          "bq_slot_cache_hits": 0,
          "bq_slot_cache_misses": 0,
          "mean_bq_mapped_candidates": 0.0,
          "mean_adaptive_ef_search": 0.0,
          "mean_vector_density_skew_ppm": 0.0,
          "selected_access_path": "AnnPostFilter",
          "property_path_cost": 0,
          "graph_path_cost": 0,
          "filtered_ann_path_cost": 0,
          "resident_heap_bytes": 53200116,
          "mapped_bytes": 26758086,
          "wal_bytes_delta": 0,
          "sidecar_bytes_delta": 0,
          "checkpoint_bytes_delta": 0,
          "temporary_spill_bytes_delta": 0
        },
        {
          "method": "tsng",
          "ef_search": 128,
          "metadata_bonus_cap_ppm": 100000,
          "signal_queue_quota_ppm": 200000,
          "graph_seed_limit": 16,
          "p50_ms": 0.32489999999999997,
          "p95_ms": 0.36460000000000004,
          "p99_ms": 0.3683,
          "mean_recall_at_10": 0.42500000000000004,
          "mean_ndcg_at_10": 0.6877260286075144,
          "mean_result_count": 10.0,
          "mean_navigation_scores": 1987.4375,
          "mean_candidates_reranked": 128.0,
          "peak_candidates": 0,
          "peak_temp_bytes": 0,
          "estimated_vector_page_reads": 0,
          "estimated_payload_page_reads": 0,
          "estimated_graph_page_reads": 0,
          "mean_bq_posting_lookup_ms": 0.0,
          "mean_bq_node_mapping_ms": 0.0,
          "mean_bq_heap_scan_ms": 0.0,
          "mean_bq_output_sort_ms": 0.0,
          "bq_slot_cache_hits": 0,
          "bq_slot_cache_misses": 0,
          "mean_bq_mapped_candidates": 0.0,
          "mean_adaptive_ef_search": 0.0,
          "mean_vector_density_skew_ppm": 0.0,
          "selected_access_path": "AnnPostFilter",
          "property_path_cost": 0,
          "graph_path_cost": 0,
          "filtered_ann_path_cost": 0,
          "resident_heap_bytes": 53200116,
          "mapped_bytes": 26758086,
          "wal_bytes_delta": 0,
          "sidecar_bytes_delta": 0,
          "checkpoint_bytes_delta": 0,
          "temporary_spill_bytes_delta": 0
        },
        {
          "method": "tsng",
          "ef_search": 128,
          "metadata_bonus_cap_ppm": 100000,
          "signal_queue_quota_ppm": 200000,
          "graph_seed_limit": 64,
          "p50_ms": 0.3264,
          "p95_ms": 0.38020000000000004,
          "p99_ms": 0.40549999999999997,
          "mean_recall_at_10": 0.4312500000000001,
          "mean_ndcg_at_10": 0.6919361899411174,
          "mean_result_count": 10.0,
          "mean_navigation_scores": 2011.40625,
          "mean_candidates_reranked": 128.0,
          "peak_candidates": 0,
          "peak_temp_bytes": 0,
          "estimated_vector_page_reads": 0,
          "estimated_payload_page_reads": 0,
          "estimated_graph_page_reads": 0,
          "mean_bq_posting_lookup_ms": 0.0,
          "mean_bq_node_mapping_ms": 0.0,
          "mean_bq_heap_scan_ms": 0.0,
          "mean_bq_output_sort_ms": 0.0,
          "bq_slot_cache_hits": 0,
          "bq_slot_cache_misses": 0,
          "mean_bq_mapped_candidates": 0.0,
          "mean_adaptive_ef_search": 0.0,
          "mean_vector_density_skew_ppm": 0.0,
          "selected_access_path": "AnnPostFilter",
          "property_path_cost": 0,
          "graph_path_cost": 0,
          "filtered_ann_path_cost": 0,
          "resident_heap_bytes": 53200116,
          "mapped_bytes": 26758086,
          "wal_bytes_delta": 0,
          "sidecar_bytes_delta": 0,
          "checkpoint_bytes_delta": 0,
          "temporary_spill_bytes_delta": 0
        },
        {
          "method": "tsng",
          "ef_search": 128,
          "metadata_bonus_cap_ppm": 100000,
          "signal_queue_quota_ppm": 200000,
          "graph_seed_limit": 256,
          "p50_ms": 0.3338,
          "p95_ms": 0.39330000000000004,
          "p99_ms": 0.41750000000000004,
          "mean_recall_at_10": 0.43750000000000006,
          "mean_ndcg_at_10": 0.6955031202017967,
          "mean_result_count": 10.0,
          "mean_navigation_scores": 2053.71875,
          "mean_candidates_reranked": 128.0,
          "peak_candidates": 0,
          "peak_temp_bytes": 0,
          "estimated_vector_page_reads": 0,
          "estimated_payload_page_reads": 0,
          "estimated_graph_page_reads": 0,
          "mean_bq_posting_lookup_ms": 0.0,
          "mean_bq_node_mapping_ms": 0.0,
          "mean_bq_heap_scan_ms": 0.0,
          "mean_bq_output_sort_ms": 0.0,
          "bq_slot_cache_hits": 0,
          "bq_slot_cache_misses": 0,
          "mean_bq_mapped_candidates": 0.0,
          "mean_adaptive_ef_search": 0.0,
          "mean_vector_density_skew_ppm": 0.0,
          "selected_access_path": "AnnPostFilter",
          "property_path_cost": 0,
          "graph_path_cost": 0,
          "filtered_ann_path_cost": 0,
          "resident_heap_bytes": 53200116,
          "mapped_bytes": 26758086,
          "wal_bytes_delta": 0,
          "sidecar_bytes_delta": 0,
          "checkpoint_bytes_delta": 0,
          "temporary_spill_bytes_delta": 0
        },
        {
          "method": "tsng",
          "ef_search": 128,
          "metadata_bonus_cap_ppm": 100000,
          "signal_queue_quota_ppm": 250000,
          "graph_seed_limit": 0,
          "p50_ms": 0.31760000000000005,
          "p95_ms": 0.5299,
          "p99_ms": 0.6103999999999999,
          "mean_recall_at_10": 0.1,
          "mean_ndcg_at_10": 0.14168902893619809,
          "mean_result_count": 10.0,
          "mean_navigation_scores": 2526.40625,
          "mean_candidates_reranked": 128.0,
          "peak_candidates": 0,
          "peak_temp_bytes": 0,
          "estimated_vector_page_reads": 0,
          "estimated_payload_page_reads": 0,
          "estimated_graph_page_reads": 0,
          "mean_bq_posting_lookup_ms": 0.0,
          "mean_bq_node_mapping_ms": 0.0,
          "mean_bq_heap_scan_ms": 0.0,
          "mean_bq_output_sort_ms": 0.0,
          "bq_slot_cache_hits": 0,
          "bq_slot_cache_misses": 0,
          "mean_bq_mapped_candidates": 0.0,
          "mean_adaptive_ef_search": 0.0,
          "mean_vector_density_skew_ppm": 0.0,
          "selected_access_path": "AnnPostFilter",
          "property_path_cost": 0,
          "graph_path_cost": 0,
          "filtered_ann_path_cost": 0,
          "resident_heap_bytes": 53200116,
          "mapped_bytes": 26758086,
          "wal_bytes_delta": 0,
          "sidecar_bytes_delta": 0,
          "checkpoint_bytes_delta": 0,
          "temporary_spill_bytes_delta": 0
        },
        {
          "method": "tsng",
          "ef_search": 128,
          "metadata_bonus_cap_ppm": 100000,
          "signal_queue_quota_ppm": 250000,
          "graph_seed_limit": 16,
          "p50_ms": 0.309,
          "p95_ms": 0.3306,
          "p99_ms": 0.34299999999999997,
          "mean_recall_at_10": 0.47812499999999997,
          "mean_ndcg_at_10": 0.7254253001954438,
          "mean_result_count": 10.0,
          "mean_navigation_scores": 1988.09375,
          "mean_candidates_reranked": 128.0,
          "peak_candidates": 0,
          "peak_temp_bytes": 0,
          "estimated_vector_page_reads": 0,
          "estimated_payload_page_reads": 0,
          "estimated_graph_page_reads": 0,
          "mean_bq_posting_lookup_ms": 0.0,
          "mean_bq_node_mapping_ms": 0.0,
          "mean_bq_heap_scan_ms": 0.0,
          "mean_bq_output_sort_ms": 0.0,
          "bq_slot_cache_hits": 0,
          "bq_slot_cache_misses": 0,
          "mean_bq_mapped_candidates": 0.0,
          "mean_adaptive_ef_search": 0.0,
          "mean_vector_density_skew_ppm": 0.0,
          "selected_access_path": "AnnPostFilter",
          "property_path_cost": 0,
          "graph_path_cost": 0,
          "filtered_ann_path_cost": 0,
          "resident_heap_bytes": 53200116,
          "mapped_bytes": 26758086,
          "wal_bytes_delta": 0,
          "sidecar_bytes_delta": 0,
          "checkpoint_bytes_delta": 0,
          "temporary_spill_bytes_delta": 0
        },
        {
          "method": "tsng",
          "ef_search": 128,
          "metadata_bonus_cap_ppm": 100000,
          "signal_queue_quota_ppm": 250000,
          "graph_seed_limit": 64,
          "p50_ms": 0.34890000000000004,
          "p95_ms": 0.382,
          "p99_ms": 0.4041,
          "mean_recall_at_10": 0.47812499999999997,
          "mean_ndcg_at_10": 0.7226125324880157,
          "mean_result_count": 10.0,
          "mean_navigation_scores": 2011.96875,
          "mean_candidates_reranked": 128.0,
          "peak_candidates": 0,
          "peak_temp_bytes": 0,
          "estimated_vector_page_reads": 0,
          "estimated_payload_page_reads": 0,
          "estimated_graph_page_reads": 0,
          "mean_bq_posting_lookup_ms": 0.0,
          "mean_bq_node_mapping_ms": 0.0,
          "mean_bq_heap_scan_ms": 0.0,
          "mean_bq_output_sort_ms": 0.0,
          "bq_slot_cache_hits": 0,
          "bq_slot_cache_misses": 0,
          "mean_bq_mapped_candidates": 0.0,
          "mean_adaptive_ef_search": 0.0,
          "mean_vector_density_skew_ppm": 0.0,
          "selected_access_path": "AnnPostFilter",
          "property_path_cost": 0,
          "graph_path_cost": 0,
          "filtered_ann_path_cost": 0,
          "resident_heap_bytes": 53200116,
          "mapped_bytes": 26758086,
          "wal_bytes_delta": 0,
          "sidecar_bytes_delta": 0,
          "checkpoint_bytes_delta": 0,
          "temporary_spill_bytes_delta": 0
        },
        {
          "method": "tsng",
          "ef_search": 128,
          "metadata_bonus_cap_ppm": 100000,
          "signal_queue_quota_ppm": 250000,
          "graph_seed_limit": 256,
          "p50_ms": 0.3636,
          "p95_ms": 0.4216,
          "p99_ms": 0.4231,
          "mean_recall_at_10": 0.4875,
          "mean_ndcg_at_10": 0.7274183480062493,
          "mean_result_count": 10.0,
          "mean_navigation_scores": 2053.96875,
          "mean_candidates_reranked": 128.0,
          "peak_candidates": 0,
          "peak_temp_bytes": 0,
          "estimated_vector_page_reads": 0,
          "estimated_payload_page_reads": 0,
          "estimated_graph_page_reads": 0,
          "mean_bq_posting_lookup_ms": 0.0,
          "mean_bq_node_mapping_ms": 0.0,
          "mean_bq_heap_scan_ms": 0.0,
          "mean_bq_output_sort_ms": 0.0,
          "bq_slot_cache_hits": 0,
          "bq_slot_cache_misses": 0,
          "mean_bq_mapped_candidates": 0.0,
          "mean_adaptive_ef_search": 0.0,
          "mean_vector_density_skew_ppm": 0.0,
          "selected_access_path": "AnnPostFilter",
          "property_path_cost": 0,
          "graph_path_cost": 0,
          "filtered_ann_path_cost": 0,
          "resident_heap_bytes": 53200116,
          "mapped_bytes": 26758086,
          "wal_bytes_delta": 0,
          "sidecar_bytes_delta": 0,
          "checkpoint_bytes_delta": 0,
          "temporary_spill_bytes_delta": 0
        },
        {
          "method": "tsng",
          "ef_search": 128,
          "metadata_bonus_cap_ppm": 100000,
          "signal_queue_quota_ppm": 330000,
          "graph_seed_limit": 0,
          "p50_ms": 0.33540000000000003,
          "p95_ms": 0.665,
          "p99_ms": 0.7161,
          "mean_recall_at_10": 0.11249999999999999,
          "mean_ndcg_at_10": 0.15034703922363596,
          "mean_result_count": 10.0,
          "mean_navigation_scores": 2526.40625,
          "mean_candidates_reranked": 128.0,
          "peak_candidates": 0,
          "peak_temp_bytes": 0,
          "estimated_vector_page_reads": 0,
          "estimated_payload_page_reads": 0,
          "estimated_graph_page_reads": 0,
          "mean_bq_posting_lookup_ms": 0.0,
          "mean_bq_node_mapping_ms": 0.0,
          "mean_bq_heap_scan_ms": 0.0,
          "mean_bq_output_sort_ms": 0.0,
          "bq_slot_cache_hits": 0,
          "bq_slot_cache_misses": 0,
          "mean_bq_mapped_candidates": 0.0,
          "mean_adaptive_ef_search": 0.0,
          "mean_vector_density_skew_ppm": 0.0,
          "selected_access_path": "AnnPostFilter",
          "property_path_cost": 0,
          "graph_path_cost": 0,
          "filtered_ann_path_cost": 0,
          "resident_heap_bytes": 53200116,
          "mapped_bytes": 26758086,
          "wal_bytes_delta": 0,
          "sidecar_bytes_delta": 0,
          "checkpoint_bytes_delta": 0,
          "temporary_spill_bytes_delta": 0
        },
        {
          "method": "tsng",
          "ef_search": 128,
          "metadata_bonus_cap_ppm": 100000,
          "signal_queue_quota_ppm": 330000,
          "graph_seed_limit": 16,
          "p50_ms": 0.3487,
          "p95_ms": 0.4331,
          "p99_ms": 0.483,
          "mean_recall_at_10": 0.5437499999999998,
          "mean_ndcg_at_10": 0.7649490526867986,
          "mean_result_count": 10.0,
          "mean_navigation_scores": 1988.78125,
          "mean_candidates_reranked": 128.0,
          "peak_candidates": 0,
          "peak_temp_bytes": 0,
          "estimated_vector_page_reads": 0,
          "estimated_payload_page_reads": 0,
          "estimated_graph_page_reads": 0,
          "mean_bq_posting_lookup_ms": 0.0,
          "mean_bq_node_mapping_ms": 0.0,
          "mean_bq_heap_scan_ms": 0.0,
          "mean_bq_output_sort_ms": 0.0,
          "bq_slot_cache_hits": 0,
          "bq_slot_cache_misses": 0,
          "mean_bq_mapped_candidates": 0.0,
          "mean_adaptive_ef_search": 0.0,
          "mean_vector_density_skew_ppm": 0.0,
          "selected_access_path": "AnnPostFilter",
          "property_path_cost": 0,
          "graph_path_cost": 0,
          "filtered_ann_path_cost": 0,
          "resident_heap_bytes": 53200116,
          "mapped_bytes": 26758086,
          "wal_bytes_delta": 0,
          "sidecar_bytes_delta": 0,
          "checkpoint_bytes_delta": 0,
          "temporary_spill_bytes_delta": 0
        },
        {
          "method": "tsng",
          "ef_search": 128,
          "metadata_bonus_cap_ppm": 100000,
          "signal_queue_quota_ppm": 330000,
          "graph_seed_limit": 64,
          "p50_ms": 0.3348,
          "p95_ms": 0.3769,
          "p99_ms": 0.3856,
          "mean_recall_at_10": 0.5468749999999998,
          "mean_ndcg_at_10": 0.768895827381295,
          "mean_result_count": 10.0,
          "mean_navigation_scores": 2012.8125,
          "mean_candidates_reranked": 128.0,
          "peak_candidates": 0,
          "peak_temp_bytes": 0,
          "estimated_vector_page_reads": 0,
          "estimated_payload_page_reads": 0,
          "estimated_graph_page_reads": 0,
          "mean_bq_posting_lookup_ms": 0.0,
          "mean_bq_node_mapping_ms": 0.0,
          "mean_bq_heap_scan_ms": 0.0,
          "mean_bq_output_sort_ms": 0.0,
          "bq_slot_cache_hits": 0,
          "bq_slot_cache_misses": 0,
          "mean_bq_mapped_candidates": 0.0,
          "mean_adaptive_ef_search": 0.0,
          "mean_vector_density_skew_ppm": 0.0,
          "selected_access_path": "AnnPostFilter",
          "property_path_cost": 0,
          "graph_path_cost": 0,
          "filtered_ann_path_cost": 0,
          "resident_heap_bytes": 53200116,
          "mapped_bytes": 26758086,
          "wal_bytes_delta": 0,
          "sidecar_bytes_delta": 0,
          "checkpoint_bytes_delta": 0,
          "temporary_spill_bytes_delta": 0
        },
        {
          "method": "tsng",
          "ef_search": 128,
          "metadata_bonus_cap_ppm": 100000,
          "signal_queue_quota_ppm": 330000,
          "graph_seed_limit": 256,
          "p50_ms": 0.33940000000000003,
          "p95_ms": 0.38680000000000003,
          "p99_ms": 0.39530000000000004,
          "mean_recall_at_10": 0.5562499999999999,
          "mean_ndcg_at_10": 0.7762984290482157,
          "mean_result_count": 10.0,
          "mean_navigation_scores": 2053.96875,
          "mean_candidates_reranked": 128.0,
          "peak_candidates": 0,
          "peak_temp_bytes": 0,
          "estimated_vector_page_reads": 0,
          "estimated_payload_page_reads": 0,
          "estimated_graph_page_reads": 0,
          "mean_bq_posting_lookup_ms": 0.0,
          "mean_bq_node_mapping_ms": 0.0,
          "mean_bq_heap_scan_ms": 0.0,
          "mean_bq_output_sort_ms": 0.0,
          "bq_slot_cache_hits": 0,
          "bq_slot_cache_misses": 0,
          "mean_bq_mapped_candidates": 0.0,
          "mean_adaptive_ef_search": 0.0,
          "mean_vector_density_skew_ppm": 0.0,
          "selected_access_path": "AnnPostFilter",
          "property_path_cost": 0,
          "graph_path_cost": 0,
          "filtered_ann_path_cost": 0,
          "resident_heap_bytes": 53200116,
          "mapped_bytes": 26758086,
          "wal_bytes_delta": 0,
          "sidecar_bytes_delta": 0,
          "checkpoint_bytes_delta": 0,
          "temporary_spill_bytes_delta": 0
        },
        {
          "method": "tsng",
          "ef_search": 128,
          "metadata_bonus_cap_ppm": 100000,
          "signal_queue_quota_ppm": 500000,
          "graph_seed_limit": 0,
          "p50_ms": 0.3265,
          "p95_ms": 0.6161,
          "p99_ms": 0.6602,
          "mean_recall_at_10": 0.14375000000000002,
          "mean_ndcg_at_10": 0.16434650262662526,
          "mean_result_count": 10.0,
          "mean_navigation_scores": 2526.40625,
          "mean_candidates_reranked": 128.0,
          "peak_candidates": 0,
          "peak_temp_bytes": 0,
          "estimated_vector_page_reads": 0,
          "estimated_payload_page_reads": 0,
          "estimated_graph_page_reads": 0,
          "mean_bq_posting_lookup_ms": 0.0,
          "mean_bq_node_mapping_ms": 0.0,
          "mean_bq_heap_scan_ms": 0.0,
          "mean_bq_output_sort_ms": 0.0,
          "bq_slot_cache_hits": 0,
          "bq_slot_cache_misses": 0,
          "mean_bq_mapped_candidates": 0.0,
          "mean_adaptive_ef_search": 0.0,
          "mean_vector_density_skew_ppm": 0.0,
          "selected_access_path": "AnnPostFilter",
          "property_path_cost": 0,
          "graph_path_cost": 0,
          "filtered_ann_path_cost": 0,
          "resident_heap_bytes": 53200116,
          "mapped_bytes": 26758086,
          "wal_bytes_delta": 0,
          "sidecar_bytes_delta": 0,
          "checkpoint_bytes_delta": 0,
          "temporary_spill_bytes_delta": 0
        },
        {
          "method": "tsng",
          "ef_search": 128,
          "metadata_bonus_cap_ppm": 100000,
          "signal_queue_quota_ppm": 500000,
          "graph_seed_limit": 16,
          "p50_ms": 0.3178,
          "p95_ms": 0.3479,
          "p99_ms": 0.3659,
          "mean_recall_at_10": 0.6749999999999998,
          "mean_ndcg_at_10": 0.8521294542402771,
          "mean_result_count": 10.0,
          "mean_navigation_scores": 1988.78125,
          "mean_candidates_reranked": 128.0,
          "peak_candidates": 0,
          "peak_temp_bytes": 0,
          "estimated_vector_page_reads": 0,
          "estimated_payload_page_reads": 0,
          "estimated_graph_page_reads": 0,
          "mean_bq_posting_lookup_ms": 0.0,
          "mean_bq_node_mapping_ms": 0.0,
          "mean_bq_heap_scan_ms": 0.0,
          "mean_bq_output_sort_ms": 0.0,
          "bq_slot_cache_hits": 0,
          "bq_slot_cache_misses": 0,
          "mean_bq_mapped_candidates": 0.0,
          "mean_adaptive_ef_search": 0.0,
          "mean_vector_density_skew_ppm": 0.0,
          "selected_access_path": "AnnPostFilter",
          "property_path_cost": 0,
          "graph_path_cost": 0,
          "filtered_ann_path_cost": 0,
          "resident_heap_bytes": 53200116,
          "mapped_bytes": 26758086,
          "wal_bytes_delta": 0,
          "sidecar_bytes_delta": 0,
          "checkpoint_bytes_delta": 0,
          "temporary_spill_bytes_delta": 0
        },
        {
          "method": "tsng",
          "ef_search": 128,
          "metadata_bonus_cap_ppm": 100000,
          "signal_queue_quota_ppm": 500000,
          "graph_seed_limit": 64,
          "p50_ms": 0.3392,
          "p95_ms": 0.3887,
          "p99_ms": 0.39,
          "mean_recall_at_10": 0.6781249999999999,
          "mean_ndcg_at_10": 0.8552390467396923,
          "mean_result_count": 10.0,
          "mean_navigation_scores": 2012.90625,
          "mean_candidates_reranked": 128.0,
          "peak_candidates": 0,
          "peak_temp_bytes": 0,
          "estimated_vector_page_reads": 0,
          "estimated_payload_page_reads": 0,
          "estimated_graph_page_reads": 0,
          "mean_bq_posting_lookup_ms": 0.0,
          "mean_bq_node_mapping_ms": 0.0,
          "mean_bq_heap_scan_ms": 0.0,
          "mean_bq_output_sort_ms": 0.0,
          "bq_slot_cache_hits": 0,
          "bq_slot_cache_misses": 0,
          "mean_bq_mapped_candidates": 0.0,
          "mean_adaptive_ef_search": 0.0,
          "mean_vector_density_skew_ppm": 0.0,
          "selected_access_path": "AnnPostFilter",
          "property_path_cost": 0,
          "graph_path_cost": 0,
          "filtered_ann_path_cost": 0,
          "resident_heap_bytes": 53200116,
          "mapped_bytes": 26758086,
          "wal_bytes_delta": 0,
          "sidecar_bytes_delta": 0,
          "checkpoint_bytes_delta": 0,
          "temporary_spill_bytes_delta": 0
        },
        {
          "method": "tsng",
          "ef_search": 128,
          "metadata_bonus_cap_ppm": 100000,
          "signal_queue_quota_ppm": 500000,
          "graph_seed_limit": 256,
          "p50_ms": 0.35,
          "p95_ms": 0.3947,
          "p99_ms": 0.39649999999999996,
          "mean_recall_at_10": 0.6906249999999999,
          "mean_ndcg_at_10": 0.8629315687721332,
          "mean_result_count": 10.0,
          "mean_navigation_scores": 2053.96875,
          "mean_candidates_reranked": 128.0,
          "peak_candidates": 0,
          "peak_temp_bytes": 0,
          "estimated_vector_page_reads": 0,
          "estimated_payload_page_reads": 0,
          "estimated_graph_page_reads": 0,
          "mean_bq_posting_lookup_ms": 0.0,
          "mean_bq_node_mapping_ms": 0.0,
          "mean_bq_heap_scan_ms": 0.0,
          "mean_bq_output_sort_ms": 0.0,
          "bq_slot_cache_hits": 0,
          "bq_slot_cache_misses": 0,
          "mean_bq_mapped_candidates": 0.0,
          "mean_adaptive_ef_search": 0.0,
          "mean_vector_density_skew_ppm": 0.0,
          "selected_access_path": "AnnPostFilter",
          "property_path_cost": 0,
          "graph_path_cost": 0,
          "filtered_ann_path_cost": 0,
          "resident_heap_bytes": 53200116,
          "mapped_bytes": 26758086,
          "wal_bytes_delta": 0,
          "sidecar_bytes_delta": 0,
          "checkpoint_bytes_delta": 0,
          "temporary_spill_bytes_delta": 0
        },
        {
          "method": "industrial_fixed",
          "ef_search": 256,
          "metadata_bonus_cap_ppm": 0,
          "signal_queue_quota_ppm": 0,
          "graph_seed_limit": 0,
          "p50_ms": 0.34680000000000005,
          "p95_ms": 0.4732,
          "p99_ms": 0.5121,
          "mean_recall_at_10": 1.0,
          "mean_ndcg_at_10": 1.0,
          "mean_result_count": 10.0,
          "mean_navigation_scores": 3167.8125,
          "mean_candidates_reranked": 407.96875,
          "peak_candidates": 411,
          "peak_temp_bytes": 6576,
          "estimated_vector_page_reads": 826,
          "estimated_payload_page_reads": 13055,
          "estimated_graph_page_reads": 32,
          "mean_bq_posting_lookup_ms": 0.0,
          "mean_bq_node_mapping_ms": 0.0,
          "mean_bq_heap_scan_ms": 0.0,
          "mean_bq_output_sort_ms": 0.0,
          "bq_slot_cache_hits": 0,
          "bq_slot_cache_misses": 0,
          "mean_bq_mapped_candidates": 0.0,
          "mean_adaptive_ef_search": 256.0,
          "mean_vector_density_skew_ppm": 1000000.0,
          "selected_access_path": "GraphVectorUnion",
          "property_path_cost": 18446744073709551615,
          "graph_path_cost": 10432,
          "filtered_ann_path_cost": 18446744073709551615,
          "resident_heap_bytes": 53200116,
          "mapped_bytes": 26758086,
          "wal_bytes_delta": 0,
          "sidecar_bytes_delta": 0,
          "checkpoint_bytes_delta": 0,
          "temporary_spill_bytes_delta": 0
        },
        {
          "method": "industrial_selectivity",
          "ef_search": 256,
          "metadata_bonus_cap_ppm": 0,
          "signal_queue_quota_ppm": 0,
          "graph_seed_limit": 0,
          "p50_ms": 0.3306,
          "p95_ms": 0.43019999999999997,
          "p99_ms": 0.4512,
          "mean_recall_at_10": 1.0,
          "mean_ndcg_at_10": 1.0,
          "mean_result_count": 10.0,
          "mean_navigation_scores": 3167.8125,
          "mean_candidates_reranked": 407.96875,
          "peak_candidates": 411,
          "peak_temp_bytes": 6576,
          "estimated_vector_page_reads": 826,
          "estimated_payload_page_reads": 13055,
          "estimated_graph_page_reads": 32,
          "mean_bq_posting_lookup_ms": 0.0,
          "mean_bq_node_mapping_ms": 0.0,
          "mean_bq_heap_scan_ms": 0.0,
          "mean_bq_output_sort_ms": 0.0,
          "bq_slot_cache_hits": 0,
          "bq_slot_cache_misses": 0,
          "mean_bq_mapped_candidates": 0.0,
          "mean_adaptive_ef_search": 256.0,
          "mean_vector_density_skew_ppm": 1000000.0,
          "selected_access_path": "GraphVectorUnion",
          "property_path_cost": 18446744073709551615,
          "graph_path_cost": 10432,
          "filtered_ann_path_cost": 18446744073709551615,
          "resident_heap_bytes": 53200116,
          "mapped_bytes": 26758086,
          "wal_bytes_delta": 0,
          "sidecar_bytes_delta": 0,
          "checkpoint_bytes_delta": 0,
          "temporary_spill_bytes_delta": 0
        },
        {
          "method": "industrial_density",
          "ef_search": 256,
          "metadata_bonus_cap_ppm": 0,
          "signal_queue_quota_ppm": 0,
          "graph_seed_limit": 0,
          "p50_ms": 0.3199,
          "p95_ms": 0.4283,
          "p99_ms": 0.4425,
          "mean_recall_at_10": 1.0,
          "mean_ndcg_at_10": 1.0,
          "mean_result_count": 10.0,
          "mean_navigation_scores": 3167.8125,
          "mean_candidates_reranked": 407.96875,
          "peak_candidates": 411,
          "peak_temp_bytes": 6576,
          "estimated_vector_page_reads": 826,
          "estimated_payload_page_reads": 13055,
          "estimated_graph_page_reads": 32,
          "mean_bq_posting_lookup_ms": 0.0,
          "mean_bq_node_mapping_ms": 0.0,
          "mean_bq_heap_scan_ms": 0.0,
          "mean_bq_output_sort_ms": 0.0,
          "bq_slot_cache_hits": 0,
          "bq_slot_cache_misses": 0,
          "mean_bq_mapped_candidates": 0.0,
          "mean_adaptive_ef_search": 256.0,
          "mean_vector_density_skew_ppm": 1000000.0,
          "selected_access_path": "GraphVectorUnion",
          "property_path_cost": 18446744073709551615,
          "graph_path_cost": 10432,
          "filtered_ann_path_cost": 18446744073709551615,
          "resident_heap_bytes": 53200116,
          "mapped_bytes": 26758086,
          "wal_bytes_delta": 0,
          "sidecar_bytes_delta": 0,
          "checkpoint_bytes_delta": 0,
          "temporary_spill_bytes_delta": 0
        },
        {
          "method": "post_filter",
          "ef_search": 256,
          "metadata_bonus_cap_ppm": 0,
          "signal_queue_quota_ppm": 0,
          "graph_seed_limit": 0,
          "p50_ms": 0.2064,
          "p95_ms": 0.32380000000000003,
          "p99_ms": 0.3458,
          "mean_recall_at_10": 0.1375,
          "mean_ndcg_at_10": 0.17653966477158012,
          "mean_result_count": 10.0,
          "mean_navigation_scores": 3167.8125,
          "mean_candidates_reranked": 256.0,
          "peak_candidates": 0,
          "peak_temp_bytes": 0,
          "estimated_vector_page_reads": 0,
          "estimated_payload_page_reads": 0,
          "estimated_graph_page_reads": 0,
          "mean_bq_posting_lookup_ms": 0.0,
          "mean_bq_node_mapping_ms": 0.0,
          "mean_bq_heap_scan_ms": 0.0,
          "mean_bq_output_sort_ms": 0.0,
          "bq_slot_cache_hits": 0,
          "bq_slot_cache_misses": 0,
          "mean_bq_mapped_candidates": 0.0,
          "mean_adaptive_ef_search": 0.0,
          "mean_vector_density_skew_ppm": 0.0,
          "selected_access_path": "AnnPostFilter",
          "property_path_cost": 0,
          "graph_path_cost": 0,
          "filtered_ann_path_cost": 0,
          "resident_heap_bytes": 53200116,
          "mapped_bytes": 26758086,
          "wal_bytes_delta": 0,
          "sidecar_bytes_delta": 0,
          "checkpoint_bytes_delta": 0,
          "temporary_spill_bytes_delta": 0
        },
        {
          "method": "tsng",
          "ef_search": 256,
          "metadata_bonus_cap_ppm": 100000,
          "signal_queue_quota_ppm": 0,
          "graph_seed_limit": 0,
          "p50_ms": 0.28350000000000003,
          "p95_ms": 0.5366000000000001,
          "p99_ms": 0.602,
          "mean_recall_at_10": 0.19687500000000002,
          "mean_ndcg_at_10": 0.20743867526184243,
          "mean_result_count": 10.0,
          "mean_navigation_scores": 3170.375,
          "mean_candidates_reranked": 256.0,
          "peak_candidates": 0,
          "peak_temp_bytes": 0,
          "estimated_vector_page_reads": 0,
          "estimated_payload_page_reads": 0,
          "estimated_graph_page_reads": 0,
          "mean_bq_posting_lookup_ms": 0.0,
          "mean_bq_node_mapping_ms": 0.0,
          "mean_bq_heap_scan_ms": 0.0,
          "mean_bq_output_sort_ms": 0.0,
          "bq_slot_cache_hits": 0,
          "bq_slot_cache_misses": 0,
          "mean_bq_mapped_candidates": 0.0,
          "mean_adaptive_ef_search": 0.0,
          "mean_vector_density_skew_ppm": 0.0,
          "selected_access_path": "AnnPostFilter",
          "property_path_cost": 0,
          "graph_path_cost": 0,
          "filtered_ann_path_cost": 0,
          "resident_heap_bytes": 53200116,
          "mapped_bytes": 26758086,
          "wal_bytes_delta": 0,
          "sidecar_bytes_delta": 0,
          "checkpoint_bytes_delta": 0,
          "temporary_spill_bytes_delta": 0
        },
        {
          "method": "tsng",
          "ef_search": 256,
          "metadata_bonus_cap_ppm": 100000,
          "signal_queue_quota_ppm": 0,
          "graph_seed_limit": 16,
          "p50_ms": 0.5249,
          "p95_ms": 0.5703,
          "p99_ms": 0.5837,
          "mean_recall_at_10": 0.5687499999999999,
          "mean_ndcg_at_10": 0.7810160975704403,
          "mean_result_count": 10.0,
          "mean_navigation_scores": 2432.125,
          "mean_candidates_reranked": 256.0,
          "peak_candidates": 0,
          "peak_temp_bytes": 0,
          "estimated_vector_page_reads": 0,
          "estimated_payload_page_reads": 0,
          "estimated_graph_page_reads": 0,
          "mean_bq_posting_lookup_ms": 0.0,
          "mean_bq_node_mapping_ms": 0.0,
          "mean_bq_heap_scan_ms": 0.0,
          "mean_bq_output_sort_ms": 0.0,
          "bq_slot_cache_hits": 0,
          "bq_slot_cache_misses": 0,
          "mean_bq_mapped_candidates": 0.0,
          "mean_adaptive_ef_search": 0.0,
          "mean_vector_density_skew_ppm": 0.0,
          "selected_access_path": "AnnPostFilter",
          "property_path_cost": 0,
          "graph_path_cost": 0,
          "filtered_ann_path_cost": 0,
          "resident_heap_bytes": 53200116,
          "mapped_bytes": 26758086,
          "wal_bytes_delta": 0,
          "sidecar_bytes_delta": 0,
          "checkpoint_bytes_delta": 0,
          "temporary_spill_bytes_delta": 0
        },
        {
          "method": "graph_union",
          "ef_search": 256,
          "metadata_bonus_cap_ppm": 100000,
          "signal_queue_quota_ppm": 0,
          "graph_seed_limit": 16,
          "p50_ms": 0.28259999999999996,
          "p95_ms": 0.3964,
          "p99_ms": 0.3977,
          "mean_recall_at_10": 0.29374999999999996,
          "mean_ndcg_at_10": 0.509346920252707,
          "mean_result_count": 10.0,
          "mean_navigation_scores": 3167.8125,
          "mean_candidates_reranked": 271.40625,
          "peak_candidates": 0,
          "peak_temp_bytes": 0,
          "estimated_vector_page_reads": 0,
          "estimated_payload_page_reads": 0,
          "estimated_graph_page_reads": 0,
          "mean_bq_posting_lookup_ms": 0.0,
          "mean_bq_node_mapping_ms": 0.0,
          "mean_bq_heap_scan_ms": 0.0,
          "mean_bq_output_sort_ms": 0.0,
          "bq_slot_cache_hits": 0,
          "bq_slot_cache_misses": 0,
          "mean_bq_mapped_candidates": 0.0,
          "mean_adaptive_ef_search": 0.0,
          "mean_vector_density_skew_ppm": 0.0,
          "selected_access_path": "AnnPostFilter",
          "property_path_cost": 0,
          "graph_path_cost": 0,
          "filtered_ann_path_cost": 0,
          "resident_heap_bytes": 53200116,
          "mapped_bytes": 26758086,
          "wal_bytes_delta": 0,
          "sidecar_bytes_delta": 0,
          "checkpoint_bytes_delta": 0,
          "temporary_spill_bytes_delta": 0
        },
        {
          "method": "tsng",
          "ef_search": 256,
          "metadata_bonus_cap_ppm": 100000,
          "signal_queue_quota_ppm": 0,
          "graph_seed_limit": 64,
          "p50_ms": 0.5231,
          "p95_ms": 0.5767,
          "p99_ms": 0.5821,
          "mean_recall_at_10": 0.5718749999999999,
          "mean_ndcg_at_10": 0.7818686537849838,
          "mean_result_count": 10.0,
          "mean_navigation_scores": 2445.09375,
          "mean_candidates_reranked": 256.0,
          "peak_candidates": 0,
          "peak_temp_bytes": 0,
          "estimated_vector_page_reads": 0,
          "estimated_payload_page_reads": 0,
          "estimated_graph_page_reads": 0,
          "mean_bq_posting_lookup_ms": 0.0,
          "mean_bq_node_mapping_ms": 0.0,
          "mean_bq_heap_scan_ms": 0.0,
          "mean_bq_output_sort_ms": 0.0,
          "bq_slot_cache_hits": 0,
          "bq_slot_cache_misses": 0,
          "mean_bq_mapped_candidates": 0.0,
          "mean_adaptive_ef_search": 0.0,
          "mean_vector_density_skew_ppm": 0.0,
          "selected_access_path": "AnnPostFilter",
          "property_path_cost": 0,
          "graph_path_cost": 0,
          "filtered_ann_path_cost": 0,
          "resident_heap_bytes": 53200116,
          "mapped_bytes": 26758086,
          "wal_bytes_delta": 0,
          "sidecar_bytes_delta": 0,
          "checkpoint_bytes_delta": 0,
          "temporary_spill_bytes_delta": 0
        },
        {
          "method": "graph_union",
          "ef_search": 256,
          "metadata_bonus_cap_ppm": 100000,
          "signal_queue_quota_ppm": 0,
          "graph_seed_limit": 64,
          "p50_ms": 0.3059,
          "p95_ms": 0.4206,
          "p99_ms": 0.4208,
          "mean_recall_at_10": 0.5218750000000001,
          "mean_ndcg_at_10": 0.7001717009207039,
          "mean_result_count": 10.0,
          "mean_navigation_scores": 3167.8125,
          "mean_candidates_reranked": 318.6875,
          "peak_candidates": 0,
          "peak_temp_bytes": 0,
          "estimated_vector_page_reads": 0,
          "estimated_payload_page_reads": 0,
          "estimated_graph_page_reads": 0,
          "mean_bq_posting_lookup_ms": 0.0,
          "mean_bq_node_mapping_ms": 0.0,
          "mean_bq_heap_scan_ms": 0.0,
          "mean_bq_output_sort_ms": 0.0,
          "bq_slot_cache_hits": 0,
          "bq_slot_cache_misses": 0,
          "mean_bq_mapped_candidates": 0.0,
          "mean_adaptive_ef_search": 0.0,
          "mean_vector_density_skew_ppm": 0.0,
          "selected_access_path": "AnnPostFilter",
          "property_path_cost": 0,
          "graph_path_cost": 0,
          "filtered_ann_path_cost": 0,
          "resident_heap_bytes": 53200116,
          "mapped_bytes": 26758086,
          "wal_bytes_delta": 0,
          "sidecar_bytes_delta": 0,
          "checkpoint_bytes_delta": 0,
          "temporary_spill_bytes_delta": 0
        },
        {
          "method": "tsng",
          "ef_search": 256,
          "metadata_bonus_cap_ppm": 100000,
          "signal_queue_quota_ppm": 0,
          "graph_seed_limit": 256,
          "p50_ms": 0.5323,
          "p95_ms": 0.6162,
          "p99_ms": 0.6171,
          "mean_recall_at_10": 0.575,
          "mean_ndcg_at_10": 0.7864996582971422,
          "mean_result_count": 10.0,
          "mean_navigation_scores": 2475.0625,
          "mean_candidates_reranked": 256.0,
          "peak_candidates": 0,
          "peak_temp_bytes": 0,
          "estimated_vector_page_reads": 0,
          "estimated_payload_page_reads": 0,
          "estimated_graph_page_reads": 0,
          "mean_bq_posting_lookup_ms": 0.0,
          "mean_bq_node_mapping_ms": 0.0,
          "mean_bq_heap_scan_ms": 0.0,
          "mean_bq_output_sort_ms": 0.0,
          "bq_slot_cache_hits": 0,
          "bq_slot_cache_misses": 0,
          "mean_bq_mapped_candidates": 0.0,
          "mean_adaptive_ef_search": 0.0,
          "mean_vector_density_skew_ppm": 0.0,
          "selected_access_path": "AnnPostFilter",
          "property_path_cost": 0,
          "graph_path_cost": 0,
          "filtered_ann_path_cost": 0,
          "resident_heap_bytes": 53200116,
          "mapped_bytes": 26758086,
          "wal_bytes_delta": 0,
          "sidecar_bytes_delta": 0,
          "checkpoint_bytes_delta": 0,
          "temporary_spill_bytes_delta": 0
        },
        {
          "method": "graph_union",
          "ef_search": 256,
          "metadata_bonus_cap_ppm": 100000,
          "signal_queue_quota_ppm": 0,
          "graph_seed_limit": 256,
          "p50_ms": 0.3657,
          "p95_ms": 0.4836,
          "p99_ms": 0.5175,
          "mean_recall_at_10": 1.0,
          "mean_ndcg_at_10": 1.0,
          "mean_result_count": 10.0,
          "mean_navigation_scores": 3167.8125,
          "mean_candidates_reranked": 407.96875,
          "peak_candidates": 0,
          "peak_temp_bytes": 0,
          "estimated_vector_page_reads": 0,
          "estimated_payload_page_reads": 0,
          "estimated_graph_page_reads": 0,
          "mean_bq_posting_lookup_ms": 0.0,
          "mean_bq_node_mapping_ms": 0.0,
          "mean_bq_heap_scan_ms": 0.0,
          "mean_bq_output_sort_ms": 0.0,
          "bq_slot_cache_hits": 0,
          "bq_slot_cache_misses": 0,
          "mean_bq_mapped_candidates": 0.0,
          "mean_adaptive_ef_search": 0.0,
          "mean_vector_density_skew_ppm": 0.0,
          "selected_access_path": "AnnPostFilter",
          "property_path_cost": 0,
          "graph_path_cost": 0,
          "filtered_ann_path_cost": 0,
          "resident_heap_bytes": 53200116,
          "mapped_bytes": 26758086,
          "wal_bytes_delta": 0,
          "sidecar_bytes_delta": 0,
          "checkpoint_bytes_delta": 0,
          "temporary_spill_bytes_delta": 0
        },
        {
          "method": "tsng",
          "ef_search": 256,
          "metadata_bonus_cap_ppm": 100000,
          "signal_queue_quota_ppm": 100000,
          "graph_seed_limit": 0,
          "p50_ms": 0.4967,
          "p95_ms": 0.8595,
          "p99_ms": 0.9128,
          "mean_recall_at_10": 0.153125,
          "mean_ndcg_at_10": 0.20056277508939163,
          "mean_result_count": 10.0,
          "mean_navigation_scores": 3445.90625,
          "mean_candidates_reranked": 256.0,
          "peak_candidates": 0,
          "peak_temp_bytes": 0,
          "estimated_vector_page_reads": 0,
          "estimated_payload_page_reads": 0,
          "estimated_graph_page_reads": 0,
          "mean_bq_posting_lookup_ms": 0.0,
          "mean_bq_node_mapping_ms": 0.0,
          "mean_bq_heap_scan_ms": 0.0,
          "mean_bq_output_sort_ms": 0.0,
          "bq_slot_cache_hits": 0,
          "bq_slot_cache_misses": 0,
          "mean_bq_mapped_candidates": 0.0,
          "mean_adaptive_ef_search": 0.0,
          "mean_vector_density_skew_ppm": 0.0,
          "selected_access_path": "AnnPostFilter",
          "property_path_cost": 0,
          "graph_path_cost": 0,
          "filtered_ann_path_cost": 0,
          "resident_heap_bytes": 53200116,
          "mapped_bytes": 26758086,
          "wal_bytes_delta": 0,
          "sidecar_bytes_delta": 0,
          "checkpoint_bytes_delta": 0,
          "temporary_spill_bytes_delta": 0
        },
        {
          "method": "tsng",
          "ef_search": 256,
          "metadata_bonus_cap_ppm": 100000,
          "signal_queue_quota_ppm": 100000,
          "graph_seed_limit": 16,
          "p50_ms": 0.491,
          "p95_ms": 0.5186999999999999,
          "p99_ms": 0.5196000000000001,
          "mean_recall_at_10": 0.5687499999999999,
          "mean_ndcg_at_10": 0.7810160975704403,
          "mean_result_count": 10.0,
          "mean_navigation_scores": 2429.46875,
          "mean_candidates_reranked": 256.0,
          "peak_candidates": 0,
          "peak_temp_bytes": 0,
          "estimated_vector_page_reads": 0,
          "estimated_payload_page_reads": 0,
          "estimated_graph_page_reads": 0,
          "mean_bq_posting_lookup_ms": 0.0,
          "mean_bq_node_mapping_ms": 0.0,
          "mean_bq_heap_scan_ms": 0.0,
          "mean_bq_output_sort_ms": 0.0,
          "bq_slot_cache_hits": 0,
          "bq_slot_cache_misses": 0,
          "mean_bq_mapped_candidates": 0.0,
          "mean_adaptive_ef_search": 0.0,
          "mean_vector_density_skew_ppm": 0.0,
          "selected_access_path": "AnnPostFilter",
          "property_path_cost": 0,
          "graph_path_cost": 0,
          "filtered_ann_path_cost": 0,
          "resident_heap_bytes": 53200116,
          "mapped_bytes": 26758086,
          "wal_bytes_delta": 0,
          "sidecar_bytes_delta": 0,
          "checkpoint_bytes_delta": 0,
          "temporary_spill_bytes_delta": 0
        },
        {
          "method": "tsng",
          "ef_search": 256,
          "metadata_bonus_cap_ppm": 100000,
          "signal_queue_quota_ppm": 100000,
          "graph_seed_limit": 64,
          "p50_ms": 0.5242,
          "p95_ms": 0.5629,
          "p99_ms": 0.5772,
          "mean_recall_at_10": 0.5718749999999999,
          "mean_ndcg_at_10": 0.7818686537849838,
          "mean_result_count": 10.0,
          "mean_navigation_scores": 2442.25,
          "mean_candidates_reranked": 256.0,
          "peak_candidates": 0,
          "peak_temp_bytes": 0,
          "estimated_vector_page_reads": 0,
          "estimated_payload_page_reads": 0,
          "estimated_graph_page_reads": 0,
          "mean_bq_posting_lookup_ms": 0.0,
          "mean_bq_node_mapping_ms": 0.0,
          "mean_bq_heap_scan_ms": 0.0,
          "mean_bq_output_sort_ms": 0.0,
          "bq_slot_cache_hits": 0,
          "bq_slot_cache_misses": 0,
          "mean_bq_mapped_candidates": 0.0,
          "mean_adaptive_ef_search": 0.0,
          "mean_vector_density_skew_ppm": 0.0,
          "selected_access_path": "AnnPostFilter",
          "property_path_cost": 0,
          "graph_path_cost": 0,
          "filtered_ann_path_cost": 0,
          "resident_heap_bytes": 53200116,
          "mapped_bytes": 26758086,
          "wal_bytes_delta": 0,
          "sidecar_bytes_delta": 0,
          "checkpoint_bytes_delta": 0,
          "temporary_spill_bytes_delta": 0
        },
        {
          "method": "tsng",
          "ef_search": 256,
          "metadata_bonus_cap_ppm": 100000,
          "signal_queue_quota_ppm": 100000,
          "graph_seed_limit": 256,
          "p50_ms": 0.5218,
          "p95_ms": 0.7192000000000001,
          "p99_ms": 0.8293,
          "mean_recall_at_10": 0.575,
          "mean_ndcg_at_10": 0.7864996582971422,
          "mean_result_count": 10.0,
          "mean_navigation_scores": 2471.125,
          "mean_candidates_reranked": 256.0,
          "peak_candidates": 0,
          "peak_temp_bytes": 0,
          "estimated_vector_page_reads": 0,
          "estimated_payload_page_reads": 0,
          "estimated_graph_page_reads": 0,
          "mean_bq_posting_lookup_ms": 0.0,
          "mean_bq_node_mapping_ms": 0.0,
          "mean_bq_heap_scan_ms": 0.0,
          "mean_bq_output_sort_ms": 0.0,
          "bq_slot_cache_hits": 0,
          "bq_slot_cache_misses": 0,
          "mean_bq_mapped_candidates": 0.0,
          "mean_adaptive_ef_search": 0.0,
          "mean_vector_density_skew_ppm": 0.0,
          "selected_access_path": "AnnPostFilter",
          "property_path_cost": 0,
          "graph_path_cost": 0,
          "filtered_ann_path_cost": 0,
          "resident_heap_bytes": 53200116,
          "mapped_bytes": 26758086,
          "wal_bytes_delta": 0,
          "sidecar_bytes_delta": 0,
          "checkpoint_bytes_delta": 0,
          "temporary_spill_bytes_delta": 0
        },
        {
          "method": "tsng",
          "ef_search": 256,
          "metadata_bonus_cap_ppm": 100000,
          "signal_queue_quota_ppm": 200000,
          "graph_seed_limit": 0,
          "p50_ms": 0.49989999999999996,
          "p95_ms": 0.855,
          "p99_ms": 0.9261,
          "mean_recall_at_10": 0.15625,
          "mean_ndcg_at_10": 0.20170914010911956,
          "mean_result_count": 10.0,
          "mean_navigation_scores": 3446.15625,
          "mean_candidates_reranked": 256.0,
          "peak_candidates": 0,
          "peak_temp_bytes": 0,
          "estimated_vector_page_reads": 0,
          "estimated_payload_page_reads": 0,
          "estimated_graph_page_reads": 0,
          "mean_bq_posting_lookup_ms": 0.0,
          "mean_bq_node_mapping_ms": 0.0,
          "mean_bq_heap_scan_ms": 0.0,
          "mean_bq_output_sort_ms": 0.0,
          "bq_slot_cache_hits": 0,
          "bq_slot_cache_misses": 0,
          "mean_bq_mapped_candidates": 0.0,
          "mean_adaptive_ef_search": 0.0,
          "mean_vector_density_skew_ppm": 0.0,
          "selected_access_path": "AnnPostFilter",
          "property_path_cost": 0,
          "graph_path_cost": 0,
          "filtered_ann_path_cost": 0,
          "resident_heap_bytes": 53200116,
          "mapped_bytes": 26758086,
          "wal_bytes_delta": 0,
          "sidecar_bytes_delta": 0,
          "checkpoint_bytes_delta": 0,
          "temporary_spill_bytes_delta": 0
        },
        {
          "method": "tsng",
          "ef_search": 256,
          "metadata_bonus_cap_ppm": 100000,
          "signal_queue_quota_ppm": 200000,
          "graph_seed_limit": 16,
          "p50_ms": 0.4943,
          "p95_ms": 0.5403,
          "p99_ms": 0.546,
          "mean_recall_at_10": 0.5781249999999999,
          "mean_ndcg_at_10": 0.7857310173691789,
          "mean_result_count": 10.0,
          "mean_navigation_scores": 2430.0,
          "mean_candidates_reranked": 256.0,
          "peak_candidates": 0,
          "peak_temp_bytes": 0,
          "estimated_vector_page_reads": 0,
          "estimated_payload_page_reads": 0,
          "estimated_graph_page_reads": 0,
          "mean_bq_posting_lookup_ms": 0.0,
          "mean_bq_node_mapping_ms": 0.0,
          "mean_bq_heap_scan_ms": 0.0,
          "mean_bq_output_sort_ms": 0.0,
          "bq_slot_cache_hits": 0,
          "bq_slot_cache_misses": 0,
          "mean_bq_mapped_candidates": 0.0,
          "mean_adaptive_ef_search": 0.0,
          "mean_vector_density_skew_ppm": 0.0,
          "selected_access_path": "AnnPostFilter",
          "property_path_cost": 0,
          "graph_path_cost": 0,
          "filtered_ann_path_cost": 0,
          "resident_heap_bytes": 53200116,
          "mapped_bytes": 26758086,
          "wal_bytes_delta": 0,
          "sidecar_bytes_delta": 0,
          "checkpoint_bytes_delta": 0,
          "temporary_spill_bytes_delta": 0
        },
        {
          "method": "tsng",
          "ef_search": 256,
          "metadata_bonus_cap_ppm": 100000,
          "signal_queue_quota_ppm": 200000,
          "graph_seed_limit": 64,
          "p50_ms": 0.5114,
          "p95_ms": 0.5816,
          "p99_ms": 0.5925,
          "mean_recall_at_10": 0.5812499999999999,
          "mean_ndcg_at_10": 0.7865835735837224,
          "mean_result_count": 10.0,
          "mean_navigation_scores": 2442.53125,
          "mean_candidates_reranked": 256.0,
          "peak_candidates": 0,
          "peak_temp_bytes": 0,
          "estimated_vector_page_reads": 0,
          "estimated_payload_page_reads": 0,
          "estimated_graph_page_reads": 0,
          "mean_bq_posting_lookup_ms": 0.0,
          "mean_bq_node_mapping_ms": 0.0,
          "mean_bq_heap_scan_ms": 0.0,
          "mean_bq_output_sort_ms": 0.0,
          "bq_slot_cache_hits": 0,
          "bq_slot_cache_misses": 0,
          "mean_bq_mapped_candidates": 0.0,
          "mean_adaptive_ef_search": 0.0,
          "mean_vector_density_skew_ppm": 0.0,
          "selected_access_path": "AnnPostFilter",
          "property_path_cost": 0,
          "graph_path_cost": 0,
          "filtered_ann_path_cost": 0,
          "resident_heap_bytes": 53200116,
          "mapped_bytes": 26758086,
          "wal_bytes_delta": 0,
          "sidecar_bytes_delta": 0,
          "checkpoint_bytes_delta": 0,
          "temporary_spill_bytes_delta": 0
        },
        {
          "method": "tsng",
          "ef_search": 256,
          "metadata_bonus_cap_ppm": 100000,
          "signal_queue_quota_ppm": 200000,
          "graph_seed_limit": 256,
          "p50_ms": 0.5142,
          "p95_ms": 0.5553,
          "p99_ms": 0.5962,
          "mean_recall_at_10": 0.5812499999999999,
          "mean_ndcg_at_10": 0.7889477083231425,
          "mean_result_count": 10.0,
          "mean_navigation_scores": 2471.4375,
          "mean_candidates_reranked": 256.0,
          "peak_candidates": 0,
          "peak_temp_bytes": 0,
          "estimated_vector_page_reads": 0,
          "estimated_payload_page_reads": 0,
          "estimated_graph_page_reads": 0,
          "mean_bq_posting_lookup_ms": 0.0,
          "mean_bq_node_mapping_ms": 0.0,
          "mean_bq_heap_scan_ms": 0.0,
          "mean_bq_output_sort_ms": 0.0,
          "bq_slot_cache_hits": 0,
          "bq_slot_cache_misses": 0,
          "mean_bq_mapped_candidates": 0.0,
          "mean_adaptive_ef_search": 0.0,
          "mean_vector_density_skew_ppm": 0.0,
          "selected_access_path": "AnnPostFilter",
          "property_path_cost": 0,
          "graph_path_cost": 0,
          "filtered_ann_path_cost": 0,
          "resident_heap_bytes": 53200116,
          "mapped_bytes": 26758086,
          "wal_bytes_delta": 0,
          "sidecar_bytes_delta": 0,
          "checkpoint_bytes_delta": 0,
          "temporary_spill_bytes_delta": 0
        },
        {
          "method": "tsng",
          "ef_search": 256,
          "metadata_bonus_cap_ppm": 100000,
          "signal_queue_quota_ppm": 250000,
          "graph_seed_limit": 0,
          "p50_ms": 0.5148,
          "p95_ms": 0.8934000000000001,
          "p99_ms": 0.9121999999999999,
          "mean_recall_at_10": 0.16875,
          "mean_ndcg_at_10": 0.21147625412030926,
          "mean_result_count": 10.0,
          "mean_navigation_scores": 3446.15625,
          "mean_candidates_reranked": 256.0,
          "peak_candidates": 0,
          "peak_temp_bytes": 0,
          "estimated_vector_page_reads": 0,
          "estimated_payload_page_reads": 0,
          "estimated_graph_page_reads": 0,
          "mean_bq_posting_lookup_ms": 0.0,
          "mean_bq_node_mapping_ms": 0.0,
          "mean_bq_heap_scan_ms": 0.0,
          "mean_bq_output_sort_ms": 0.0,
          "bq_slot_cache_hits": 0,
          "bq_slot_cache_misses": 0,
          "mean_bq_mapped_candidates": 0.0,
          "mean_adaptive_ef_search": 0.0,
          "mean_vector_density_skew_ppm": 0.0,
          "selected_access_path": "AnnPostFilter",
          "property_path_cost": 0,
          "graph_path_cost": 0,
          "filtered_ann_path_cost": 0,
          "resident_heap_bytes": 53200116,
          "mapped_bytes": 26758086,
          "wal_bytes_delta": 0,
          "sidecar_bytes_delta": 0,
          "checkpoint_bytes_delta": 0,
          "temporary_spill_bytes_delta": 0
        },
        {
          "method": "tsng",
          "ef_search": 256,
          "metadata_bonus_cap_ppm": 100000,
          "signal_queue_quota_ppm": 250000,
          "graph_seed_limit": 16,
          "p50_ms": 0.4893,
          "p95_ms": 0.527,
          "p99_ms": 0.5328,
          "mean_recall_at_10": 0.6124999999999999,
          "mean_ndcg_at_10": 0.8113093141645925,
          "mean_result_count": 10.0,
          "mean_navigation_scores": 2430.1875,
          "mean_candidates_reranked": 256.0,
          "peak_candidates": 0,
          "peak_temp_bytes": 0,
          "estimated_vector_page_reads": 0,
          "estimated_payload_page_reads": 0,
          "estimated_graph_page_reads": 0,
          "mean_bq_posting_lookup_ms": 0.0,
          "mean_bq_node_mapping_ms": 0.0,
          "mean_bq_heap_scan_ms": 0.0,
          "mean_bq_output_sort_ms": 0.0,
          "bq_slot_cache_hits": 0,
          "bq_slot_cache_misses": 0,
          "mean_bq_mapped_candidates": 0.0,
          "mean_adaptive_ef_search": 0.0,
          "mean_vector_density_skew_ppm": 0.0,
          "selected_access_path": "AnnPostFilter",
          "property_path_cost": 0,
          "graph_path_cost": 0,
          "filtered_ann_path_cost": 0,
          "resident_heap_bytes": 53200116,
          "mapped_bytes": 26758086,
          "wal_bytes_delta": 0,
          "sidecar_bytes_delta": 0,
          "checkpoint_bytes_delta": 0,
          "temporary_spill_bytes_delta": 0
        },
        {
          "method": "tsng",
          "ef_search": 256,
          "metadata_bonus_cap_ppm": 100000,
          "signal_queue_quota_ppm": 250000,
          "graph_seed_limit": 64,
          "p50_ms": 0.5073,
          "p95_ms": 0.587,
          "p99_ms": 0.5911,
          "mean_recall_at_10": 0.609375,
          "mean_ndcg_at_10": 0.8050331371605389,
          "mean_result_count": 10.0,
          "mean_navigation_scores": 2442.71875,
          "mean_candidates_reranked": 256.0,
          "peak_candidates": 0,
          "peak_temp_bytes": 0,
          "estimated_vector_page_reads": 0,
          "estimated_payload_page_reads": 0,
          "estimated_graph_page_reads": 0,
          "mean_bq_posting_lookup_ms": 0.0,
          "mean_bq_node_mapping_ms": 0.0,
          "mean_bq_heap_scan_ms": 0.0,
          "mean_bq_output_sort_ms": 0.0,
          "bq_slot_cache_hits": 0,
          "bq_slot_cache_misses": 0,
          "mean_bq_mapped_candidates": 0.0,
          "mean_adaptive_ef_search": 0.0,
          "mean_vector_density_skew_ppm": 0.0,
          "selected_access_path": "AnnPostFilter",
          "property_path_cost": 0,
          "graph_path_cost": 0,
          "filtered_ann_path_cost": 0,
          "resident_heap_bytes": 53200116,
          "mapped_bytes": 26758086,
          "wal_bytes_delta": 0,
          "sidecar_bytes_delta": 0,
          "checkpoint_bytes_delta": 0,
          "temporary_spill_bytes_delta": 0
        },
        {
          "method": "tsng",
          "ef_search": 256,
          "metadata_bonus_cap_ppm": 100000,
          "signal_queue_quota_ppm": 250000,
          "graph_seed_limit": 256,
          "p50_ms": 0.5202,
          "p95_ms": 0.5547,
          "p99_ms": 0.5605,
          "mean_recall_at_10": 0.6125,
          "mean_ndcg_at_10": 0.8096641416726974,
          "mean_result_count": 10.0,
          "mean_navigation_scores": 2471.5625,
          "mean_candidates_reranked": 256.0,
          "peak_candidates": 0,
          "peak_temp_bytes": 0,
          "estimated_vector_page_reads": 0,
          "estimated_payload_page_reads": 0,
          "estimated_graph_page_reads": 0,
          "mean_bq_posting_lookup_ms": 0.0,
          "mean_bq_node_mapping_ms": 0.0,
          "mean_bq_heap_scan_ms": 0.0,
          "mean_bq_output_sort_ms": 0.0,
          "bq_slot_cache_hits": 0,
          "bq_slot_cache_misses": 0,
          "mean_bq_mapped_candidates": 0.0,
          "mean_adaptive_ef_search": 0.0,
          "mean_vector_density_skew_ppm": 0.0,
          "selected_access_path": "AnnPostFilter",
          "property_path_cost": 0,
          "graph_path_cost": 0,
          "filtered_ann_path_cost": 0,
          "resident_heap_bytes": 53200116,
          "mapped_bytes": 26758086,
          "wal_bytes_delta": 0,
          "sidecar_bytes_delta": 0,
          "checkpoint_bytes_delta": 0,
          "temporary_spill_bytes_delta": 0
        },
        {
          "method": "tsng",
          "ef_search": 256,
          "metadata_bonus_cap_ppm": 100000,
          "signal_queue_quota_ppm": 330000,
          "graph_seed_limit": 0,
          "p50_ms": 0.505,
          "p95_ms": 0.889,
          "p99_ms": 0.9233,
          "mean_recall_at_10": 0.190625,
          "mean_ndcg_at_10": 0.21787851104630523,
          "mean_result_count": 10.0,
          "mean_navigation_scores": 3446.15625,
          "mean_candidates_reranked": 256.0,
          "peak_candidates": 0,
          "peak_temp_bytes": 0,
          "estimated_vector_page_reads": 0,
          "estimated_payload_page_reads": 0,
          "estimated_graph_page_reads": 0,
          "mean_bq_posting_lookup_ms": 0.0,
          "mean_bq_node_mapping_ms": 0.0,
          "mean_bq_heap_scan_ms": 0.0,
          "mean_bq_output_sort_ms": 0.0,
          "bq_slot_cache_hits": 0,
          "bq_slot_cache_misses": 0,
          "mean_bq_mapped_candidates": 0.0,
          "mean_adaptive_ef_search": 0.0,
          "mean_vector_density_skew_ppm": 0.0,
          "selected_access_path": "AnnPostFilter",
          "property_path_cost": 0,
          "graph_path_cost": 0,
          "filtered_ann_path_cost": 0,
          "resident_heap_bytes": 53200116,
          "mapped_bytes": 26758086,
          "wal_bytes_delta": 0,
          "sidecar_bytes_delta": 0,
          "checkpoint_bytes_delta": 0,
          "temporary_spill_bytes_delta": 0
        },
        {
          "method": "tsng",
          "ef_search": 256,
          "metadata_bonus_cap_ppm": 100000,
          "signal_queue_quota_ppm": 330000,
          "graph_seed_limit": 16,
          "p50_ms": 0.5232,
          "p95_ms": 0.5988,
          "p99_ms": 0.6056,
          "mean_recall_at_10": 0.6968749999999999,
          "mean_ndcg_at_10": 0.8636069850833621,
          "mean_result_count": 10.0,
          "mean_navigation_scores": 2430.53125,
          "mean_candidates_reranked": 256.0,
          "peak_candidates": 0,
          "peak_temp_bytes": 0,
          "estimated_vector_page_reads": 0,
          "estimated_payload_page_reads": 0,
          "estimated_graph_page_reads": 0,
          "mean_bq_posting_lookup_ms": 0.0,
          "mean_bq_node_mapping_ms": 0.0,
          "mean_bq_heap_scan_ms": 0.0,
          "mean_bq_output_sort_ms": 0.0,
          "bq_slot_cache_hits": 0,
          "bq_slot_cache_misses": 0,
          "mean_bq_mapped_candidates": 0.0,
          "mean_adaptive_ef_search": 0.0,
          "mean_vector_density_skew_ppm": 0.0,
          "selected_access_path": "AnnPostFilter",
          "property_path_cost": 0,
          "graph_path_cost": 0,
          "filtered_ann_path_cost": 0,
          "resident_heap_bytes": 53200116,
          "mapped_bytes": 26758086,
          "wal_bytes_delta": 0,
          "sidecar_bytes_delta": 0,
          "checkpoint_bytes_delta": 0,
          "temporary_spill_bytes_delta": 0
        },
        {
          "method": "tsng",
          "ef_search": 256,
          "metadata_bonus_cap_ppm": 100000,
          "signal_queue_quota_ppm": 330000,
          "graph_seed_limit": 64,
          "p50_ms": 0.5174,
          "p95_ms": 0.5749000000000001,
          "p99_ms": 0.5783999999999999,
          "mean_recall_at_10": 0.7,
          "mean_ndcg_at_10": 0.8644595412979056,
          "mean_result_count": 10.0,
          "mean_navigation_scores": 2443.0625,
          "mean_candidates_reranked": 256.0,
          "peak_candidates": 0,
          "peak_temp_bytes": 0,
          "estimated_vector_page_reads": 0,
          "estimated_payload_page_reads": 0,
          "estimated_graph_page_reads": 0,
          "mean_bq_posting_lookup_ms": 0.0,
          "mean_bq_node_mapping_ms": 0.0,
          "mean_bq_heap_scan_ms": 0.0,
          "mean_bq_output_sort_ms": 0.0,
          "bq_slot_cache_hits": 0,
          "bq_slot_cache_misses": 0,
          "mean_bq_mapped_candidates": 0.0,
          "mean_adaptive_ef_search": 0.0,
          "mean_vector_density_skew_ppm": 0.0,
          "selected_access_path": "AnnPostFilter",
          "property_path_cost": 0,
          "graph_path_cost": 0,
          "filtered_ann_path_cost": 0,
          "resident_heap_bytes": 53200116,
          "mapped_bytes": 26758086,
          "wal_bytes_delta": 0,
          "sidecar_bytes_delta": 0,
          "checkpoint_bytes_delta": 0,
          "temporary_spill_bytes_delta": 0
        },
        {
          "method": "tsng",
          "ef_search": 256,
          "metadata_bonus_cap_ppm": 100000,
          "signal_queue_quota_ppm": 330000,
          "graph_seed_limit": 256,
          "p50_ms": 0.5273,
          "p95_ms": 0.5761,
          "p99_ms": 0.6345,
          "mean_recall_at_10": 0.7,
          "mean_ndcg_at_10": 0.8665045286315548,
          "mean_result_count": 10.0,
          "mean_navigation_scores": 2471.5625,
          "mean_candidates_reranked": 256.0,
          "peak_candidates": 0,
          "peak_temp_bytes": 0,
          "estimated_vector_page_reads": 0,
          "estimated_payload_page_reads": 0,
          "estimated_graph_page_reads": 0,
          "mean_bq_posting_lookup_ms": 0.0,
          "mean_bq_node_mapping_ms": 0.0,
          "mean_bq_heap_scan_ms": 0.0,
          "mean_bq_output_sort_ms": 0.0,
          "bq_slot_cache_hits": 0,
          "bq_slot_cache_misses": 0,
          "mean_bq_mapped_candidates": 0.0,
          "mean_adaptive_ef_search": 0.0,
          "mean_vector_density_skew_ppm": 0.0,
          "selected_access_path": "AnnPostFilter",
          "property_path_cost": 0,
          "graph_path_cost": 0,
          "filtered_ann_path_cost": 0,
          "resident_heap_bytes": 53200116,
          "mapped_bytes": 26758086,
          "wal_bytes_delta": 0,
          "sidecar_bytes_delta": 0,
          "checkpoint_bytes_delta": 0,
          "temporary_spill_bytes_delta": 0
        },
        {
          "method": "tsng",
          "ef_search": 256,
          "metadata_bonus_cap_ppm": 100000,
          "signal_queue_quota_ppm": 500000,
          "graph_seed_limit": 0,
          "p50_ms": 0.5455,
          "p95_ms": 0.8920999999999999,
          "p99_ms": 0.9126,
          "mean_recall_at_10": 0.21562500000000004,
          "mean_ndcg_at_10": 0.23318973097689052,
          "mean_result_count": 10.0,
          "mean_navigation_scores": 3446.15625,
          "mean_candidates_reranked": 256.0,
          "peak_candidates": 0,
          "peak_temp_bytes": 0,
          "estimated_vector_page_reads": 0,
          "estimated_payload_page_reads": 0,
          "estimated_graph_page_reads": 0,
          "mean_bq_posting_lookup_ms": 0.0,
          "mean_bq_node_mapping_ms": 0.0,
          "mean_bq_heap_scan_ms": 0.0,
          "mean_bq_output_sort_ms": 0.0,
          "bq_slot_cache_hits": 0,
          "bq_slot_cache_misses": 0,
          "mean_bq_mapped_candidates": 0.0,
          "mean_adaptive_ef_search": 0.0,
          "mean_vector_density_skew_ppm": 0.0,
          "selected_access_path": "AnnPostFilter",
          "property_path_cost": 0,
          "graph_path_cost": 0,
          "filtered_ann_path_cost": 0,
          "resident_heap_bytes": 53200116,
          "mapped_bytes": 26758086,
          "wal_bytes_delta": 0,
          "sidecar_bytes_delta": 0,
          "checkpoint_bytes_delta": 0,
          "temporary_spill_bytes_delta": 0
        },
        {
          "method": "tsng",
          "ef_search": 256,
          "metadata_bonus_cap_ppm": 100000,
          "signal_queue_quota_ppm": 500000,
          "graph_seed_limit": 16,
          "p50_ms": 0.5035999999999999,
          "p95_ms": 0.5942000000000001,
          "p99_ms": 0.6116,
          "mean_recall_at_10": 0.8374999999999998,
          "mean_ndcg_at_10": 0.9254342515194357,
          "mean_result_count": 10.0,
          "mean_navigation_scores": 2430.59375,
          "mean_candidates_reranked": 256.0,
          "peak_candidates": 0,
          "peak_temp_bytes": 0,
          "estimated_vector_page_reads": 0,
          "estimated_payload_page_reads": 0,
          "estimated_graph_page_reads": 0,
          "mean_bq_posting_lookup_ms": 0.0,
          "mean_bq_node_mapping_ms": 0.0,
          "mean_bq_heap_scan_ms": 0.0,
          "mean_bq_output_sort_ms": 0.0,
          "bq_slot_cache_hits": 0,
          "bq_slot_cache_misses": 0,
          "mean_bq_mapped_candidates": 0.0,
          "mean_adaptive_ef_search": 0.0,
          "mean_vector_density_skew_ppm": 0.0,
          "selected_access_path": "AnnPostFilter",
          "property_path_cost": 0,
          "graph_path_cost": 0,
          "filtered_ann_path_cost": 0,
          "resident_heap_bytes": 53200116,
          "mapped_bytes": 26758086,
          "wal_bytes_delta": 0,
          "sidecar_bytes_delta": 0,
          "checkpoint_bytes_delta": 0,
          "temporary_spill_bytes_delta": 0
        },
        {
          "method": "tsng",
          "ef_search": 256,
          "metadata_bonus_cap_ppm": 100000,
          "signal_queue_quota_ppm": 500000,
          "graph_seed_limit": 64,
          "p50_ms": 0.504,
          "p95_ms": 0.565,
          "p99_ms": 0.5834,
          "mean_recall_at_10": 0.8437499999999999,
          "mean_ndcg_at_10": 0.9288102182593515,
          "mean_result_count": 10.0,
          "mean_navigation_scores": 2443.125,
          "mean_candidates_reranked": 256.0,
          "peak_candidates": 0,
          "peak_temp_bytes": 0,
          "estimated_vector_page_reads": 0,
          "estimated_payload_page_reads": 0,
          "estimated_graph_page_reads": 0,
          "mean_bq_posting_lookup_ms": 0.0,
          "mean_bq_node_mapping_ms": 0.0,
          "mean_bq_heap_scan_ms": 0.0,
          "mean_bq_output_sort_ms": 0.0,
          "bq_slot_cache_hits": 0,
          "bq_slot_cache_misses": 0,
          "mean_bq_mapped_candidates": 0.0,
          "mean_adaptive_ef_search": 0.0,
          "mean_vector_density_skew_ppm": 0.0,
          "selected_access_path": "AnnPostFilter",
          "property_path_cost": 0,
          "graph_path_cost": 0,
          "filtered_ann_path_cost": 0,
          "resident_heap_bytes": 53200116,
          "mapped_bytes": 26758086,
          "wal_bytes_delta": 0,
          "sidecar_bytes_delta": 0,
          "checkpoint_bytes_delta": 0,
          "temporary_spill_bytes_delta": 0
        },
        {
          "method": "tsng",
          "ef_search": 256,
          "metadata_bonus_cap_ppm": 100000,
          "signal_queue_quota_ppm": 500000,
          "graph_seed_limit": 256,
          "p50_ms": 0.5265,
          "p95_ms": 0.6073,
          "p99_ms": 0.6779000000000001,
          "mean_recall_at_10": 0.8468749999999998,
          "mean_ndcg_at_10": 0.9338218887337592,
          "mean_result_count": 10.0,
          "mean_navigation_scores": 2472.0,
          "mean_candidates_reranked": 256.0,
          "peak_candidates": 0,
          "peak_temp_bytes": 0,
          "estimated_vector_page_reads": 0,
          "estimated_payload_page_reads": 0,
          "estimated_graph_page_reads": 0,
          "mean_bq_posting_lookup_ms": 0.0,
          "mean_bq_node_mapping_ms": 0.0,
          "mean_bq_heap_scan_ms": 0.0,
          "mean_bq_output_sort_ms": 0.0,
          "bq_slot_cache_hits": 0,
          "bq_slot_cache_misses": 0,
          "mean_bq_mapped_candidates": 0.0,
          "mean_adaptive_ef_search": 0.0,
          "mean_vector_density_skew_ppm": 0.0,
          "selected_access_path": "AnnPostFilter",
          "property_path_cost": 0,
          "graph_path_cost": 0,
          "filtered_ann_path_cost": 0,
          "resident_heap_bytes": 53200116,
          "mapped_bytes": 26758086,
          "wal_bytes_delta": 0,
          "sidecar_bytes_delta": 0,
          "checkpoint_bytes_delta": 0,
          "temporary_spill_bytes_delta": 0
        },
        {
          "method": "industrial_fixed",
          "ef_search": 512,
          "metadata_bonus_cap_ppm": 0,
          "signal_queue_quota_ppm": 0,
          "graph_seed_limit": 0,
          "p50_ms": 0.6786,
          "p95_ms": 0.9104,
          "p99_ms": 0.9672,
          "mean_recall_at_10": 1.0,
          "mean_ndcg_at_10": 1.0,
          "mean_result_count": 10.0,
          "mean_navigation_scores": 4608.625,
          "mean_candidates_reranked": 658.03125,
          "peak_candidates": 667,
          "peak_temp_bytes": 10672,
          "estimated_vector_page_reads": 1328,
          "estimated_payload_page_reads": 21057,
          "estimated_graph_page_reads": 32,
          "mean_bq_posting_lookup_ms": 0.0,
          "mean_bq_node_mapping_ms": 0.0,
          "mean_bq_heap_scan_ms": 0.0,
          "mean_bq_output_sort_ms": 0.0,
          "bq_slot_cache_hits": 0,
          "bq_slot_cache_misses": 0,
          "mean_bq_mapped_candidates": 0.0,
          "mean_adaptive_ef_search": 512.0,
          "mean_vector_density_skew_ppm": 1000000.0,
          "selected_access_path": "GraphVectorUnion",
          "property_path_cost": 18446744073709551615,
          "graph_path_cost": 10944,
          "filtered_ann_path_cost": 18446744073709551615,
          "resident_heap_bytes": 53200116,
          "mapped_bytes": 26758086,
          "wal_bytes_delta": 0,
          "sidecar_bytes_delta": 0,
          "checkpoint_bytes_delta": 0,
          "temporary_spill_bytes_delta": 0
        },
        {
          "method": "industrial_selectivity",
          "ef_search": 512,
          "metadata_bonus_cap_ppm": 0,
          "signal_queue_quota_ppm": 0,
          "graph_seed_limit": 0,
          "p50_ms": 0.6378999999999999,
          "p95_ms": 0.8336,
          "p99_ms": 0.8478,
          "mean_recall_at_10": 1.0,
          "mean_ndcg_at_10": 1.0,
          "mean_result_count": 10.0,
          "mean_navigation_scores": 4608.625,
          "mean_candidates_reranked": 658.03125,
          "peak_candidates": 667,
          "peak_temp_bytes": 10672,
          "estimated_vector_page_reads": 1328,
          "estimated_payload_page_reads": 21057,
          "estimated_graph_page_reads": 32,
          "mean_bq_posting_lookup_ms": 0.0,
          "mean_bq_node_mapping_ms": 0.0,
          "mean_bq_heap_scan_ms": 0.0,
          "mean_bq_output_sort_ms": 0.0,
          "bq_slot_cache_hits": 0,
          "bq_slot_cache_misses": 0,
          "mean_bq_mapped_candidates": 0.0,
          "mean_adaptive_ef_search": 512.0,
          "mean_vector_density_skew_ppm": 1000000.0,
          "selected_access_path": "GraphVectorUnion",
          "property_path_cost": 18446744073709551615,
          "graph_path_cost": 10944,
          "filtered_ann_path_cost": 18446744073709551615,
          "resident_heap_bytes": 53200116,
          "mapped_bytes": 26758086,
          "wal_bytes_delta": 0,
          "sidecar_bytes_delta": 0,
          "checkpoint_bytes_delta": 0,
          "temporary_spill_bytes_delta": 0
        },
        {
          "method": "industrial_density",
          "ef_search": 512,
          "metadata_bonus_cap_ppm": 0,
          "signal_queue_quota_ppm": 0,
          "graph_seed_limit": 0,
          "p50_ms": 0.6241000000000001,
          "p95_ms": 0.8038000000000001,
          "p99_ms": 0.8172,
          "mean_recall_at_10": 1.0,
          "mean_ndcg_at_10": 1.0,
          "mean_result_count": 10.0,
          "mean_navigation_scores": 4608.625,
          "mean_candidates_reranked": 658.03125,
          "peak_candidates": 667,
          "peak_temp_bytes": 10672,
          "estimated_vector_page_reads": 1328,
          "estimated_payload_page_reads": 21057,
          "estimated_graph_page_reads": 32,
          "mean_bq_posting_lookup_ms": 0.0,
          "mean_bq_node_mapping_ms": 0.0,
          "mean_bq_heap_scan_ms": 0.0,
          "mean_bq_output_sort_ms": 0.0,
          "bq_slot_cache_hits": 0,
          "bq_slot_cache_misses": 0,
          "mean_bq_mapped_candidates": 0.0,
          "mean_adaptive_ef_search": 512.0,
          "mean_vector_density_skew_ppm": 1000000.0,
          "selected_access_path": "GraphVectorUnion",
          "property_path_cost": 18446744073709551615,
          "graph_path_cost": 10944,
          "filtered_ann_path_cost": 18446744073709551615,
          "resident_heap_bytes": 53200116,
          "mapped_bytes": 26758086,
          "wal_bytes_delta": 0,
          "sidecar_bytes_delta": 0,
          "checkpoint_bytes_delta": 0,
          "temporary_spill_bytes_delta": 0
        },
        {
          "method": "post_filter",
          "ef_search": 512,
          "metadata_bonus_cap_ppm": 0,
          "signal_queue_quota_ppm": 0,
          "graph_seed_limit": 0,
          "p50_ms": 0.49240000000000006,
          "p95_ms": 0.6592,
          "p99_ms": 0.6943,
          "mean_recall_at_10": 0.28437500000000004,
          "mean_ndcg_at_10": 0.32772480104723156,
          "mean_result_count": 10.0,
          "mean_navigation_scores": 4608.625,
          "mean_candidates_reranked": 512.0,
          "peak_candidates": 0,
          "peak_temp_bytes": 0,
          "estimated_vector_page_reads": 0,
          "estimated_payload_page_reads": 0,
          "estimated_graph_page_reads": 0,
          "mean_bq_posting_lookup_ms": 0.0,
          "mean_bq_node_mapping_ms": 0.0,
          "mean_bq_heap_scan_ms": 0.0,
          "mean_bq_output_sort_ms": 0.0,
          "bq_slot_cache_hits": 0,
          "bq_slot_cache_misses": 0,
          "mean_bq_mapped_candidates": 0.0,
          "mean_adaptive_ef_search": 0.0,
          "mean_vector_density_skew_ppm": 0.0,
          "selected_access_path": "AnnPostFilter",
          "property_path_cost": 0,
          "graph_path_cost": 0,
          "filtered_ann_path_cost": 0,
          "resident_heap_bytes": 53200116,
          "mapped_bytes": 26758086,
          "wal_bytes_delta": 0,
          "sidecar_bytes_delta": 0,
          "checkpoint_bytes_delta": 0,
          "temporary_spill_bytes_delta": 0
        },
        {
          "method": "tsng",
          "ef_search": 512,
          "metadata_bonus_cap_ppm": 100000,
          "signal_queue_quota_ppm": 0,
          "graph_seed_limit": 0,
          "p50_ms": 0.5525,
          "p95_ms": 0.7961999999999999,
          "p99_ms": 0.8083,
          "mean_recall_at_10": 0.34375000000000006,
          "mean_ndcg_at_10": 0.3613719180613955,
          "mean_result_count": 10.0,
          "mean_navigation_scores": 4613.625,
          "mean_candidates_reranked": 512.0,
          "peak_candidates": 0,
          "peak_temp_bytes": 0,
          "estimated_vector_page_reads": 0,
          "estimated_payload_page_reads": 0,
          "estimated_graph_page_reads": 0,
          "mean_bq_posting_lookup_ms": 0.0,
          "mean_bq_node_mapping_ms": 0.0,
          "mean_bq_heap_scan_ms": 0.0,
          "mean_bq_output_sort_ms": 0.0,
          "bq_slot_cache_hits": 0,
          "bq_slot_cache_misses": 0,
          "mean_bq_mapped_candidates": 0.0,
          "mean_adaptive_ef_search": 0.0,
          "mean_vector_density_skew_ppm": 0.0,
          "selected_access_path": "AnnPostFilter",
          "property_path_cost": 0,
          "graph_path_cost": 0,
          "filtered_ann_path_cost": 0,
          "resident_heap_bytes": 53200116,
          "mapped_bytes": 26758086,
          "wal_bytes_delta": 0,
          "sidecar_bytes_delta": 0,
          "checkpoint_bytes_delta": 0,
          "temporary_spill_bytes_delta": 0
        },
        {
          "method": "tsng",
          "ef_search": 512,
          "metadata_bonus_cap_ppm": 100000,
          "signal_queue_quota_ppm": 0,
          "graph_seed_limit": 16,
          "p50_ms": 0.8566,
          "p95_ms": 0.9554,
          "p99_ms": 1.0004,
          "mean_recall_at_10": 0.75625,
          "mean_ndcg_at_10": 0.888265094135843,
          "mean_result_count": 10.0,
          "mean_navigation_scores": 2810.34375,
          "mean_candidates_reranked": 512.0,
          "peak_candidates": 0,
          "peak_temp_bytes": 0,
          "estimated_vector_page_reads": 0,
          "estimated_payload_page_reads": 0,
          "estimated_graph_page_reads": 0,
          "mean_bq_posting_lookup_ms": 0.0,
          "mean_bq_node_mapping_ms": 0.0,
          "mean_bq_heap_scan_ms": 0.0,
          "mean_bq_output_sort_ms": 0.0,
          "bq_slot_cache_hits": 0,
          "bq_slot_cache_misses": 0,
          "mean_bq_mapped_candidates": 0.0,
          "mean_adaptive_ef_search": 0.0,
          "mean_vector_density_skew_ppm": 0.0,
          "selected_access_path": "AnnPostFilter",
          "property_path_cost": 0,
          "graph_path_cost": 0,
          "filtered_ann_path_cost": 0,
          "resident_heap_bytes": 53200116,
          "mapped_bytes": 26758086,
          "wal_bytes_delta": 0,
          "sidecar_bytes_delta": 0,
          "checkpoint_bytes_delta": 0,
          "temporary_spill_bytes_delta": 0
        },
        {
          "method": "graph_union",
          "ef_search": 512,
          "metadata_bonus_cap_ppm": 100000,
          "signal_queue_quota_ppm": 0,
          "graph_seed_limit": 16,
          "p50_ms": 0.5526,
          "p95_ms": 0.8074,
          "p99_ms": 0.8261,
          "mean_recall_at_10": 0.4093749999999998,
          "mean_ndcg_at_10": 0.5951709484527368,
          "mean_result_count": 10.0,
          "mean_navigation_scores": 4608.625,
          "mean_candidates_reranked": 526.53125,
          "peak_candidates": 0,
          "peak_temp_bytes": 0,
          "estimated_vector_page_reads": 0,
          "estimated_payload_page_reads": 0,
          "estimated_graph_page_reads": 0,
          "mean_bq_posting_lookup_ms": 0.0,
          "mean_bq_node_mapping_ms": 0.0,
          "mean_bq_heap_scan_ms": 0.0,
          "mean_bq_output_sort_ms": 0.0,
          "bq_slot_cache_hits": 0,
          "bq_slot_cache_misses": 0,
          "mean_bq_mapped_candidates": 0.0,
          "mean_adaptive_ef_search": 0.0,
          "mean_vector_density_skew_ppm": 0.0,
          "selected_access_path": "AnnPostFilter",
          "property_path_cost": 0,
          "graph_path_cost": 0,
          "filtered_ann_path_cost": 0,
          "resident_heap_bytes": 53200116,
          "mapped_bytes": 26758086,
          "wal_bytes_delta": 0,
          "sidecar_bytes_delta": 0,
          "checkpoint_bytes_delta": 0,
          "temporary_spill_bytes_delta": 0
        },
        {
          "method": "tsng",
          "ef_search": 512,
          "metadata_bonus_cap_ppm": 100000,
          "signal_queue_quota_ppm": 0,
          "graph_seed_limit": 64,
          "p50_ms": 0.8342999999999999,
          "p95_ms": 1.0184,
          "p99_ms": 1.0383,
          "mean_recall_at_10": 0.75625,
          "mean_ndcg_at_10": 0.888265094135843,
          "mean_result_count": 10.0,
          "mean_navigation_scores": 2818.09375,
          "mean_candidates_reranked": 512.0,
          "peak_candidates": 0,
          "peak_temp_bytes": 0,
          "estimated_vector_page_reads": 0,
          "estimated_payload_page_reads": 0,
          "estimated_graph_page_reads": 0,
          "mean_bq_posting_lookup_ms": 0.0,
          "mean_bq_node_mapping_ms": 0.0,
          "mean_bq_heap_scan_ms": 0.0,
          "mean_bq_output_sort_ms": 0.0,
          "bq_slot_cache_hits": 0,
          "bq_slot_cache_misses": 0,
          "mean_bq_mapped_candidates": 0.0,
          "mean_adaptive_ef_search": 0.0,
          "mean_vector_density_skew_ppm": 0.0,
          "selected_access_path": "AnnPostFilter",
          "property_path_cost": 0,
          "graph_path_cost": 0,
          "filtered_ann_path_cost": 0,
          "resident_heap_bytes": 53200116,
          "mapped_bytes": 26758086,
          "wal_bytes_delta": 0,
          "sidecar_bytes_delta": 0,
          "checkpoint_bytes_delta": 0,
          "temporary_spill_bytes_delta": 0
        },
        {
          "method": "graph_union",
          "ef_search": 512,
          "metadata_bonus_cap_ppm": 100000,
          "signal_queue_quota_ppm": 0,
          "graph_seed_limit": 64,
          "p50_ms": 0.5601999999999999,
          "p95_ms": 0.7163,
          "p99_ms": 0.7199,
          "mean_recall_at_10": 0.6031250000000001,
          "mean_ndcg_at_10": 0.7582790009604593,
          "mean_result_count": 10.0,
          "mean_navigation_scores": 4608.625,
          "mean_candidates_reranked": 572.09375,
          "peak_candidates": 0,
          "peak_temp_bytes": 0,
          "estimated_vector_page_reads": 0,
          "estimated_payload_page_reads": 0,
          "estimated_graph_page_reads": 0,
          "mean_bq_posting_lookup_ms": 0.0,
          "mean_bq_node_mapping_ms": 0.0,
          "mean_bq_heap_scan_ms": 0.0,
          "mean_bq_output_sort_ms": 0.0,
          "bq_slot_cache_hits": 0,
          "bq_slot_cache_misses": 0,
          "mean_bq_mapped_candidates": 0.0,
          "mean_adaptive_ef_search": 0.0,
          "mean_vector_density_skew_ppm": 0.0,
          "selected_access_path": "AnnPostFilter",
          "property_path_cost": 0,
          "graph_path_cost": 0,
          "filtered_ann_path_cost": 0,
          "resident_heap_bytes": 53200116,
          "mapped_bytes": 26758086,
          "wal_bytes_delta": 0,
          "sidecar_bytes_delta": 0,
          "checkpoint_bytes_delta": 0,
          "temporary_spill_bytes_delta": 0
        },
        {
          "method": "tsng",
          "ef_search": 512,
          "metadata_bonus_cap_ppm": 100000,
          "signal_queue_quota_ppm": 0,
          "graph_seed_limit": 256,
          "p50_ms": 0.8095,
          "p95_ms": 0.9663,
          "p99_ms": 1.0296999999999998,
          "mean_recall_at_10": 0.75625,
          "mean_ndcg_at_10": 0.888265094135843,
          "mean_result_count": 10.0,
          "mean_navigation_scores": 2835.8125,
          "mean_candidates_reranked": 512.0,
          "peak_candidates": 0,
          "peak_temp_bytes": 0,
          "estimated_vector_page_reads": 0,
          "estimated_payload_page_reads": 0,
          "estimated_graph_page_reads": 0,
          "mean_bq_posting_lookup_ms": 0.0,
          "mean_bq_node_mapping_ms": 0.0,
          "mean_bq_heap_scan_ms": 0.0,
          "mean_bq_output_sort_ms": 0.0,
          "bq_slot_cache_hits": 0,
          "bq_slot_cache_misses": 0,
          "mean_bq_mapped_candidates": 0.0,
          "mean_adaptive_ef_search": 0.0,
          "mean_vector_density_skew_ppm": 0.0,
          "selected_access_path": "AnnPostFilter",
          "property_path_cost": 0,
          "graph_path_cost": 0,
          "filtered_ann_path_cost": 0,
          "resident_heap_bytes": 53200116,
          "mapped_bytes": 26758086,
          "wal_bytes_delta": 0,
          "sidecar_bytes_delta": 0,
          "checkpoint_bytes_delta": 0,
          "temporary_spill_bytes_delta": 0
        },
        {
          "method": "graph_union",
          "ef_search": 512,
          "metadata_bonus_cap_ppm": 100000,
          "signal_queue_quota_ppm": 0,
          "graph_seed_limit": 256,
          "p50_ms": 0.6209,
          "p95_ms": 0.7935000000000001,
          "p99_ms": 0.8014,
          "mean_recall_at_10": 1.0,
          "mean_ndcg_at_10": 1.0,
          "mean_result_count": 10.0,
          "mean_navigation_scores": 4608.625,
          "mean_candidates_reranked": 658.03125,
          "peak_candidates": 0,
          "peak_temp_bytes": 0,
          "estimated_vector_page_reads": 0,
          "estimated_payload_page_reads": 0,
          "estimated_graph_page_reads": 0,
          "mean_bq_posting_lookup_ms": 0.0,
          "mean_bq_node_mapping_ms": 0.0,
          "mean_bq_heap_scan_ms": 0.0,
          "mean_bq_output_sort_ms": 0.0,
          "bq_slot_cache_hits": 0,
          "bq_slot_cache_misses": 0,
          "mean_bq_mapped_candidates": 0.0,
          "mean_adaptive_ef_search": 0.0,
          "mean_vector_density_skew_ppm": 0.0,
          "selected_access_path": "AnnPostFilter",
          "property_path_cost": 0,
          "graph_path_cost": 0,
          "filtered_ann_path_cost": 0,
          "resident_heap_bytes": 53200116,
          "mapped_bytes": 26758086,
          "wal_bytes_delta": 0,
          "sidecar_bytes_delta": 0,
          "checkpoint_bytes_delta": 0,
          "temporary_spill_bytes_delta": 0
        },
        {
          "method": "tsng",
          "ef_search": 512,
          "metadata_bonus_cap_ppm": 100000,
          "signal_queue_quota_ppm": 100000,
          "graph_seed_limit": 0,
          "p50_ms": 1.0929,
          "p95_ms": 1.8698000000000001,
          "p99_ms": 1.8894,
          "mean_recall_at_10": 0.37187499999999996,
          "mean_ndcg_at_10": 0.4399701943462281,
          "mean_result_count": 10.0,
          "mean_navigation_scores": 5186.34375,
          "mean_candidates_reranked": 512.0,
          "peak_candidates": 0,
          "peak_temp_bytes": 0,
          "estimated_vector_page_reads": 0,
          "estimated_payload_page_reads": 0,
          "estimated_graph_page_reads": 0,
          "mean_bq_posting_lookup_ms": 0.0,
          "mean_bq_node_mapping_ms": 0.0,
          "mean_bq_heap_scan_ms": 0.0,
          "mean_bq_output_sort_ms": 0.0,
          "bq_slot_cache_hits": 0,
          "bq_slot_cache_misses": 0,
          "mean_bq_mapped_candidates": 0.0,
          "mean_adaptive_ef_search": 0.0,
          "mean_vector_density_skew_ppm": 0.0,
          "selected_access_path": "AnnPostFilter",
          "property_path_cost": 0,
          "graph_path_cost": 0,
          "filtered_ann_path_cost": 0,
          "resident_heap_bytes": 53200116,
          "mapped_bytes": 26758086,
          "wal_bytes_delta": 0,
          "sidecar_bytes_delta": 0,
          "checkpoint_bytes_delta": 0,
          "temporary_spill_bytes_delta": 0
        },
        {
          "method": "tsng",
          "ef_search": 512,
          "metadata_bonus_cap_ppm": 100000,
          "signal_queue_quota_ppm": 100000,
          "graph_seed_limit": 16,
          "p50_ms": 0.7657,
          "p95_ms": 0.842,
          "p99_ms": 0.8503000000000001,
          "mean_recall_at_10": 0.75625,
          "mean_ndcg_at_10": 0.888265094135843,
          "mean_result_count": 10.0,
          "mean_navigation_scores": 2810.125,
          "mean_candidates_reranked": 512.0,
          "peak_candidates": 0,
          "peak_temp_bytes": 0,
          "estimated_vector_page_reads": 0,
          "estimated_payload_page_reads": 0,
          "estimated_graph_page_reads": 0,
          "mean_bq_posting_lookup_ms": 0.0,
          "mean_bq_node_mapping_ms": 0.0,
          "mean_bq_heap_scan_ms": 0.0,
          "mean_bq_output_sort_ms": 0.0,
          "bq_slot_cache_hits": 0,
          "bq_slot_cache_misses": 0,
          "mean_bq_mapped_candidates": 0.0,
          "mean_adaptive_ef_search": 0.0,
          "mean_vector_density_skew_ppm": 0.0,
          "selected_access_path": "AnnPostFilter",
          "property_path_cost": 0,
          "graph_path_cost": 0,
          "filtered_ann_path_cost": 0,
          "resident_heap_bytes": 53200116,
          "mapped_bytes": 26758086,
          "wal_bytes_delta": 0,
          "sidecar_bytes_delta": 0,
          "checkpoint_bytes_delta": 0,
          "temporary_spill_bytes_delta": 0
        },
        {
          "method": "tsng",
          "ef_search": 512,
          "metadata_bonus_cap_ppm": 100000,
          "signal_queue_quota_ppm": 100000,
          "graph_seed_limit": 64,
          "p50_ms": 0.7832,
          "p95_ms": 0.8624999999999999,
          "p99_ms": 0.907,
          "mean_recall_at_10": 0.75625,
          "mean_ndcg_at_10": 0.888265094135843,
          "mean_result_count": 10.0,
          "mean_navigation_scores": 2817.90625,
          "mean_candidates_reranked": 512.0,
          "peak_candidates": 0,
          "peak_temp_bytes": 0,
          "estimated_vector_page_reads": 0,
          "estimated_payload_page_reads": 0,
          "estimated_graph_page_reads": 0,
          "mean_bq_posting_lookup_ms": 0.0,
          "mean_bq_node_mapping_ms": 0.0,
          "mean_bq_heap_scan_ms": 0.0,
          "mean_bq_output_sort_ms": 0.0,
          "bq_slot_cache_hits": 0,
          "bq_slot_cache_misses": 0,
          "mean_bq_mapped_candidates": 0.0,
          "mean_adaptive_ef_search": 0.0,
          "mean_vector_density_skew_ppm": 0.0,
          "selected_access_path": "AnnPostFilter",
          "property_path_cost": 0,
          "graph_path_cost": 0,
          "filtered_ann_path_cost": 0,
          "resident_heap_bytes": 53200116,
          "mapped_bytes": 26758086,
          "wal_bytes_delta": 0,
          "sidecar_bytes_delta": 0,
          "checkpoint_bytes_delta": 0,
          "temporary_spill_bytes_delta": 0
        },
        {
          "method": "tsng",
          "ef_search": 512,
          "metadata_bonus_cap_ppm": 100000,
          "signal_queue_quota_ppm": 100000,
          "graph_seed_limit": 256,
          "p50_ms": 0.7771,
          "p95_ms": 0.8411,
          "p99_ms": 0.8799,
          "mean_recall_at_10": 0.75625,
          "mean_ndcg_at_10": 0.888265094135843,
          "mean_result_count": 10.0,
          "mean_navigation_scores": 2835.625,
          "mean_candidates_reranked": 512.0,
          "peak_candidates": 0,
          "peak_temp_bytes": 0,
          "estimated_vector_page_reads": 0,
          "estimated_payload_page_reads": 0,
          "estimated_graph_page_reads": 0,
          "mean_bq_posting_lookup_ms": 0.0,
          "mean_bq_node_mapping_ms": 0.0,
          "mean_bq_heap_scan_ms": 0.0,
          "mean_bq_output_sort_ms": 0.0,
          "bq_slot_cache_hits": 0,
          "bq_slot_cache_misses": 0,
          "mean_bq_mapped_candidates": 0.0,
          "mean_adaptive_ef_search": 0.0,
          "mean_vector_density_skew_ppm": 0.0,
          "selected_access_path": "AnnPostFilter",
          "property_path_cost": 0,
          "graph_path_cost": 0,
          "filtered_ann_path_cost": 0,
          "resident_heap_bytes": 53200116,
          "mapped_bytes": 26758086,
          "wal_bytes_delta": 0,
          "sidecar_bytes_delta": 0,
          "checkpoint_bytes_delta": 0,
          "temporary_spill_bytes_delta": 0
        },
        {
          "method": "tsng",
          "ef_search": 512,
          "metadata_bonus_cap_ppm": 100000,
          "signal_queue_quota_ppm": 200000,
          "graph_seed_limit": 0,
          "p50_ms": 1.1102,
          "p95_ms": 1.861,
          "p99_ms": 1.8839,
          "mean_recall_at_10": 0.378125,
          "mean_ndcg_at_10": 0.44288519241837476,
          "mean_result_count": 10.0,
          "mean_navigation_scores": 5186.6875,
          "mean_candidates_reranked": 512.0,
          "peak_candidates": 0,
          "peak_temp_bytes": 0,
          "estimated_vector_page_reads": 0,
          "estimated_payload_page_reads": 0,
          "estimated_graph_page_reads": 0,
          "mean_bq_posting_lookup_ms": 0.0,
          "mean_bq_node_mapping_ms": 0.0,
          "mean_bq_heap_scan_ms": 0.0,
          "mean_bq_output_sort_ms": 0.0,
          "bq_slot_cache_hits": 0,
          "bq_slot_cache_misses": 0,
          "mean_bq_mapped_candidates": 0.0,
          "mean_adaptive_ef_search": 0.0,
          "mean_vector_density_skew_ppm": 0.0,
          "selected_access_path": "AnnPostFilter",
          "property_path_cost": 0,
          "graph_path_cost": 0,
          "filtered_ann_path_cost": 0,
          "resident_heap_bytes": 53200116,
          "mapped_bytes": 26758086,
          "wal_bytes_delta": 0,
          "sidecar_bytes_delta": 0,
          "checkpoint_bytes_delta": 0,
          "temporary_spill_bytes_delta": 0
        },
        {
          "method": "tsng",
          "ef_search": 512,
          "metadata_bonus_cap_ppm": 100000,
          "signal_queue_quota_ppm": 200000,
          "graph_seed_limit": 16,
          "p50_ms": 0.7795000000000001,
          "p95_ms": 1.0617,
          "p99_ms": 1.0794000000000001,
          "mean_recall_at_10": 0.7625,
          "mean_ndcg_at_10": 0.8911800922079898,
          "mean_result_count": 10.0,
          "mean_navigation_scores": 2810.59375,
          "mean_candidates_reranked": 512.0,
          "peak_candidates": 0,
          "peak_temp_bytes": 0,
          "estimated_vector_page_reads": 0,
          "estimated_payload_page_reads": 0,
          "estimated_graph_page_reads": 0,
          "mean_bq_posting_lookup_ms": 0.0,
          "mean_bq_node_mapping_ms": 0.0,
          "mean_bq_heap_scan_ms": 0.0,
          "mean_bq_output_sort_ms": 0.0,
          "bq_slot_cache_hits": 0,
          "bq_slot_cache_misses": 0,
          "mean_bq_mapped_candidates": 0.0,
          "mean_adaptive_ef_search": 0.0,
          "mean_vector_density_skew_ppm": 0.0,
          "selected_access_path": "AnnPostFilter",
          "property_path_cost": 0,
          "graph_path_cost": 0,
          "filtered_ann_path_cost": 0,
          "resident_heap_bytes": 53200116,
          "mapped_bytes": 26758086,
          "wal_bytes_delta": 0,
          "sidecar_bytes_delta": 0,
          "checkpoint_bytes_delta": 0,
          "temporary_spill_bytes_delta": 0
        },
        {
          "method": "tsng",
          "ef_search": 512,
          "metadata_bonus_cap_ppm": 100000,
          "signal_queue_quota_ppm": 200000,
          "graph_seed_limit": 64,
          "p50_ms": 0.82,
          "p95_ms": 0.9612,
          "p99_ms": 1.019,
          "mean_recall_at_10": 0.7625,
          "mean_ndcg_at_10": 0.8911800922079898,
          "mean_result_count": 10.0,
          "mean_navigation_scores": 2818.3125,
          "mean_candidates_reranked": 512.0,
          "peak_candidates": 0,
          "peak_temp_bytes": 0,
          "estimated_vector_page_reads": 0,
          "estimated_payload_page_reads": 0,
          "estimated_graph_page_reads": 0,
          "mean_bq_posting_lookup_ms": 0.0,
          "mean_bq_node_mapping_ms": 0.0,
          "mean_bq_heap_scan_ms": 0.0,
          "mean_bq_output_sort_ms": 0.0,
          "bq_slot_cache_hits": 0,
          "bq_slot_cache_misses": 0,
          "mean_bq_mapped_candidates": 0.0,
          "mean_adaptive_ef_search": 0.0,
          "mean_vector_density_skew_ppm": 0.0,
          "selected_access_path": "AnnPostFilter",
          "property_path_cost": 0,
          "graph_path_cost": 0,
          "filtered_ann_path_cost": 0,
          "resident_heap_bytes": 53200116,
          "mapped_bytes": 26758086,
          "wal_bytes_delta": 0,
          "sidecar_bytes_delta": 0,
          "checkpoint_bytes_delta": 0,
          "temporary_spill_bytes_delta": 0
        },
        {
          "method": "tsng",
          "ef_search": 512,
          "metadata_bonus_cap_ppm": 100000,
          "signal_queue_quota_ppm": 200000,
          "graph_seed_limit": 256,
          "p50_ms": 0.8025,
          "p95_ms": 0.8434,
          "p99_ms": 0.8628,
          "mean_recall_at_10": 0.7625,
          "mean_ndcg_at_10": 0.8911800922079898,
          "mean_result_count": 10.0,
          "mean_navigation_scores": 2835.90625,
          "mean_candidates_reranked": 512.0,
          "peak_candidates": 0,
          "peak_temp_bytes": 0,
          "estimated_vector_page_reads": 0,
          "estimated_payload_page_reads": 0,
          "estimated_graph_page_reads": 0,
          "mean_bq_posting_lookup_ms": 0.0,
          "mean_bq_node_mapping_ms": 0.0,
          "mean_bq_heap_scan_ms": 0.0,
          "mean_bq_output_sort_ms": 0.0,
          "bq_slot_cache_hits": 0,
          "bq_slot_cache_misses": 0,
          "mean_bq_mapped_candidates": 0.0,
          "mean_adaptive_ef_search": 0.0,
          "mean_vector_density_skew_ppm": 0.0,
          "selected_access_path": "AnnPostFilter",
          "property_path_cost": 0,
          "graph_path_cost": 0,
          "filtered_ann_path_cost": 0,
          "resident_heap_bytes": 53200116,
          "mapped_bytes": 26758086,
          "wal_bytes_delta": 0,
          "sidecar_bytes_delta": 0,
          "checkpoint_bytes_delta": 0,
          "temporary_spill_bytes_delta": 0
        },
        {
          "method": "tsng",
          "ef_search": 512,
          "metadata_bonus_cap_ppm": 100000,
          "signal_queue_quota_ppm": 250000,
          "graph_seed_limit": 0,
          "p50_ms": 1.0665,
          "p95_ms": 1.7252,
          "p99_ms": 2.0422000000000002,
          "mean_recall_at_10": 0.38125,
          "mean_ndcg_at_10": 0.44400770355955876,
          "mean_result_count": 10.0,
          "mean_navigation_scores": 5186.6875,
          "mean_candidates_reranked": 512.0,
          "peak_candidates": 0,
          "peak_temp_bytes": 0,
          "estimated_vector_page_reads": 0,
          "estimated_payload_page_reads": 0,
          "estimated_graph_page_reads": 0,
          "mean_bq_posting_lookup_ms": 0.0,
          "mean_bq_node_mapping_ms": 0.0,
          "mean_bq_heap_scan_ms": 0.0,
          "mean_bq_output_sort_ms": 0.0,
          "bq_slot_cache_hits": 0,
          "bq_slot_cache_misses": 0,
          "mean_bq_mapped_candidates": 0.0,
          "mean_adaptive_ef_search": 0.0,
          "mean_vector_density_skew_ppm": 0.0,
          "selected_access_path": "AnnPostFilter",
          "property_path_cost": 0,
          "graph_path_cost": 0,
          "filtered_ann_path_cost": 0,
          "resident_heap_bytes": 53200116,
          "mapped_bytes": 26758086,
          "wal_bytes_delta": 0,
          "sidecar_bytes_delta": 0,
          "checkpoint_bytes_delta": 0,
          "temporary_spill_bytes_delta": 0
        },
        {
          "method": "tsng",
          "ef_search": 512,
          "metadata_bonus_cap_ppm": 100000,
          "signal_queue_quota_ppm": 250000,
          "graph_seed_limit": 16,
          "p50_ms": 0.8069999999999999,
          "p95_ms": 0.9496,
          "p99_ms": 0.9993000000000001,
          "mean_recall_at_10": 0.778125,
          "mean_ndcg_at_10": 0.8980160866832483,
          "mean_result_count": 10.0,
          "mean_navigation_scores": 2810.65625,
          "mean_candidates_reranked": 512.0,
          "peak_candidates": 0,
          "peak_temp_bytes": 0,
          "estimated_vector_page_reads": 0,
          "estimated_payload_page_reads": 0,
          "estimated_graph_page_reads": 0,
          "mean_bq_posting_lookup_ms": 0.0,
          "mean_bq_node_mapping_ms": 0.0,
          "mean_bq_heap_scan_ms": 0.0,
          "mean_bq_output_sort_ms": 0.0,
          "bq_slot_cache_hits": 0,
          "bq_slot_cache_misses": 0,
          "mean_bq_mapped_candidates": 0.0,
          "mean_adaptive_ef_search": 0.0,
          "mean_vector_density_skew_ppm": 0.0,
          "selected_access_path": "AnnPostFilter",
          "property_path_cost": 0,
          "graph_path_cost": 0,
          "filtered_ann_path_cost": 0,
          "resident_heap_bytes": 53200116,
          "mapped_bytes": 26758086,
          "wal_bytes_delta": 0,
          "sidecar_bytes_delta": 0,
          "checkpoint_bytes_delta": 0,
          "temporary_spill_bytes_delta": 0
        },
        {
          "method": "tsng",
          "ef_search": 512,
          "metadata_bonus_cap_ppm": 100000,
          "signal_queue_quota_ppm": 250000,
          "graph_seed_limit": 64,
          "p50_ms": 0.7808999999999999,
          "p95_ms": 0.8524999999999999,
          "p99_ms": 0.8878,
          "mean_recall_at_10": 0.775,
          "mean_ndcg_at_10": 0.8947127421020227,
          "mean_result_count": 10.0,
          "mean_navigation_scores": 2818.40625,
          "mean_candidates_reranked": 512.0,
          "peak_candidates": 0,
          "peak_temp_bytes": 0,
          "estimated_vector_page_reads": 0,
          "estimated_payload_page_reads": 0,
          "estimated_graph_page_reads": 0,
          "mean_bq_posting_lookup_ms": 0.0,
          "mean_bq_node_mapping_ms": 0.0,
          "mean_bq_heap_scan_ms": 0.0,
          "mean_bq_output_sort_ms": 0.0,
          "bq_slot_cache_hits": 0,
          "bq_slot_cache_misses": 0,
          "mean_bq_mapped_candidates": 0.0,
          "mean_adaptive_ef_search": 0.0,
          "mean_vector_density_skew_ppm": 0.0,
          "selected_access_path": "AnnPostFilter",
          "property_path_cost": 0,
          "graph_path_cost": 0,
          "filtered_ann_path_cost": 0,
          "resident_heap_bytes": 53200116,
          "mapped_bytes": 26758086,
          "wal_bytes_delta": 0,
          "sidecar_bytes_delta": 0,
          "checkpoint_bytes_delta": 0,
          "temporary_spill_bytes_delta": 0
        },
        {
          "method": "tsng",
          "ef_search": 512,
          "metadata_bonus_cap_ppm": 100000,
          "signal_queue_quota_ppm": 250000,
          "graph_seed_limit": 256,
          "p50_ms": 0.8182,
          "p95_ms": 0.9859000000000001,
          "p99_ms": 1.0218,
          "mean_recall_at_10": 0.771875,
          "mean_ndcg_at_10": 0.8916199083339666,
          "mean_result_count": 10.0,
          "mean_navigation_scores": 2835.90625,
          "mean_candidates_reranked": 512.0,
          "peak_candidates": 0,
          "peak_temp_bytes": 0,
          "estimated_vector_page_reads": 0,
          "estimated_payload_page_reads": 0,
          "estimated_graph_page_reads": 0,
          "mean_bq_posting_lookup_ms": 0.0,
          "mean_bq_node_mapping_ms": 0.0,
          "mean_bq_heap_scan_ms": 0.0,
          "mean_bq_output_sort_ms": 0.0,
          "bq_slot_cache_hits": 0,
          "bq_slot_cache_misses": 0,
          "mean_bq_mapped_candidates": 0.0,
          "mean_adaptive_ef_search": 0.0,
          "mean_vector_density_skew_ppm": 0.0,
          "selected_access_path": "AnnPostFilter",
          "property_path_cost": 0,
          "graph_path_cost": 0,
          "filtered_ann_path_cost": 0,
          "resident_heap_bytes": 53200116,
          "mapped_bytes": 26758086,
          "wal_bytes_delta": 0,
          "sidecar_bytes_delta": 0,
          "checkpoint_bytes_delta": 0,
          "temporary_spill_bytes_delta": 0
        },
        {
          "method": "tsng",
          "ef_search": 512,
          "metadata_bonus_cap_ppm": 100000,
          "signal_queue_quota_ppm": 330000,
          "graph_seed_limit": 0,
          "p50_ms": 1.0365000000000002,
          "p95_ms": 1.6643999999999999,
          "p99_ms": 1.8500999999999999,
          "mean_recall_at_10": 0.428125,
          "mean_ndcg_at_10": 0.46725227164614297,
          "mean_result_count": 10.0,
          "mean_navigation_scores": 5186.6875,
          "mean_candidates_reranked": 512.0,
          "peak_candidates": 0,
          "peak_temp_bytes": 0,
          "estimated_vector_page_reads": 0,
          "estimated_payload_page_reads": 0,
          "estimated_graph_page_reads": 0,
          "mean_bq_posting_lookup_ms": 0.0,
          "mean_bq_node_mapping_ms": 0.0,
          "mean_bq_heap_scan_ms": 0.0,
          "mean_bq_output_sort_ms": 0.0,
          "bq_slot_cache_hits": 0,
          "bq_slot_cache_misses": 0,
          "mean_bq_mapped_candidates": 0.0,
          "mean_adaptive_ef_search": 0.0,
          "mean_vector_density_skew_ppm": 0.0,
          "selected_access_path": "AnnPostFilter",
          "property_path_cost": 0,
          "graph_path_cost": 0,
          "filtered_ann_path_cost": 0,
          "resident_heap_bytes": 53200116,
          "mapped_bytes": 26758086,
          "wal_bytes_delta": 0,
          "sidecar_bytes_delta": 0,
          "checkpoint_bytes_delta": 0,
          "temporary_spill_bytes_delta": 0
        },
        {
          "method": "tsng",
          "ef_search": 512,
          "metadata_bonus_cap_ppm": 100000,
          "signal_queue_quota_ppm": 330000,
          "graph_seed_limit": 16,
          "p50_ms": 0.7787000000000001,
          "p95_ms": 0.9113,
          "p99_ms": 0.9322,
          "mean_recall_at_10": 0.8531249999999999,
          "mean_ndcg_at_10": 0.9368623761442628,
          "mean_result_count": 10.0,
          "mean_navigation_scores": 2810.6875,
          "mean_candidates_reranked": 512.0,
          "peak_candidates": 0,
          "peak_temp_bytes": 0,
          "estimated_vector_page_reads": 0,
          "estimated_payload_page_reads": 0,
          "estimated_graph_page_reads": 0,
          "mean_bq_posting_lookup_ms": 0.0,
          "mean_bq_node_mapping_ms": 0.0,
          "mean_bq_heap_scan_ms": 0.0,
          "mean_bq_output_sort_ms": 0.0,
          "bq_slot_cache_hits": 0,
          "bq_slot_cache_misses": 0,
          "mean_bq_mapped_candidates": 0.0,
          "mean_adaptive_ef_search": 0.0,
          "mean_vector_density_skew_ppm": 0.0,
          "selected_access_path": "AnnPostFilter",
          "property_path_cost": 0,
          "graph_path_cost": 0,
          "filtered_ann_path_cost": 0,
          "resident_heap_bytes": 53200116,
          "mapped_bytes": 26758086,
          "wal_bytes_delta": 0,
          "sidecar_bytes_delta": 0,
          "checkpoint_bytes_delta": 0,
          "temporary_spill_bytes_delta": 0
        },
        {
          "method": "tsng",
          "ef_search": 512,
          "metadata_bonus_cap_ppm": 100000,
          "signal_queue_quota_ppm": 330000,
          "graph_seed_limit": 64,
          "p50_ms": 0.7707999999999999,
          "p95_ms": 0.8823000000000001,
          "p99_ms": 0.8871,
          "mean_recall_at_10": 0.85625,
          "mean_ndcg_at_10": 0.9379104407562697,
          "mean_result_count": 10.0,
          "mean_navigation_scores": 2818.4375,
          "mean_candidates_reranked": 512.0,
          "peak_candidates": 0,
          "peak_temp_bytes": 0,
          "estimated_vector_page_reads": 0,
          "estimated_payload_page_reads": 0,
          "estimated_graph_page_reads": 0,
          "mean_bq_posting_lookup_ms": 0.0,
          "mean_bq_node_mapping_ms": 0.0,
          "mean_bq_heap_scan_ms": 0.0,
          "mean_bq_output_sort_ms": 0.0,
          "bq_slot_cache_hits": 0,
          "bq_slot_cache_misses": 0,
          "mean_bq_mapped_candidates": 0.0,
          "mean_adaptive_ef_search": 0.0,
          "mean_vector_density_skew_ppm": 0.0,
          "selected_access_path": "AnnPostFilter",
          "property_path_cost": 0,
          "graph_path_cost": 0,
          "filtered_ann_path_cost": 0,
          "resident_heap_bytes": 53200116,
          "mapped_bytes": 26758086,
          "wal_bytes_delta": 0,
          "sidecar_bytes_delta": 0,
          "checkpoint_bytes_delta": 0,
          "temporary_spill_bytes_delta": 0
        },
        {
          "method": "tsng",
          "ef_search": 512,
          "metadata_bonus_cap_ppm": 100000,
          "signal_queue_quota_ppm": 330000,
          "graph_seed_limit": 256,
          "p50_ms": 0.7874,
          "p95_ms": 0.8778,
          "p99_ms": 0.8873000000000001,
          "mean_recall_at_10": 0.8531249999999999,
          "mean_ndcg_at_10": 0.9368623761442628,
          "mean_result_count": 10.0,
          "mean_navigation_scores": 2836.03125,
          "mean_candidates_reranked": 512.0,
          "peak_candidates": 0,
          "peak_temp_bytes": 0,
          "estimated_vector_page_reads": 0,
          "estimated_payload_page_reads": 0,
          "estimated_graph_page_reads": 0,
          "mean_bq_posting_lookup_ms": 0.0,
          "mean_bq_node_mapping_ms": 0.0,
          "mean_bq_heap_scan_ms": 0.0,
          "mean_bq_output_sort_ms": 0.0,
          "bq_slot_cache_hits": 0,
          "bq_slot_cache_misses": 0,
          "mean_bq_mapped_candidates": 0.0,
          "mean_adaptive_ef_search": 0.0,
          "mean_vector_density_skew_ppm": 0.0,
          "selected_access_path": "AnnPostFilter",
          "property_path_cost": 0,
          "graph_path_cost": 0,
          "filtered_ann_path_cost": 0,
          "resident_heap_bytes": 53200116,
          "mapped_bytes": 26758086,
          "wal_bytes_delta": 0,
          "sidecar_bytes_delta": 0,
          "checkpoint_bytes_delta": 0,
          "temporary_spill_bytes_delta": 0
        },
        {
          "method": "tsng",
          "ef_search": 512,
          "metadata_bonus_cap_ppm": 100000,
          "signal_queue_quota_ppm": 500000,
          "graph_seed_limit": 0,
          "p50_ms": 1.0235999999999998,
          "p95_ms": 1.7601,
          "p99_ms": 1.9012,
          "mean_recall_at_10": 0.46875000000000006,
          "mean_ndcg_at_10": 0.48855153749546165,
          "mean_result_count": 10.0,
          "mean_navigation_scores": 5186.6875,
          "mean_candidates_reranked": 512.0,
          "peak_candidates": 0,
          "peak_temp_bytes": 0,
          "estimated_vector_page_reads": 0,
          "estimated_payload_page_reads": 0,
          "estimated_graph_page_reads": 0,
          "mean_bq_posting_lookup_ms": 0.0,
          "mean_bq_node_mapping_ms": 0.0,
          "mean_bq_heap_scan_ms": 0.0,
          "mean_bq_output_sort_ms": 0.0,
          "bq_slot_cache_hits": 0,
          "bq_slot_cache_misses": 0,
          "mean_bq_mapped_candidates": 0.0,
          "mean_adaptive_ef_search": 0.0,
          "mean_vector_density_skew_ppm": 0.0,
          "selected_access_path": "AnnPostFilter",
          "property_path_cost": 0,
          "graph_path_cost": 0,
          "filtered_ann_path_cost": 0,
          "resident_heap_bytes": 53200116,
          "mapped_bytes": 26758086,
          "wal_bytes_delta": 0,
          "sidecar_bytes_delta": 0,
          "checkpoint_bytes_delta": 0,
          "temporary_spill_bytes_delta": 0
        },
        {
          "method": "tsng",
          "ef_search": 512,
          "metadata_bonus_cap_ppm": 100000,
          "signal_queue_quota_ppm": 500000,
          "graph_seed_limit": 16,
          "p50_ms": 0.8269,
          "p95_ms": 0.9406,
          "p99_ms": 0.9488,
          "mean_recall_at_10": 0.9406249999999998,
          "mean_ndcg_at_10": 0.981437387451917,
          "mean_result_count": 10.0,
          "mean_navigation_scores": 2810.6875,
          "mean_candidates_reranked": 512.0,
          "peak_candidates": 0,
          "peak_temp_bytes": 0,
          "estimated_vector_page_reads": 0,
          "estimated_payload_page_reads": 0,
          "estimated_graph_page_reads": 0,
          "mean_bq_posting_lookup_ms": 0.0,
          "mean_bq_node_mapping_ms": 0.0,
          "mean_bq_heap_scan_ms": 0.0,
          "mean_bq_output_sort_ms": 0.0,
          "bq_slot_cache_hits": 0,
          "bq_slot_cache_misses": 0,
          "mean_bq_mapped_candidates": 0.0,
          "mean_adaptive_ef_search": 0.0,
          "mean_vector_density_skew_ppm": 0.0,
          "selected_access_path": "AnnPostFilter",
          "property_path_cost": 0,
          "graph_path_cost": 0,
          "filtered_ann_path_cost": 0,
          "resident_heap_bytes": 53200116,
          "mapped_bytes": 26758086,
          "wal_bytes_delta": 0,
          "sidecar_bytes_delta": 0,
          "checkpoint_bytes_delta": 0,
          "temporary_spill_bytes_delta": 0
        },
        {
          "method": "tsng",
          "ef_search": 512,
          "metadata_bonus_cap_ppm": 100000,
          "signal_queue_quota_ppm": 500000,
          "graph_seed_limit": 64,
          "p50_ms": 0.7728999999999999,
          "p95_ms": 0.8376,
          "p99_ms": 0.8484,
          "mean_recall_at_10": 0.9406249999999998,
          "mean_ndcg_at_10": 0.981437387451917,
          "mean_result_count": 10.0,
          "mean_navigation_scores": 2818.4375,
          "mean_candidates_reranked": 512.0,
          "peak_candidates": 0,
          "peak_temp_bytes": 0,
          "estimated_vector_page_reads": 0,
          "estimated_payload_page_reads": 0,
          "estimated_graph_page_reads": 0,
          "mean_bq_posting_lookup_ms": 0.0,
          "mean_bq_node_mapping_ms": 0.0,
          "mean_bq_heap_scan_ms": 0.0,
          "mean_bq_output_sort_ms": 0.0,
          "bq_slot_cache_hits": 0,
          "bq_slot_cache_misses": 0,
          "mean_bq_mapped_candidates": 0.0,
          "mean_adaptive_ef_search": 0.0,
          "mean_vector_density_skew_ppm": 0.0,
          "selected_access_path": "AnnPostFilter",
          "property_path_cost": 0,
          "graph_path_cost": 0,
          "filtered_ann_path_cost": 0,
          "resident_heap_bytes": 53200116,
          "mapped_bytes": 26758086,
          "wal_bytes_delta": 0,
          "sidecar_bytes_delta": 0,
          "checkpoint_bytes_delta": 0,
          "temporary_spill_bytes_delta": 0
        },
        {
          "method": "tsng",
          "ef_search": 512,
          "metadata_bonus_cap_ppm": 100000,
          "signal_queue_quota_ppm": 500000,
          "graph_seed_limit": 256,
          "p50_ms": 0.7988,
          "p95_ms": 0.9273,
          "p99_ms": 0.9951999999999999,
          "mean_recall_at_10": 0.9374999999999999,
          "mean_ndcg_at_10": 0.9800992491649518,
          "mean_result_count": 10.0,
          "mean_navigation_scores": 2836.09375,
          "mean_candidates_reranked": 512.0,
          "peak_candidates": 0,
          "peak_temp_bytes": 0,
          "estimated_vector_page_reads": 0,
          "estimated_payload_page_reads": 0,
          "estimated_graph_page_reads": 0,
          "mean_bq_posting_lookup_ms": 0.0,
          "mean_bq_node_mapping_ms": 0.0,
          "mean_bq_heap_scan_ms": 0.0,
          "mean_bq_output_sort_ms": 0.0,
          "bq_slot_cache_hits": 0,
          "bq_slot_cache_misses": 0,
          "mean_bq_mapped_candidates": 0.0,
          "mean_adaptive_ef_search": 0.0,
          "mean_vector_density_skew_ppm": 0.0,
          "selected_access_path": "AnnPostFilter",
          "property_path_cost": 0,
          "graph_path_cost": 0,
          "filtered_ann_path_cost": 0,
          "resident_heap_bytes": 53200116,
          "mapped_bytes": 26758086,
          "wal_bytes_delta": 0,
          "sidecar_bytes_delta": 0,
          "checkpoint_bytes_delta": 0,
          "temporary_spill_bytes_delta": 0
        },
        {
          "method": "industrial_fixed",
          "ef_search": 1024,
          "metadata_bonus_cap_ppm": 0,
          "signal_queue_quota_ppm": 0,
          "graph_seed_limit": 0,
          "p50_ms": 1.1894,
          "p95_ms": 1.4798,
          "p99_ms": 1.6406999999999998,
          "mean_recall_at_10": 1.0,
          "mean_ndcg_at_10": 1.0,
          "mean_result_count": 10.0,
          "mean_navigation_scores": 6826.15625,
          "mean_candidates_reranked": 1149.5625,
          "peak_candidates": 1179,
          "peak_temp_bytes": 18864,
          "estimated_vector_page_reads": 2312,
          "estimated_payload_page_reads": 36786,
          "estimated_graph_page_reads": 32,
          "mean_bq_posting_lookup_ms": 0.0,
          "mean_bq_node_mapping_ms": 0.0,
          "mean_bq_heap_scan_ms": 0.0,
          "mean_bq_output_sort_ms": 0.0,
          "bq_slot_cache_hits": 0,
          "bq_slot_cache_misses": 0,
          "mean_bq_mapped_candidates": 0.0,
          "mean_adaptive_ef_search": 1024.0,
          "mean_vector_density_skew_ppm": 1000000.0,
          "selected_access_path": "GraphVectorUnion",
          "property_path_cost": 18446744073709551615,
          "graph_path_cost": 11968,
          "filtered_ann_path_cost": 18446744073709551615,
          "resident_heap_bytes": 53200116,
          "mapped_bytes": 26758086,
          "wal_bytes_delta": 0,
          "sidecar_bytes_delta": 0,
          "checkpoint_bytes_delta": 0,
          "temporary_spill_bytes_delta": 0
        },
        {
          "method": "industrial_selectivity",
          "ef_search": 1024,
          "metadata_bonus_cap_ppm": 0,
          "signal_queue_quota_ppm": 0,
          "graph_seed_limit": 0,
          "p50_ms": 1.1235,
          "p95_ms": 1.5330000000000001,
          "p99_ms": 1.5404,
          "mean_recall_at_10": 1.0,
          "mean_ndcg_at_10": 1.0,
          "mean_result_count": 10.0,
          "mean_navigation_scores": 6826.15625,
          "mean_candidates_reranked": 1149.5625,
          "peak_candidates": 1179,
          "peak_temp_bytes": 18864,
          "estimated_vector_page_reads": 2312,
          "estimated_payload_page_reads": 36786,
          "estimated_graph_page_reads": 32,
          "mean_bq_posting_lookup_ms": 0.0,
          "mean_bq_node_mapping_ms": 0.0,
          "mean_bq_heap_scan_ms": 0.0,
          "mean_bq_output_sort_ms": 0.0,
          "bq_slot_cache_hits": 0,
          "bq_slot_cache_misses": 0,
          "mean_bq_mapped_candidates": 0.0,
          "mean_adaptive_ef_search": 1024.0,
          "mean_vector_density_skew_ppm": 1000000.0,
          "selected_access_path": "GraphVectorUnion",
          "property_path_cost": 18446744073709551615,
          "graph_path_cost": 11968,
          "filtered_ann_path_cost": 18446744073709551615,
          "resident_heap_bytes": 53200116,
          "mapped_bytes": 26758086,
          "wal_bytes_delta": 0,
          "sidecar_bytes_delta": 0,
          "checkpoint_bytes_delta": 0,
          "temporary_spill_bytes_delta": 0
        },
        {
          "method": "industrial_density",
          "ef_search": 1024,
          "metadata_bonus_cap_ppm": 0,
          "signal_queue_quota_ppm": 0,
          "graph_seed_limit": 0,
          "p50_ms": 1.1816000000000002,
          "p95_ms": 1.4494,
          "p99_ms": 1.5101,
          "mean_recall_at_10": 1.0,
          "mean_ndcg_at_10": 1.0,
          "mean_result_count": 10.0,
          "mean_navigation_scores": 6826.15625,
          "mean_candidates_reranked": 1149.5625,
          "peak_candidates": 1179,
          "peak_temp_bytes": 18864,
          "estimated_vector_page_reads": 2312,
          "estimated_payload_page_reads": 36786,
          "estimated_graph_page_reads": 32,
          "mean_bq_posting_lookup_ms": 0.0,
          "mean_bq_node_mapping_ms": 0.0,
          "mean_bq_heap_scan_ms": 0.0,
          "mean_bq_output_sort_ms": 0.0,
          "bq_slot_cache_hits": 0,
          "bq_slot_cache_misses": 0,
          "mean_bq_mapped_candidates": 0.0,
          "mean_adaptive_ef_search": 1024.0,
          "mean_vector_density_skew_ppm": 1000000.0,
          "selected_access_path": "GraphVectorUnion",
          "property_path_cost": 18446744073709551615,
          "graph_path_cost": 11968,
          "filtered_ann_path_cost": 18446744073709551615,
          "resident_heap_bytes": 53200116,
          "mapped_bytes": 26758086,
          "wal_bytes_delta": 0,
          "sidecar_bytes_delta": 0,
          "checkpoint_bytes_delta": 0,
          "temporary_spill_bytes_delta": 0
        },
        {
          "method": "post_filter",
          "ef_search": 1024,
          "metadata_bonus_cap_ppm": 0,
          "signal_queue_quota_ppm": 0,
          "graph_seed_limit": 0,
          "p50_ms": 1.0074,
          "p95_ms": 1.2293,
          "p99_ms": 1.2985,
          "mean_recall_at_10": 0.540625,
          "mean_ndcg_at_10": 0.5735146166194703,
          "mean_result_count": 10.0,
          "mean_navigation_scores": 6826.15625,
          "mean_candidates_reranked": 1024.0,
          "peak_candidates": 0,
          "peak_temp_bytes": 0,
          "estimated_vector_page_reads": 0,
          "estimated_payload_page_reads": 0,
          "estimated_graph_page_reads": 0,
          "mean_bq_posting_lookup_ms": 0.0,
          "mean_bq_node_mapping_ms": 0.0,
          "mean_bq_heap_scan_ms": 0.0,
          "mean_bq_output_sort_ms": 0.0,
          "bq_slot_cache_hits": 0,
          "bq_slot_cache_misses": 0,
          "mean_bq_mapped_candidates": 0.0,
          "mean_adaptive_ef_search": 0.0,
          "mean_vector_density_skew_ppm": 0.0,
          "selected_access_path": "AnnPostFilter",
          "property_path_cost": 0,
          "graph_path_cost": 0,
          "filtered_ann_path_cost": 0,
          "resident_heap_bytes": 53200116,
          "mapped_bytes": 26758086,
          "wal_bytes_delta": 0,
          "sidecar_bytes_delta": 0,
          "checkpoint_bytes_delta": 0,
          "temporary_spill_bytes_delta": 0
        },
        {
          "method": "tsng",
          "ef_search": 1024,
          "metadata_bonus_cap_ppm": 100000,
          "signal_queue_quota_ppm": 0,
          "graph_seed_limit": 0,
          "p50_ms": 1.1245999999999998,
          "p95_ms": 1.4282,
          "p99_ms": 1.638,
          "mean_recall_at_10": 0.590625,
          "mean_ndcg_at_10": 0.5924580268935974,
          "mean_result_count": 10.0,
          "mean_navigation_scores": 6830.25,
          "mean_candidates_reranked": 1024.0,
          "peak_candidates": 0,
          "peak_temp_bytes": 0,
          "estimated_vector_page_reads": 0,
          "estimated_payload_page_reads": 0,
          "estimated_graph_page_reads": 0,
          "mean_bq_posting_lookup_ms": 0.0,
          "mean_bq_node_mapping_ms": 0.0,
          "mean_bq_heap_scan_ms": 0.0,
          "mean_bq_output_sort_ms": 0.0,
          "bq_slot_cache_hits": 0,
          "bq_slot_cache_misses": 0,
          "mean_bq_mapped_candidates": 0.0,
          "mean_adaptive_ef_search": 0.0,
          "mean_vector_density_skew_ppm": 0.0,
          "selected_access_path": "AnnPostFilter",
          "property_path_cost": 0,
          "graph_path_cost": 0,
          "filtered_ann_path_cost": 0,
          "resident_heap_bytes": 53200116,
          "mapped_bytes": 26758086,
          "wal_bytes_delta": 0,
          "sidecar_bytes_delta": 0,
          "checkpoint_bytes_delta": 0,
          "temporary_spill_bytes_delta": 0
        },
        {
          "method": "tsng",
          "ef_search": 1024,
          "metadata_bonus_cap_ppm": 100000,
          "signal_queue_quota_ppm": 0,
          "graph_seed_limit": 16,
          "p50_ms": 1.2512999999999999,
          "p95_ms": 1.3759,
          "p99_ms": 1.4037,
          "mean_recall_at_10": 0.9249999999999999,
          "mean_ndcg_at_10": 0.9735672936081283,
          "mean_result_count": 10.0,
          "mean_navigation_scores": 3081.21875,
          "mean_candidates_reranked": 1024.0,
          "peak_candidates": 0,
          "peak_temp_bytes": 0,
          "estimated_vector_page_reads": 0,
          "estimated_payload_page_reads": 0,
          "estimated_graph_page_reads": 0,
          "mean_bq_posting_lookup_ms": 0.0,
          "mean_bq_node_mapping_ms": 0.0,
          "mean_bq_heap_scan_ms": 0.0,
          "mean_bq_output_sort_ms": 0.0,
          "bq_slot_cache_hits": 0,
          "bq_slot_cache_misses": 0,
          "mean_bq_mapped_candidates": 0.0,
          "mean_adaptive_ef_search": 0.0,
          "mean_vector_density_skew_ppm": 0.0,
          "selected_access_path": "AnnPostFilter",
          "property_path_cost": 0,
          "graph_path_cost": 0,
          "filtered_ann_path_cost": 0,
          "resident_heap_bytes": 53200116,
          "mapped_bytes": 26758086,
          "wal_bytes_delta": 0,
          "sidecar_bytes_delta": 0,
          "checkpoint_bytes_delta": 0,
          "temporary_spill_bytes_delta": 0
        },
        {
          "method": "graph_union",
          "ef_search": 1024,
          "metadata_bonus_cap_ppm": 100000,
          "signal_queue_quota_ppm": 0,
          "graph_seed_limit": 16,
          "p50_ms": 1.0321,
          "p95_ms": 1.2784,
          "p99_ms": 1.3055,
          "mean_recall_at_10": 0.6218750000000001,
          "mean_ndcg_at_10": 0.7479665144927987,
          "mean_result_count": 10.0,
          "mean_navigation_scores": 6826.15625,
          "mean_candidates_reranked": 1036.15625,
          "peak_candidates": 0,
          "peak_temp_bytes": 0,
          "estimated_vector_page_reads": 0,
          "estimated_payload_page_reads": 0,
          "estimated_graph_page_reads": 0,
          "mean_bq_posting_lookup_ms": 0.0,
          "mean_bq_node_mapping_ms": 0.0,
          "mean_bq_heap_scan_ms": 0.0,
          "mean_bq_output_sort_ms": 0.0,
          "bq_slot_cache_hits": 0,
          "bq_slot_cache_misses": 0,
          "mean_bq_mapped_candidates": 0.0,
          "mean_adaptive_ef_search": 0.0,
          "mean_vector_density_skew_ppm": 0.0,
          "selected_access_path": "AnnPostFilter",
          "property_path_cost": 0,
          "graph_path_cost": 0,
          "filtered_ann_path_cost": 0,
          "resident_heap_bytes": 53200116,
          "mapped_bytes": 26758086,
          "wal_bytes_delta": 0,
          "sidecar_bytes_delta": 0,
          "checkpoint_bytes_delta": 0,
          "temporary_spill_bytes_delta": 0
        },
        {
          "method": "tsng",
          "ef_search": 1024,
          "metadata_bonus_cap_ppm": 100000,
          "signal_queue_quota_ppm": 0,
          "graph_seed_limit": 64,
          "p50_ms": 1.2377,
          "p95_ms": 1.3626,
          "p99_ms": 1.4094000000000002,
          "mean_recall_at_10": 0.9249999999999999,
          "mean_ndcg_at_10": 0.9735672936081283,
          "mean_result_count": 10.0,
          "mean_navigation_scores": 3083.03125,
          "mean_candidates_reranked": 1024.0,
          "peak_candidates": 0,
          "peak_temp_bytes": 0,
          "estimated_vector_page_reads": 0,
          "estimated_payload_page_reads": 0,
          "estimated_graph_page_reads": 0,
          "mean_bq_posting_lookup_ms": 0.0,
          "mean_bq_node_mapping_ms": 0.0,
          "mean_bq_heap_scan_ms": 0.0,
          "mean_bq_output_sort_ms": 0.0,
          "bq_slot_cache_hits": 0,
          "bq_slot_cache_misses": 0,
          "mean_bq_mapped_candidates": 0.0,
          "mean_adaptive_ef_search": 0.0,
          "mean_vector_density_skew_ppm": 0.0,
          "selected_access_path": "AnnPostFilter",
          "property_path_cost": 0,
          "graph_path_cost": 0,
          "filtered_ann_path_cost": 0,
          "resident_heap_bytes": 53200116,
          "mapped_bytes": 26758086,
          "wal_bytes_delta": 0,
          "sidecar_bytes_delta": 0,
          "checkpoint_bytes_delta": 0,
          "temporary_spill_bytes_delta": 0
        },
        {
          "method": "graph_union",
          "ef_search": 1024,
          "metadata_bonus_cap_ppm": 100000,
          "signal_queue_quota_ppm": 0,
          "graph_seed_limit": 64,
          "p50_ms": 1.1135,
          "p95_ms": 1.3244,
          "p99_ms": 1.3477000000000001,
          "mean_recall_at_10": 0.7375000000000002,
          "mean_ndcg_at_10": 0.8412398117261617,
          "mean_result_count": 10.0,
          "mean_navigation_scores": 6826.15625,
          "mean_candidates_reranked": 1075.09375,
          "peak_candidates": 0,
          "peak_temp_bytes": 0,
          "estimated_vector_page_reads": 0,
          "estimated_payload_page_reads": 0,
          "estimated_graph_page_reads": 0,
          "mean_bq_posting_lookup_ms": 0.0,
          "mean_bq_node_mapping_ms": 0.0,
          "mean_bq_heap_scan_ms": 0.0,
          "mean_bq_output_sort_ms": 0.0,
          "bq_slot_cache_hits": 0,
          "bq_slot_cache_misses": 0,
          "mean_bq_mapped_candidates": 0.0,
          "mean_adaptive_ef_search": 0.0,
          "mean_vector_density_skew_ppm": 0.0,
          "selected_access_path": "AnnPostFilter",
          "property_path_cost": 0,
          "graph_path_cost": 0,
          "filtered_ann_path_cost": 0,
          "resident_heap_bytes": 53200116,
          "mapped_bytes": 26758086,
          "wal_bytes_delta": 0,
          "sidecar_bytes_delta": 0,
          "checkpoint_bytes_delta": 0,
          "temporary_spill_bytes_delta": 0
        },
        {
          "method": "tsng",
          "ef_search": 1024,
          "metadata_bonus_cap_ppm": 100000,
          "signal_queue_quota_ppm": 0,
          "graph_seed_limit": 256,
          "p50_ms": 1.2199000000000002,
          "p95_ms": 1.3687,
          "p99_ms": 1.3744,
          "mean_recall_at_10": 0.9249999999999999,
          "mean_ndcg_at_10": 0.9735672936081283,
          "mean_result_count": 10.0,
          "mean_navigation_scores": 3100.96875,
          "mean_candidates_reranked": 1024.0,
          "peak_candidates": 0,
          "peak_temp_bytes": 0,
          "estimated_vector_page_reads": 0,
          "estimated_payload_page_reads": 0,
          "estimated_graph_page_reads": 0,
          "mean_bq_posting_lookup_ms": 0.0,
          "mean_bq_node_mapping_ms": 0.0,
          "mean_bq_heap_scan_ms": 0.0,
          "mean_bq_output_sort_ms": 0.0,
          "bq_slot_cache_hits": 0,
          "bq_slot_cache_misses": 0,
          "mean_bq_mapped_candidates": 0.0,
          "mean_adaptive_ef_search": 0.0,
          "mean_vector_density_skew_ppm": 0.0,
          "selected_access_path": "AnnPostFilter",
          "property_path_cost": 0,
          "graph_path_cost": 0,
          "filtered_ann_path_cost": 0,
          "resident_heap_bytes": 53200116,
          "mapped_bytes": 26758086,
          "wal_bytes_delta": 0,
          "sidecar_bytes_delta": 0,
          "checkpoint_bytes_delta": 0,
          "temporary_spill_bytes_delta": 0
        },
        {
          "method": "graph_union",
          "ef_search": 1024,
          "metadata_bonus_cap_ppm": 100000,
          "signal_queue_quota_ppm": 0,
          "graph_seed_limit": 256,
          "p50_ms": 1.1335,
          "p95_ms": 1.5119,
          "p99_ms": 1.5594000000000001,
          "mean_recall_at_10": 1.0,
          "mean_ndcg_at_10": 1.0,
          "mean_result_count": 10.0,
          "mean_navigation_scores": 6826.15625,
          "mean_candidates_reranked": 1149.5625,
          "peak_candidates": 0,
          "peak_temp_bytes": 0,
          "estimated_vector_page_reads": 0,
          "estimated_payload_page_reads": 0,
          "estimated_graph_page_reads": 0,
          "mean_bq_posting_lookup_ms": 0.0,
          "mean_bq_node_mapping_ms": 0.0,
          "mean_bq_heap_scan_ms": 0.0,
          "mean_bq_output_sort_ms": 0.0,
          "bq_slot_cache_hits": 0,
          "bq_slot_cache_misses": 0,
          "mean_bq_mapped_candidates": 0.0,
          "mean_adaptive_ef_search": 0.0,
          "mean_vector_density_skew_ppm": 0.0,
          "selected_access_path": "AnnPostFilter",
          "property_path_cost": 0,
          "graph_path_cost": 0,
          "filtered_ann_path_cost": 0,
          "resident_heap_bytes": 53200116,
          "mapped_bytes": 26758086,
          "wal_bytes_delta": 0,
          "sidecar_bytes_delta": 0,
          "checkpoint_bytes_delta": 0,
          "temporary_spill_bytes_delta": 0
        },
        {
          "method": "tsng",
          "ef_search": 1024,
          "metadata_bonus_cap_ppm": 100000,
          "signal_queue_quota_ppm": 100000,
          "graph_seed_limit": 0,
          "p50_ms": 1.9204999999999999,
          "p95_ms": 2.8062,
          "p99_ms": 3.0929,
          "mean_recall_at_10": 0.625,
          "mean_ndcg_at_10": 0.6636050746403711,
          "mean_result_count": 10.0,
          "mean_navigation_scores": 7350.25,
          "mean_candidates_reranked": 1024.0,
          "peak_candidates": 0,
          "peak_temp_bytes": 0,
          "estimated_vector_page_reads": 0,
          "estimated_payload_page_reads": 0,
          "estimated_graph_page_reads": 0,
          "mean_bq_posting_lookup_ms": 0.0,
          "mean_bq_node_mapping_ms": 0.0,
          "mean_bq_heap_scan_ms": 0.0,
          "mean_bq_output_sort_ms": 0.0,
          "bq_slot_cache_hits": 0,
          "bq_slot_cache_misses": 0,
          "mean_bq_mapped_candidates": 0.0,
          "mean_adaptive_ef_search": 0.0,
          "mean_vector_density_skew_ppm": 0.0,
          "selected_access_path": "AnnPostFilter",
          "property_path_cost": 0,
          "graph_path_cost": 0,
          "filtered_ann_path_cost": 0,
          "resident_heap_bytes": 53200116,
          "mapped_bytes": 26758086,
          "wal_bytes_delta": 0,
          "sidecar_bytes_delta": 0,
          "checkpoint_bytes_delta": 0,
          "temporary_spill_bytes_delta": 0
        },
        {
          "method": "tsng",
          "ef_search": 1024,
          "metadata_bonus_cap_ppm": 100000,
          "signal_queue_quota_ppm": 100000,
          "graph_seed_limit": 16,
          "p50_ms": 1.1961000000000002,
          "p95_ms": 1.2626,
          "p99_ms": 1.2871,
          "mean_recall_at_10": 0.9249999999999999,
          "mean_ndcg_at_10": 0.9735672936081283,
          "mean_result_count": 10.0,
          "mean_navigation_scores": 3081.21875,
          "mean_candidates_reranked": 1024.0,
          "peak_candidates": 0,
          "peak_temp_bytes": 0,
          "estimated_vector_page_reads": 0,
          "estimated_payload_page_reads": 0,
          "estimated_graph_page_reads": 0,
          "mean_bq_posting_lookup_ms": 0.0,
          "mean_bq_node_mapping_ms": 0.0,
          "mean_bq_heap_scan_ms": 0.0,
          "mean_bq_output_sort_ms": 0.0,
          "bq_slot_cache_hits": 0,
          "bq_slot_cache_misses": 0,
          "mean_bq_mapped_candidates": 0.0,
          "mean_adaptive_ef_search": 0.0,
          "mean_vector_density_skew_ppm": 0.0,
          "selected_access_path": "AnnPostFilter",
          "property_path_cost": 0,
          "graph_path_cost": 0,
          "filtered_ann_path_cost": 0,
          "resident_heap_bytes": 53200116,
          "mapped_bytes": 26758086,
          "wal_bytes_delta": 0,
          "sidecar_bytes_delta": 0,
          "checkpoint_bytes_delta": 0,
          "temporary_spill_bytes_delta": 0
        },
        {
          "method": "tsng",
          "ef_search": 1024,
          "metadata_bonus_cap_ppm": 100000,
          "signal_queue_quota_ppm": 100000,
          "graph_seed_limit": 64,
          "p50_ms": 1.2039,
          "p95_ms": 1.2979,
          "p99_ms": 1.3648,
          "mean_recall_at_10": 0.9249999999999999,
          "mean_ndcg_at_10": 0.9735672936081283,
          "mean_result_count": 10.0,
          "mean_navigation_scores": 3083.03125,
          "mean_candidates_reranked": 1024.0,
          "peak_candidates": 0,
          "peak_temp_bytes": 0,
          "estimated_vector_page_reads": 0,
          "estimated_payload_page_reads": 0,
          "estimated_graph_page_reads": 0,
          "mean_bq_posting_lookup_ms": 0.0,
          "mean_bq_node_mapping_ms": 0.0,
          "mean_bq_heap_scan_ms": 0.0,
          "mean_bq_output_sort_ms": 0.0,
          "bq_slot_cache_hits": 0,
          "bq_slot_cache_misses": 0,
          "mean_bq_mapped_candidates": 0.0,
          "mean_adaptive_ef_search": 0.0,
          "mean_vector_density_skew_ppm": 0.0,
          "selected_access_path": "AnnPostFilter",
          "property_path_cost": 0,
          "graph_path_cost": 0,
          "filtered_ann_path_cost": 0,
          "resident_heap_bytes": 53200116,
          "mapped_bytes": 26758086,
          "wal_bytes_delta": 0,
          "sidecar_bytes_delta": 0,
          "checkpoint_bytes_delta": 0,
          "temporary_spill_bytes_delta": 0
        },
        {
          "method": "tsng",
          "ef_search": 1024,
          "metadata_bonus_cap_ppm": 100000,
          "signal_queue_quota_ppm": 100000,
          "graph_seed_limit": 256,
          "p50_ms": 1.2236,
          "p95_ms": 1.4606000000000001,
          "p99_ms": 1.5546,
          "mean_recall_at_10": 0.9249999999999999,
          "mean_ndcg_at_10": 0.9735672936081283,
          "mean_result_count": 10.0,
          "mean_navigation_scores": 3100.96875,
          "mean_candidates_reranked": 1024.0,
          "peak_candidates": 0,
          "peak_temp_bytes": 0,
          "estimated_vector_page_reads": 0,
          "estimated_payload_page_reads": 0,
          "estimated_graph_page_reads": 0,
          "mean_bq_posting_lookup_ms": 0.0,
          "mean_bq_node_mapping_ms": 0.0,
          "mean_bq_heap_scan_ms": 0.0,
          "mean_bq_output_sort_ms": 0.0,
          "bq_slot_cache_hits": 0,
          "bq_slot_cache_misses": 0,
          "mean_bq_mapped_candidates": 0.0,
          "mean_adaptive_ef_search": 0.0,
          "mean_vector_density_skew_ppm": 0.0,
          "selected_access_path": "AnnPostFilter",
          "property_path_cost": 0,
          "graph_path_cost": 0,
          "filtered_ann_path_cost": 0,
          "resident_heap_bytes": 53200116,
          "mapped_bytes": 26758086,
          "wal_bytes_delta": 0,
          "sidecar_bytes_delta": 0,
          "checkpoint_bytes_delta": 0,
          "temporary_spill_bytes_delta": 0
        },
        {
          "method": "tsng",
          "ef_search": 1024,
          "metadata_bonus_cap_ppm": 100000,
          "signal_queue_quota_ppm": 200000,
          "graph_seed_limit": 0,
          "p50_ms": 1.8519999999999999,
          "p95_ms": 2.8234000000000004,
          "p99_ms": 3.0627,
          "mean_recall_at_10": 0.625,
          "mean_ndcg_at_10": 0.6636050746403711,
          "mean_result_count": 10.0,
          "mean_navigation_scores": 7350.25,
          "mean_candidates_reranked": 1024.0,
          "peak_candidates": 0,
          "peak_temp_bytes": 0,
          "estimated_vector_page_reads": 0,
          "estimated_payload_page_reads": 0,
          "estimated_graph_page_reads": 0,
          "mean_bq_posting_lookup_ms": 0.0,
          "mean_bq_node_mapping_ms": 0.0,
          "mean_bq_heap_scan_ms": 0.0,
          "mean_bq_output_sort_ms": 0.0,
          "bq_slot_cache_hits": 0,
          "bq_slot_cache_misses": 0,
          "mean_bq_mapped_candidates": 0.0,
          "mean_adaptive_ef_search": 0.0,
          "mean_vector_density_skew_ppm": 0.0,
          "selected_access_path": "AnnPostFilter",
          "property_path_cost": 0,
          "graph_path_cost": 0,
          "filtered_ann_path_cost": 0,
          "resident_heap_bytes": 53200116,
          "mapped_bytes": 26758086,
          "wal_bytes_delta": 0,
          "sidecar_bytes_delta": 0,
          "checkpoint_bytes_delta": 0,
          "temporary_spill_bytes_delta": 0
        },
        {
          "method": "tsng",
          "ef_search": 1024,
          "metadata_bonus_cap_ppm": 100000,
          "signal_queue_quota_ppm": 200000,
          "graph_seed_limit": 16,
          "p50_ms": 1.1589,
          "p95_ms": 1.2553,
          "p99_ms": 1.2695,
          "mean_recall_at_10": 0.9249999999999999,
          "mean_ndcg_at_10": 0.9735672936081283,
          "mean_result_count": 10.0,
          "mean_navigation_scores": 3081.21875,
          "mean_candidates_reranked": 1024.0,
          "peak_candidates": 0,
          "peak_temp_bytes": 0,
          "estimated_vector_page_reads": 0,
          "estimated_payload_page_reads": 0,
          "estimated_graph_page_reads": 0,
          "mean_bq_posting_lookup_ms": 0.0,
          "mean_bq_node_mapping_ms": 0.0,
          "mean_bq_heap_scan_ms": 0.0,
          "mean_bq_output_sort_ms": 0.0,
          "bq_slot_cache_hits": 0,
          "bq_slot_cache_misses": 0,
          "mean_bq_mapped_candidates": 0.0,
          "mean_adaptive_ef_search": 0.0,
          "mean_vector_density_skew_ppm": 0.0,
          "selected_access_path": "AnnPostFilter",
          "property_path_cost": 0,
          "graph_path_cost": 0,
          "filtered_ann_path_cost": 0,
          "resident_heap_bytes": 53200116,
          "mapped_bytes": 26758086,
          "wal_bytes_delta": 0,
          "sidecar_bytes_delta": 0,
          "checkpoint_bytes_delta": 0,
          "temporary_spill_bytes_delta": 0
        },
        {
          "method": "tsng",
          "ef_search": 1024,
          "metadata_bonus_cap_ppm": 100000,
          "signal_queue_quota_ppm": 200000,
          "graph_seed_limit": 64,
          "p50_ms": 1.2175,
          "p95_ms": 1.4732,
          "p99_ms": 1.4974999999999998,
          "mean_recall_at_10": 0.9249999999999999,
          "mean_ndcg_at_10": 0.9735672936081283,
          "mean_result_count": 10.0,
          "mean_navigation_scores": 3083.03125,
          "mean_candidates_reranked": 1024.0,
          "peak_candidates": 0,
          "peak_temp_bytes": 0,
          "estimated_vector_page_reads": 0,
          "estimated_payload_page_reads": 0,
          "estimated_graph_page_reads": 0,
          "mean_bq_posting_lookup_ms": 0.0,
          "mean_bq_node_mapping_ms": 0.0,
          "mean_bq_heap_scan_ms": 0.0,
          "mean_bq_output_sort_ms": 0.0,
          "bq_slot_cache_hits": 0,
          "bq_slot_cache_misses": 0,
          "mean_bq_mapped_candidates": 0.0,
          "mean_adaptive_ef_search": 0.0,
          "mean_vector_density_skew_ppm": 0.0,
          "selected_access_path": "AnnPostFilter",
          "property_path_cost": 0,
          "graph_path_cost": 0,
          "filtered_ann_path_cost": 0,
          "resident_heap_bytes": 53200116,
          "mapped_bytes": 26758086,
          "wal_bytes_delta": 0,
          "sidecar_bytes_delta": 0,
          "checkpoint_bytes_delta": 0,
          "temporary_spill_bytes_delta": 0
        },
        {
          "method": "tsng",
          "ef_search": 1024,
          "metadata_bonus_cap_ppm": 100000,
          "signal_queue_quota_ppm": 200000,
          "graph_seed_limit": 256,
          "p50_ms": 1.2454,
          "p95_ms": 1.4801,
          "p99_ms": 1.6508,
          "mean_recall_at_10": 0.9249999999999999,
          "mean_ndcg_at_10": 0.9735672936081283,
          "mean_result_count": 10.0,
          "mean_navigation_scores": 3100.96875,
          "mean_candidates_reranked": 1024.0,
          "peak_candidates": 0,
          "peak_temp_bytes": 0,
          "estimated_vector_page_reads": 0,
          "estimated_payload_page_reads": 0,
          "estimated_graph_page_reads": 0,
          "mean_bq_posting_lookup_ms": 0.0,
          "mean_bq_node_mapping_ms": 0.0,
          "mean_bq_heap_scan_ms": 0.0,
          "mean_bq_output_sort_ms": 0.0,
          "bq_slot_cache_hits": 0,
          "bq_slot_cache_misses": 0,
          "mean_bq_mapped_candidates": 0.0,
          "mean_adaptive_ef_search": 0.0,
          "mean_vector_density_skew_ppm": 0.0,
          "selected_access_path": "AnnPostFilter",
          "property_path_cost": 0,
          "graph_path_cost": 0,
          "filtered_ann_path_cost": 0,
          "resident_heap_bytes": 53200116,
          "mapped_bytes": 26758086,
          "wal_bytes_delta": 0,
          "sidecar_bytes_delta": 0,
          "checkpoint_bytes_delta": 0,
          "temporary_spill_bytes_delta": 0
        },
        {
          "method": "tsng",
          "ef_search": 1024,
          "metadata_bonus_cap_ppm": 100000,
          "signal_queue_quota_ppm": 250000,
          "graph_seed_limit": 0,
          "p50_ms": 1.9789,
          "p95_ms": 2.9784,
          "p99_ms": 2.9974,
          "mean_recall_at_10": 0.625,
          "mean_ndcg_at_10": 0.6636050746403711,
          "mean_result_count": 10.0,
          "mean_navigation_scores": 7350.25,
          "mean_candidates_reranked": 1024.0,
          "peak_candidates": 0,
          "peak_temp_bytes": 0,
          "estimated_vector_page_reads": 0,
          "estimated_payload_page_reads": 0,
          "estimated_graph_page_reads": 0,
          "mean_bq_posting_lookup_ms": 0.0,
          "mean_bq_node_mapping_ms": 0.0,
          "mean_bq_heap_scan_ms": 0.0,
          "mean_bq_output_sort_ms": 0.0,
          "bq_slot_cache_hits": 0,
          "bq_slot_cache_misses": 0,
          "mean_bq_mapped_candidates": 0.0,
          "mean_adaptive_ef_search": 0.0,
          "mean_vector_density_skew_ppm": 0.0,
          "selected_access_path": "AnnPostFilter",
          "property_path_cost": 0,
          "graph_path_cost": 0,
          "filtered_ann_path_cost": 0,
          "resident_heap_bytes": 53200116,
          "mapped_bytes": 26758086,
          "wal_bytes_delta": 0,
          "sidecar_bytes_delta": 0,
          "checkpoint_bytes_delta": 0,
          "temporary_spill_bytes_delta": 0
        },
        {
          "method": "tsng",
          "ef_search": 1024,
          "metadata_bonus_cap_ppm": 100000,
          "signal_queue_quota_ppm": 250000,
          "graph_seed_limit": 16,
          "p50_ms": 1.1752,
          "p95_ms": 1.3531000000000002,
          "p99_ms": 1.4208999999999998,
          "mean_recall_at_10": 0.9249999999999999,
          "mean_ndcg_at_10": 0.9735672936081283,
          "mean_result_count": 10.0,
          "mean_navigation_scores": 3081.21875,
          "mean_candidates_reranked": 1024.0,
          "peak_candidates": 0,
          "peak_temp_bytes": 0,
          "estimated_vector_page_reads": 0,
          "estimated_payload_page_reads": 0,
          "estimated_graph_page_reads": 0,
          "mean_bq_posting_lookup_ms": 0.0,
          "mean_bq_node_mapping_ms": 0.0,
          "mean_bq_heap_scan_ms": 0.0,
          "mean_bq_output_sort_ms": 0.0,
          "bq_slot_cache_hits": 0,
          "bq_slot_cache_misses": 0,
          "mean_bq_mapped_candidates": 0.0,
          "mean_adaptive_ef_search": 0.0,
          "mean_vector_density_skew_ppm": 0.0,
          "selected_access_path": "AnnPostFilter",
          "property_path_cost": 0,
          "graph_path_cost": 0,
          "filtered_ann_path_cost": 0,
          "resident_heap_bytes": 53200116,
          "mapped_bytes": 26758086,
          "wal_bytes_delta": 0,
          "sidecar_bytes_delta": 0,
          "checkpoint_bytes_delta": 0,
          "temporary_spill_bytes_delta": 0
        },
        {
          "method": "tsng",
          "ef_search": 1024,
          "metadata_bonus_cap_ppm": 100000,
          "signal_queue_quota_ppm": 250000,
          "graph_seed_limit": 64,
          "p50_ms": 1.2263,
          "p95_ms": 1.6322,
          "p99_ms": 1.6437,
          "mean_recall_at_10": 0.9249999999999999,
          "mean_ndcg_at_10": 0.9735672936081283,
          "mean_result_count": 10.0,
          "mean_navigation_scores": 3083.03125,
          "mean_candidates_reranked": 1024.0,
          "peak_candidates": 0,
          "peak_temp_bytes": 0,
          "estimated_vector_page_reads": 0,
          "estimated_payload_page_reads": 0,
          "estimated_graph_page_reads": 0,
          "mean_bq_posting_lookup_ms": 0.0,
          "mean_bq_node_mapping_ms": 0.0,
          "mean_bq_heap_scan_ms": 0.0,
          "mean_bq_output_sort_ms": 0.0,
          "bq_slot_cache_hits": 0,
          "bq_slot_cache_misses": 0,
          "mean_bq_mapped_candidates": 0.0,
          "mean_adaptive_ef_search": 0.0,
          "mean_vector_density_skew_ppm": 0.0,
          "selected_access_path": "AnnPostFilter",
          "property_path_cost": 0,
          "graph_path_cost": 0,
          "filtered_ann_path_cost": 0,
          "resident_heap_bytes": 53200116,
          "mapped_bytes": 26758086,
          "wal_bytes_delta": 0,
          "sidecar_bytes_delta": 0,
          "checkpoint_bytes_delta": 0,
          "temporary_spill_bytes_delta": 0
        },
        {
          "method": "tsng",
          "ef_search": 1024,
          "metadata_bonus_cap_ppm": 100000,
          "signal_queue_quota_ppm": 250000,
          "graph_seed_limit": 256,
          "p50_ms": 1.1974,
          "p95_ms": 1.3288,
          "p99_ms": 1.3314,
          "mean_recall_at_10": 0.9249999999999999,
          "mean_ndcg_at_10": 0.9735672936081283,
          "mean_result_count": 10.0,
          "mean_navigation_scores": 3100.96875,
          "mean_candidates_reranked": 1024.0,
          "peak_candidates": 0,
          "peak_temp_bytes": 0,
          "estimated_vector_page_reads": 0,
          "estimated_payload_page_reads": 0,
          "estimated_graph_page_reads": 0,
          "mean_bq_posting_lookup_ms": 0.0,
          "mean_bq_node_mapping_ms": 0.0,
          "mean_bq_heap_scan_ms": 0.0,
          "mean_bq_output_sort_ms": 0.0,
          "bq_slot_cache_hits": 0,
          "bq_slot_cache_misses": 0,
          "mean_bq_mapped_candidates": 0.0,
          "mean_adaptive_ef_search": 0.0,
          "mean_vector_density_skew_ppm": 0.0,
          "selected_access_path": "AnnPostFilter",
          "property_path_cost": 0,
          "graph_path_cost": 0,
          "filtered_ann_path_cost": 0,
          "resident_heap_bytes": 53200116,
          "mapped_bytes": 26758086,
          "wal_bytes_delta": 0,
          "sidecar_bytes_delta": 0,
          "checkpoint_bytes_delta": 0,
          "temporary_spill_bytes_delta": 0
        },
        {
          "method": "tsng",
          "ef_search": 1024,
          "metadata_bonus_cap_ppm": 100000,
          "signal_queue_quota_ppm": 330000,
          "graph_seed_limit": 0,
          "p50_ms": 1.9086,
          "p95_ms": 2.8636,
          "p99_ms": 3.0888,
          "mean_recall_at_10": 0.6375000000000001,
          "mean_ndcg_at_10": 0.6701370301971946,
          "mean_result_count": 10.0,
          "mean_navigation_scores": 7350.25,
          "mean_candidates_reranked": 1024.0,
          "peak_candidates": 0,
          "peak_temp_bytes": 0,
          "estimated_vector_page_reads": 0,
          "estimated_payload_page_reads": 0,
          "estimated_graph_page_reads": 0,
          "mean_bq_posting_lookup_ms": 0.0,
          "mean_bq_node_mapping_ms": 0.0,
          "mean_bq_heap_scan_ms": 0.0,
          "mean_bq_output_sort_ms": 0.0,
          "bq_slot_cache_hits": 0,
          "bq_slot_cache_misses": 0,
          "mean_bq_mapped_candidates": 0.0,
          "mean_adaptive_ef_search": 0.0,
          "mean_vector_density_skew_ppm": 0.0,
          "selected_access_path": "AnnPostFilter",
          "property_path_cost": 0,
          "graph_path_cost": 0,
          "filtered_ann_path_cost": 0,
          "resident_heap_bytes": 53200116,
          "mapped_bytes": 26758086,
          "wal_bytes_delta": 0,
          "sidecar_bytes_delta": 0,
          "checkpoint_bytes_delta": 0,
          "temporary_spill_bytes_delta": 0
        },
        {
          "method": "tsng",
          "ef_search": 1024,
          "metadata_bonus_cap_ppm": 100000,
          "signal_queue_quota_ppm": 330000,
          "graph_seed_limit": 16,
          "p50_ms": 1.1948,
          "p95_ms": 1.2789,
          "p99_ms": 1.2925,
          "mean_recall_at_10": 0.9406249999999998,
          "mean_ndcg_at_10": 0.981437387451917,
          "mean_result_count": 10.0,
          "mean_navigation_scores": 3081.21875,
          "mean_candidates_reranked": 1024.0,
          "peak_candidates": 0,
          "peak_temp_bytes": 0,
          "estimated_vector_page_reads": 0,
          "estimated_payload_page_reads": 0,
          "estimated_graph_page_reads": 0,
          "mean_bq_posting_lookup_ms": 0.0,
          "mean_bq_node_mapping_ms": 0.0,
          "mean_bq_heap_scan_ms": 0.0,
          "mean_bq_output_sort_ms": 0.0,
          "bq_slot_cache_hits": 0,
          "bq_slot_cache_misses": 0,
          "mean_bq_mapped_candidates": 0.0,
          "mean_adaptive_ef_search": 0.0,
          "mean_vector_density_skew_ppm": 0.0,
          "selected_access_path": "AnnPostFilter",
          "property_path_cost": 0,
          "graph_path_cost": 0,
          "filtered_ann_path_cost": 0,
          "resident_heap_bytes": 53200116,
          "mapped_bytes": 26758086,
          "wal_bytes_delta": 0,
          "sidecar_bytes_delta": 0,
          "checkpoint_bytes_delta": 0,
          "temporary_spill_bytes_delta": 0
        },
        {
          "method": "tsng",
          "ef_search": 1024,
          "metadata_bonus_cap_ppm": 100000,
          "signal_queue_quota_ppm": 330000,
          "graph_seed_limit": 64,
          "p50_ms": 1.2042000000000002,
          "p95_ms": 1.3274000000000001,
          "p99_ms": 1.374,
          "mean_recall_at_10": 0.9406249999999998,
          "mean_ndcg_at_10": 0.981437387451917,
          "mean_result_count": 10.0,
          "mean_navigation_scores": 3083.03125,
          "mean_candidates_reranked": 1024.0,
          "peak_candidates": 0,
          "peak_temp_bytes": 0,
          "estimated_vector_page_reads": 0,
          "estimated_payload_page_reads": 0,
          "estimated_graph_page_reads": 0,
          "mean_bq_posting_lookup_ms": 0.0,
          "mean_bq_node_mapping_ms": 0.0,
          "mean_bq_heap_scan_ms": 0.0,
          "mean_bq_output_sort_ms": 0.0,
          "bq_slot_cache_hits": 0,
          "bq_slot_cache_misses": 0,
          "mean_bq_mapped_candidates": 0.0,
          "mean_adaptive_ef_search": 0.0,
          "mean_vector_density_skew_ppm": 0.0,
          "selected_access_path": "AnnPostFilter",
          "property_path_cost": 0,
          "graph_path_cost": 0,
          "filtered_ann_path_cost": 0,
          "resident_heap_bytes": 53200116,
          "mapped_bytes": 26758086,
          "wal_bytes_delta": 0,
          "sidecar_bytes_delta": 0,
          "checkpoint_bytes_delta": 0,
          "temporary_spill_bytes_delta": 0
        },
        {
          "method": "tsng",
          "ef_search": 1024,
          "metadata_bonus_cap_ppm": 100000,
          "signal_queue_quota_ppm": 330000,
          "graph_seed_limit": 256,
          "p50_ms": 1.2327,
          "p95_ms": 1.3581,
          "p99_ms": 1.4285,
          "mean_recall_at_10": 0.9406249999999998,
          "mean_ndcg_at_10": 0.981437387451917,
          "mean_result_count": 10.0,
          "mean_navigation_scores": 3100.96875,
          "mean_candidates_reranked": 1024.0,
          "peak_candidates": 0,
          "peak_temp_bytes": 0,
          "estimated_vector_page_reads": 0,
          "estimated_payload_page_reads": 0,
          "estimated_graph_page_reads": 0,
          "mean_bq_posting_lookup_ms": 0.0,
          "mean_bq_node_mapping_ms": 0.0,
          "mean_bq_heap_scan_ms": 0.0,
          "mean_bq_output_sort_ms": 0.0,
          "bq_slot_cache_hits": 0,
          "bq_slot_cache_misses": 0,
          "mean_bq_mapped_candidates": 0.0,
          "mean_adaptive_ef_search": 0.0,
          "mean_vector_density_skew_ppm": 0.0,
          "selected_access_path": "AnnPostFilter",
          "property_path_cost": 0,
          "graph_path_cost": 0,
          "filtered_ann_path_cost": 0,
          "resident_heap_bytes": 53200116,
          "mapped_bytes": 26758086,
          "wal_bytes_delta": 0,
          "sidecar_bytes_delta": 0,
          "checkpoint_bytes_delta": 0,
          "temporary_spill_bytes_delta": 0
        },
        {
          "method": "tsng",
          "ef_search": 1024,
          "metadata_bonus_cap_ppm": 100000,
          "signal_queue_quota_ppm": 500000,
          "graph_seed_limit": 0,
          "p50_ms": 1.9691,
          "p95_ms": 2.8868,
          "p99_ms": 3.1923,
          "mean_recall_at_10": 0.684375,
          "mean_ndcg_at_10": 0.6862080268935974,
          "mean_result_count": 10.0,
          "mean_navigation_scores": 7350.25,
          "mean_candidates_reranked": 1024.0,
          "peak_candidates": 0,
          "peak_temp_bytes": 0,
          "estimated_vector_page_reads": 0,
          "estimated_payload_page_reads": 0,
          "estimated_graph_page_reads": 0,
          "mean_bq_posting_lookup_ms": 0.0,
          "mean_bq_node_mapping_ms": 0.0,
          "mean_bq_heap_scan_ms": 0.0,
          "mean_bq_output_sort_ms": 0.0,
          "bq_slot_cache_hits": 0,
          "bq_slot_cache_misses": 0,
          "mean_bq_mapped_candidates": 0.0,
          "mean_adaptive_ef_search": 0.0,
          "mean_vector_density_skew_ppm": 0.0,
          "selected_access_path": "AnnPostFilter",
          "property_path_cost": 0,
          "graph_path_cost": 0,
          "filtered_ann_path_cost": 0,
          "resident_heap_bytes": 53200116,
          "mapped_bytes": 26758086,
          "wal_bytes_delta": 0,
          "sidecar_bytes_delta": 0,
          "checkpoint_bytes_delta": 0,
          "temporary_spill_bytes_delta": 0
        },
        {
          "method": "tsng",
          "ef_search": 1024,
          "metadata_bonus_cap_ppm": 100000,
          "signal_queue_quota_ppm": 500000,
          "graph_seed_limit": 16,
          "p50_ms": 1.2041,
          "p95_ms": 1.2993,
          "p99_ms": 1.3519999999999999,
          "mean_recall_at_10": 0.996875,
          "mean_ndcg_at_10": 0.9987080268935974,
          "mean_result_count": 10.0,
          "mean_navigation_scores": 3081.21875,
          "mean_candidates_reranked": 1024.0,
          "peak_candidates": 0,
          "peak_temp_bytes": 0,
          "estimated_vector_page_reads": 0,
          "estimated_payload_page_reads": 0,
          "estimated_graph_page_reads": 0,
          "mean_bq_posting_lookup_ms": 0.0,
          "mean_bq_node_mapping_ms": 0.0,
          "mean_bq_heap_scan_ms": 0.0,
          "mean_bq_output_sort_ms": 0.0,
          "bq_slot_cache_hits": 0,
          "bq_slot_cache_misses": 0,
          "mean_bq_mapped_candidates": 0.0,
          "mean_adaptive_ef_search": 0.0,
          "mean_vector_density_skew_ppm": 0.0,
          "selected_access_path": "AnnPostFilter",
          "property_path_cost": 0,
          "graph_path_cost": 0,
          "filtered_ann_path_cost": 0,
          "resident_heap_bytes": 53200116,
          "mapped_bytes": 26758086,
          "wal_bytes_delta": 0,
          "sidecar_bytes_delta": 0,
          "checkpoint_bytes_delta": 0,
          "temporary_spill_bytes_delta": 0
        },
        {
          "method": "tsng",
          "ef_search": 1024,
          "metadata_bonus_cap_ppm": 100000,
          "signal_queue_quota_ppm": 500000,
          "graph_seed_limit": 64,
          "p50_ms": 1.2167000000000001,
          "p95_ms": 1.3489,
          "p99_ms": 1.4661,
          "mean_recall_at_10": 0.996875,
          "mean_ndcg_at_10": 0.9987080268935974,
          "mean_result_count": 10.0,
          "mean_navigation_scores": 3083.03125,
          "mean_candidates_reranked": 1024.0,
          "peak_candidates": 0,
          "peak_temp_bytes": 0,
          "estimated_vector_page_reads": 0,
          "estimated_payload_page_reads": 0,
          "estimated_graph_page_reads": 0,
          "mean_bq_posting_lookup_ms": 0.0,
          "mean_bq_node_mapping_ms": 0.0,
          "mean_bq_heap_scan_ms": 0.0,
          "mean_bq_output_sort_ms": 0.0,
          "bq_slot_cache_hits": 0,
          "bq_slot_cache_misses": 0,
          "mean_bq_mapped_candidates": 0.0,
          "mean_adaptive_ef_search": 0.0,
          "mean_vector_density_skew_ppm": 0.0,
          "selected_access_path": "AnnPostFilter",
          "property_path_cost": 0,
          "graph_path_cost": 0,
          "filtered_ann_path_cost": 0,
          "resident_heap_bytes": 53200116,
          "mapped_bytes": 26758086,
          "wal_bytes_delta": 0,
          "sidecar_bytes_delta": 0,
          "checkpoint_bytes_delta": 0,
          "temporary_spill_bytes_delta": 0
        },
        {
          "method": "tsng",
          "ef_search": 1024,
          "metadata_bonus_cap_ppm": 100000,
          "signal_queue_quota_ppm": 500000,
          "graph_seed_limit": 256,
          "p50_ms": 1.2204,
          "p95_ms": 1.5051999999999999,
          "p99_ms": 1.5109,
          "mean_recall_at_10": 0.996875,
          "mean_ndcg_at_10": 0.9987080268935974,
          "mean_result_count": 10.0,
          "mean_navigation_scores": 3100.96875,
          "mean_candidates_reranked": 1024.0,
          "peak_candidates": 0,
          "peak_temp_bytes": 0,
          "estimated_vector_page_reads": 0,
          "estimated_payload_page_reads": 0,
          "estimated_graph_page_reads": 0,
          "mean_bq_posting_lookup_ms": 0.0,
          "mean_bq_node_mapping_ms": 0.0,
          "mean_bq_heap_scan_ms": 0.0,
          "mean_bq_output_sort_ms": 0.0,
          "bq_slot_cache_hits": 0,
          "bq_slot_cache_misses": 0,
          "mean_bq_mapped_candidates": 0.0,
          "mean_adaptive_ef_search": 0.0,
          "mean_vector_density_skew_ppm": 0.0,
          "selected_access_path": "AnnPostFilter",
          "property_path_cost": 0,
          "graph_path_cost": 0,
          "filtered_ann_path_cost": 0,
          "resident_heap_bytes": 53200116,
          "mapped_bytes": 26758086,
          "wal_bytes_delta": 0,
          "sidecar_bytes_delta": 0,
          "checkpoint_bytes_delta": 0,
          "temporary_spill_bytes_delta": 0
        },
        {
          "method": "industrial_fixed",
          "ef_search": 2048,
          "metadata_bonus_cap_ppm": 0,
          "signal_queue_quota_ppm": 0,
          "graph_seed_limit": 0,
          "p50_ms": 2.1159999999999997,
          "p95_ms": 2.6853,
          "p99_ms": 2.9034,
          "mean_recall_at_10": 1.0,
          "mean_ndcg_at_10": 1.0,
          "mean_result_count": 10.0,
          "mean_navigation_scores": 9129.0,
          "mean_candidates_reranked": 2110.65625,
          "peak_candidates": 2203,
          "peak_temp_bytes": 35248,
          "estimated_vector_page_reads": 4238,
          "estimated_payload_page_reads": 67541,
          "estimated_graph_page_reads": 32,
          "mean_bq_posting_lookup_ms": 0.0,
          "mean_bq_node_mapping_ms": 0.0,
          "mean_bq_heap_scan_ms": 0.0,
          "mean_bq_output_sort_ms": 0.0,
          "bq_slot_cache_hits": 0,
          "bq_slot_cache_misses": 0,
          "mean_bq_mapped_candidates": 0.0,
          "mean_adaptive_ef_search": 2048.0,
          "mean_vector_density_skew_ppm": 1000000.0,
          "selected_access_path": "GraphVectorUnion",
          "property_path_cost": 18446744073709551615,
          "graph_path_cost": 14016,
          "filtered_ann_path_cost": 18446744073709551615,
          "resident_heap_bytes": 53200116,
          "mapped_bytes": 26758086,
          "wal_bytes_delta": 0,
          "sidecar_bytes_delta": 0,
          "checkpoint_bytes_delta": 0,
          "temporary_spill_bytes_delta": 0
        },
        {
          "method": "industrial_selectivity",
          "ef_search": 2048,
          "metadata_bonus_cap_ppm": 0,
          "signal_queue_quota_ppm": 0,
          "graph_seed_limit": 0,
          "p50_ms": 2.0825,
          "p95_ms": 2.7386,
          "p99_ms": 2.9486,
          "mean_recall_at_10": 1.0,
          "mean_ndcg_at_10": 1.0,
          "mean_result_count": 10.0,
          "mean_navigation_scores": 9129.0,
          "mean_candidates_reranked": 2110.65625,
          "peak_candidates": 2203,
          "peak_temp_bytes": 35248,
          "estimated_vector_page_reads": 4238,
          "estimated_payload_page_reads": 67541,
          "estimated_graph_page_reads": 32,
          "mean_bq_posting_lookup_ms": 0.0,
          "mean_bq_node_mapping_ms": 0.0,
          "mean_bq_heap_scan_ms": 0.0,
          "mean_bq_output_sort_ms": 0.0,
          "bq_slot_cache_hits": 0,
          "bq_slot_cache_misses": 0,
          "mean_bq_mapped_candidates": 0.0,
          "mean_adaptive_ef_search": 2048.0,
          "mean_vector_density_skew_ppm": 1000000.0,
          "selected_access_path": "GraphVectorUnion",
          "property_path_cost": 18446744073709551615,
          "graph_path_cost": 14016,
          "filtered_ann_path_cost": 18446744073709551615,
          "resident_heap_bytes": 53200116,
          "mapped_bytes": 26758086,
          "wal_bytes_delta": 0,
          "sidecar_bytes_delta": 0,
          "checkpoint_bytes_delta": 0,
          "temporary_spill_bytes_delta": 0
        },
        {
          "method": "industrial_density",
          "ef_search": 2048,
          "metadata_bonus_cap_ppm": 0,
          "signal_queue_quota_ppm": 0,
          "graph_seed_limit": 0,
          "p50_ms": 2.0780999999999996,
          "p95_ms": 2.5427,
          "p99_ms": 2.5893,
          "mean_recall_at_10": 1.0,
          "mean_ndcg_at_10": 1.0,
          "mean_result_count": 10.0,
          "mean_navigation_scores": 9129.0,
          "mean_candidates_reranked": 2110.65625,
          "peak_candidates": 2203,
          "peak_temp_bytes": 35248,
          "estimated_vector_page_reads": 4238,
          "estimated_payload_page_reads": 67541,
          "estimated_graph_page_reads": 32,
          "mean_bq_posting_lookup_ms": 0.0,
          "mean_bq_node_mapping_ms": 0.0,
          "mean_bq_heap_scan_ms": 0.0,
          "mean_bq_output_sort_ms": 0.0,
          "bq_slot_cache_hits": 0,
          "bq_slot_cache_misses": 0,
          "mean_bq_mapped_candidates": 0.0,
          "mean_adaptive_ef_search": 2048.0,
          "mean_vector_density_skew_ppm": 1000000.0,
          "selected_access_path": "GraphVectorUnion",
          "property_path_cost": 18446744073709551615,
          "graph_path_cost": 14016,
          "filtered_ann_path_cost": 18446744073709551615,
          "resident_heap_bytes": 53200116,
          "mapped_bytes": 26758086,
          "wal_bytes_delta": 0,
          "sidecar_bytes_delta": 0,
          "checkpoint_bytes_delta": 0,
          "temporary_spill_bytes_delta": 0
        },
        {
          "method": "post_filter",
          "ef_search": 2048,
          "metadata_bonus_cap_ppm": 0,
          "signal_queue_quota_ppm": 0,
          "graph_seed_limit": 0,
          "p50_ms": 1.9816999999999998,
          "p95_ms": 2.5224,
          "p99_ms": 2.6285000000000003,
          "mean_recall_at_10": 0.903125,
          "mean_ndcg_at_10": 0.9049580268935974,
          "mean_result_count": 10.0,
          "mean_navigation_scores": 9129.0,
          "mean_candidates_reranked": 2048.0,
          "peak_candidates": 0,
          "peak_temp_bytes": 0,
          "estimated_vector_page_reads": 0,
          "estimated_payload_page_reads": 0,
          "estimated_graph_page_reads": 0,
          "mean_bq_posting_lookup_ms": 0.0,
          "mean_bq_node_mapping_ms": 0.0,
          "mean_bq_heap_scan_ms": 0.0,
          "mean_bq_output_sort_ms": 0.0,
          "bq_slot_cache_hits": 0,
          "bq_slot_cache_misses": 0,
          "mean_bq_mapped_candidates": 0.0,
          "mean_adaptive_ef_search": 0.0,
          "mean_vector_density_skew_ppm": 0.0,
          "selected_access_path": "AnnPostFilter",
          "property_path_cost": 0,
          "graph_path_cost": 0,
          "filtered_ann_path_cost": 0,
          "resident_heap_bytes": 53200116,
          "mapped_bytes": 26758086,
          "wal_bytes_delta": 0,
          "sidecar_bytes_delta": 0,
          "checkpoint_bytes_delta": 0,
          "temporary_spill_bytes_delta": 0
        },
        {
          "method": "tsng",
          "ef_search": 2048,
          "metadata_bonus_cap_ppm": 100000,
          "signal_queue_quota_ppm": 0,
          "graph_seed_limit": 0,
          "p50_ms": 2.3042000000000002,
          "p95_ms": 3.1481999999999997,
          "p99_ms": 3.3667,
          "mean_recall_at_10": 0.90625,
          "mean_ndcg_at_10": 0.90625,
          "mean_result_count": 10.0,
          "mean_navigation_scores": 9132.09375,
          "mean_candidates_reranked": 2048.0,
          "peak_candidates": 0,
          "peak_temp_bytes": 0,
          "estimated_vector_page_reads": 0,
          "estimated_payload_page_reads": 0,
          "estimated_graph_page_reads": 0,
          "mean_bq_posting_lookup_ms": 0.0,
          "mean_bq_node_mapping_ms": 0.0,
          "mean_bq_heap_scan_ms": 0.0,
          "mean_bq_output_sort_ms": 0.0,
          "bq_slot_cache_hits": 0,
          "bq_slot_cache_misses": 0,
          "mean_bq_mapped_candidates": 0.0,
          "mean_adaptive_ef_search": 0.0,
          "mean_vector_density_skew_ppm": 0.0,
          "selected_access_path": "AnnPostFilter",
          "property_path_cost": 0,
          "graph_path_cost": 0,
          "filtered_ann_path_cost": 0,
          "resident_heap_bytes": 53200116,
          "mapped_bytes": 26758086,
          "wal_bytes_delta": 0,
          "sidecar_bytes_delta": 0,
          "checkpoint_bytes_delta": 0,
          "temporary_spill_bytes_delta": 0
        },
        {
          "method": "tsng",
          "ef_search": 2048,
          "metadata_bonus_cap_ppm": 100000,
          "signal_queue_quota_ppm": 0,
          "graph_seed_limit": 16,
          "p50_ms": 1.9564000000000001,
          "p95_ms": 2.3384,
          "p99_ms": 2.4015999999999997,
          "mean_recall_at_10": 0.996875,
          "mean_ndcg_at_10": 0.9987080268935974,
          "mean_result_count": 10.0,
          "mean_navigation_scores": 3307.84375,
          "mean_candidates_reranked": 2048.0,
          "peak_candidates": 0,
          "peak_temp_bytes": 0,
          "estimated_vector_page_reads": 0,
          "estimated_payload_page_reads": 0,
          "estimated_graph_page_reads": 0,
          "mean_bq_posting_lookup_ms": 0.0,
          "mean_bq_node_mapping_ms": 0.0,
          "mean_bq_heap_scan_ms": 0.0,
          "mean_bq_output_sort_ms": 0.0,
          "bq_slot_cache_hits": 0,
          "bq_slot_cache_misses": 0,
          "mean_bq_mapped_candidates": 0.0,
          "mean_adaptive_ef_search": 0.0,
          "mean_vector_density_skew_ppm": 0.0,
          "selected_access_path": "AnnPostFilter",
          "property_path_cost": 0,
          "graph_path_cost": 0,
          "filtered_ann_path_cost": 0,
          "resident_heap_bytes": 53200116,
          "mapped_bytes": 26758086,
          "wal_bytes_delta": 0,
          "sidecar_bytes_delta": 0,
          "checkpoint_bytes_delta": 0,
          "temporary_spill_bytes_delta": 0
        },
        {
          "method": "graph_union",
          "ef_search": 2048,
          "metadata_bonus_cap_ppm": 100000,
          "signal_queue_quota_ppm": 0,
          "graph_seed_limit": 16,
          "p50_ms": 1.9580000000000002,
          "p95_ms": 2.5399,
          "p99_ms": 2.5688999999999997,
          "mean_recall_at_10": 0.921875,
          "mean_ndcg_at_10": 0.9432078705309557,
          "mean_result_count": 10.0,
          "mean_navigation_scores": 9129.0,
          "mean_candidates_reranked": 2053.84375,
          "peak_candidates": 0,
          "peak_temp_bytes": 0,
          "estimated_vector_page_reads": 0,
          "estimated_payload_page_reads": 0,
          "estimated_graph_page_reads": 0,
          "mean_bq_posting_lookup_ms": 0.0,
          "mean_bq_node_mapping_ms": 0.0,
          "mean_bq_heap_scan_ms": 0.0,
          "mean_bq_output_sort_ms": 0.0,
          "bq_slot_cache_hits": 0,
          "bq_slot_cache_misses": 0,
          "mean_bq_mapped_candidates": 0.0,
          "mean_adaptive_ef_search": 0.0,
          "mean_vector_density_skew_ppm": 0.0,
          "selected_access_path": "AnnPostFilter",
          "property_path_cost": 0,
          "graph_path_cost": 0,
          "filtered_ann_path_cost": 0,
          "resident_heap_bytes": 53200116,
          "mapped_bytes": 26758086,
          "wal_bytes_delta": 0,
          "sidecar_bytes_delta": 0,
          "checkpoint_bytes_delta": 0,
          "temporary_spill_bytes_delta": 0
        },
        {
          "method": "tsng",
          "ef_search": 2048,
          "metadata_bonus_cap_ppm": 100000,
          "signal_queue_quota_ppm": 0,
          "graph_seed_limit": 64,
          "p50_ms": 2.0102,
          "p95_ms": 2.26,
          "p99_ms": 2.2988,
          "mean_recall_at_10": 0.996875,
          "mean_ndcg_at_10": 0.9987080268935974,
          "mean_result_count": 10.0,
          "mean_navigation_scores": 3308.25,
          "mean_candidates_reranked": 2048.0,
          "peak_candidates": 0,
          "peak_temp_bytes": 0,
          "estimated_vector_page_reads": 0,
          "estimated_payload_page_reads": 0,
          "estimated_graph_page_reads": 0,
          "mean_bq_posting_lookup_ms": 0.0,
          "mean_bq_node_mapping_ms": 0.0,
          "mean_bq_heap_scan_ms": 0.0,
          "mean_bq_output_sort_ms": 0.0,
          "bq_slot_cache_hits": 0,
          "bq_slot_cache_misses": 0,
          "mean_bq_mapped_candidates": 0.0,
          "mean_adaptive_ef_search": 0.0,
          "mean_vector_density_skew_ppm": 0.0,
          "selected_access_path": "AnnPostFilter",
          "property_path_cost": 0,
          "graph_path_cost": 0,
          "filtered_ann_path_cost": 0,
          "resident_heap_bytes": 53200116,
          "mapped_bytes": 26758086,
          "wal_bytes_delta": 0,
          "sidecar_bytes_delta": 0,
          "checkpoint_bytes_delta": 0,
          "temporary_spill_bytes_delta": 0
        },
        {
          "method": "graph_union",
          "ef_search": 2048,
          "metadata_bonus_cap_ppm": 100000,
          "signal_queue_quota_ppm": 0,
          "graph_seed_limit": 64,
          "p50_ms": 1.9876,
          "p95_ms": 2.594,
          "p99_ms": 2.6189999999999998,
          "mean_recall_at_10": 0.94375,
          "mean_ndcg_at_10": 0.9613297813747664,
          "mean_result_count": 10.0,
          "mean_navigation_scores": 9129.0,
          "mean_candidates_reranked": 2073.375,
          "peak_candidates": 0,
          "peak_temp_bytes": 0,
          "estimated_vector_page_reads": 0,
          "estimated_payload_page_reads": 0,
          "estimated_graph_page_reads": 0,
          "mean_bq_posting_lookup_ms": 0.0,
          "mean_bq_node_mapping_ms": 0.0,
          "mean_bq_heap_scan_ms": 0.0,
          "mean_bq_output_sort_ms": 0.0,
          "bq_slot_cache_hits": 0,
          "bq_slot_cache_misses": 0,
          "mean_bq_mapped_candidates": 0.0,
          "mean_adaptive_ef_search": 0.0,
          "mean_vector_density_skew_ppm": 0.0,
          "selected_access_path": "AnnPostFilter",
          "property_path_cost": 0,
          "graph_path_cost": 0,
          "filtered_ann_path_cost": 0,
          "resident_heap_bytes": 53200116,
          "mapped_bytes": 26758086,
          "wal_bytes_delta": 0,
          "sidecar_bytes_delta": 0,
          "checkpoint_bytes_delta": 0,
          "temporary_spill_bytes_delta": 0
        },
        {
          "method": "tsng",
          "ef_search": 2048,
          "metadata_bonus_cap_ppm": 100000,
          "signal_queue_quota_ppm": 0,
          "graph_seed_limit": 256,
          "p50_ms": 2.0404,
          "p95_ms": 2.1485,
          "p99_ms": 2.1778,
          "mean_recall_at_10": 0.996875,
          "mean_ndcg_at_10": 0.9987080268935974,
          "mean_result_count": 10.0,
          "mean_navigation_scores": 3320.4375,
          "mean_candidates_reranked": 2048.0,
          "peak_candidates": 0,
          "peak_temp_bytes": 0,
          "estimated_vector_page_reads": 0,
          "estimated_payload_page_reads": 0,
          "estimated_graph_page_reads": 0,
          "mean_bq_posting_lookup_ms": 0.0,
          "mean_bq_node_mapping_ms": 0.0,
          "mean_bq_heap_scan_ms": 0.0,
          "mean_bq_output_sort_ms": 0.0,
          "bq_slot_cache_hits": 0,
          "bq_slot_cache_misses": 0,
          "mean_bq_mapped_candidates": 0.0,
          "mean_adaptive_ef_search": 0.0,
          "mean_vector_density_skew_ppm": 0.0,
          "selected_access_path": "AnnPostFilter",
          "property_path_cost": 0,
          "graph_path_cost": 0,
          "filtered_ann_path_cost": 0,
          "resident_heap_bytes": 53200116,
          "mapped_bytes": 26758086,
          "wal_bytes_delta": 0,
          "sidecar_bytes_delta": 0,
          "checkpoint_bytes_delta": 0,
          "temporary_spill_bytes_delta": 0
        },
        {
          "method": "graph_union",
          "ef_search": 2048,
          "metadata_bonus_cap_ppm": 100000,
          "signal_queue_quota_ppm": 0,
          "graph_seed_limit": 256,
          "p50_ms": 2.003,
          "p95_ms": 2.6776,
          "p99_ms": 2.7483999999999997,
          "mean_recall_at_10": 1.0,
          "mean_ndcg_at_10": 1.0,
          "mean_result_count": 10.0,
          "mean_navigation_scores": 9129.0,
          "mean_candidates_reranked": 2110.65625,
          "peak_candidates": 0,
          "peak_temp_bytes": 0,
          "estimated_vector_page_reads": 0,
          "estimated_payload_page_reads": 0,
          "estimated_graph_page_reads": 0,
          "mean_bq_posting_lookup_ms": 0.0,
          "mean_bq_node_mapping_ms": 0.0,
          "mean_bq_heap_scan_ms": 0.0,
          "mean_bq_output_sort_ms": 0.0,
          "bq_slot_cache_hits": 0,
          "bq_slot_cache_misses": 0,
          "mean_bq_mapped_candidates": 0.0,
          "mean_adaptive_ef_search": 0.0,
          "mean_vector_density_skew_ppm": 0.0,
          "selected_access_path": "AnnPostFilter",
          "property_path_cost": 0,
          "graph_path_cost": 0,
          "filtered_ann_path_cost": 0,
          "resident_heap_bytes": 53200116,
          "mapped_bytes": 26758086,
          "wal_bytes_delta": 0,
          "sidecar_bytes_delta": 0,
          "checkpoint_bytes_delta": 0,
          "temporary_spill_bytes_delta": 0
        },
        {
          "method": "tsng",
          "ef_search": 2048,
          "metadata_bonus_cap_ppm": 100000,
          "signal_queue_quota_ppm": 100000,
          "graph_seed_limit": 0,
          "p50_ms": 3.1188000000000002,
          "p95_ms": 4.8539,
          "p99_ms": 4.9212,
          "mean_recall_at_10": 0.903125,
          "mean_ndcg_at_10": 0.9049580268935974,
          "mean_result_count": 10.0,
          "mean_navigation_scores": 9243.09375,
          "mean_candidates_reranked": 2048.0,
          "peak_candidates": 0,
          "peak_temp_bytes": 0,
          "estimated_vector_page_reads": 0,
          "estimated_payload_page_reads": 0,
          "estimated_graph_page_reads": 0,
          "mean_bq_posting_lookup_ms": 0.0,
          "mean_bq_node_mapping_ms": 0.0,
          "mean_bq_heap_scan_ms": 0.0,
          "mean_bq_output_sort_ms": 0.0,
          "bq_slot_cache_hits": 0,
          "bq_slot_cache_misses": 0,
          "mean_bq_mapped_candidates": 0.0,
          "mean_adaptive_ef_search": 0.0,
          "mean_vector_density_skew_ppm": 0.0,
          "selected_access_path": "AnnPostFilter",
          "property_path_cost": 0,
          "graph_path_cost": 0,
          "filtered_ann_path_cost": 0,
          "resident_heap_bytes": 53200116,
          "mapped_bytes": 26758086,
          "wal_bytes_delta": 0,
          "sidecar_bytes_delta": 0,
          "checkpoint_bytes_delta": 0,
          "temporary_spill_bytes_delta": 0
        },
        {
          "method": "tsng",
          "ef_search": 2048,
          "metadata_bonus_cap_ppm": 100000,
          "signal_queue_quota_ppm": 100000,
          "graph_seed_limit": 16,
          "p50_ms": 2.0213,
          "p95_ms": 2.1664000000000003,
          "p99_ms": 2.1713999999999998,
          "mean_recall_at_10": 0.996875,
          "mean_ndcg_at_10": 0.9987080268935974,
          "mean_result_count": 10.0,
          "mean_navigation_scores": 3307.84375,
          "mean_candidates_reranked": 2048.0,
          "peak_candidates": 0,
          "peak_temp_bytes": 0,
          "estimated_vector_page_reads": 0,
          "estimated_payload_page_reads": 0,
          "estimated_graph_page_reads": 0,
          "mean_bq_posting_lookup_ms": 0.0,
          "mean_bq_node_mapping_ms": 0.0,
          "mean_bq_heap_scan_ms": 0.0,
          "mean_bq_output_sort_ms": 0.0,
          "bq_slot_cache_hits": 0,
          "bq_slot_cache_misses": 0,
          "mean_bq_mapped_candidates": 0.0,
          "mean_adaptive_ef_search": 0.0,
          "mean_vector_density_skew_ppm": 0.0,
          "selected_access_path": "AnnPostFilter",
          "property_path_cost": 0,
          "graph_path_cost": 0,
          "filtered_ann_path_cost": 0,
          "resident_heap_bytes": 53200116,
          "mapped_bytes": 26758086,
          "wal_bytes_delta": 0,
          "sidecar_bytes_delta": 0,
          "checkpoint_bytes_delta": 0,
          "temporary_spill_bytes_delta": 0
        },
        {
          "method": "tsng",
          "ef_search": 2048,
          "metadata_bonus_cap_ppm": 100000,
          "signal_queue_quota_ppm": 100000,
          "graph_seed_limit": 64,
          "p50_ms": 1.9608999999999999,
          "p95_ms": 2.1281,
          "p99_ms": 2.1535,
          "mean_recall_at_10": 0.996875,
          "mean_ndcg_at_10": 0.9987080268935974,
          "mean_result_count": 10.0,
          "mean_navigation_scores": 3308.25,
          "mean_candidates_reranked": 2048.0,
          "peak_candidates": 0,
          "peak_temp_bytes": 0,
          "estimated_vector_page_reads": 0,
          "estimated_payload_page_reads": 0,
          "estimated_graph_page_reads": 0,
          "mean_bq_posting_lookup_ms": 0.0,
          "mean_bq_node_mapping_ms": 0.0,
          "mean_bq_heap_scan_ms": 0.0,
          "mean_bq_output_sort_ms": 0.0,
          "bq_slot_cache_hits": 0,
          "bq_slot_cache_misses": 0,
          "mean_bq_mapped_candidates": 0.0,
          "mean_adaptive_ef_search": 0.0,
          "mean_vector_density_skew_ppm": 0.0,
          "selected_access_path": "AnnPostFilter",
          "property_path_cost": 0,
          "graph_path_cost": 0,
          "filtered_ann_path_cost": 0,
          "resident_heap_bytes": 53200116,
          "mapped_bytes": 26758086,
          "wal_bytes_delta": 0,
          "sidecar_bytes_delta": 0,
          "checkpoint_bytes_delta": 0,
          "temporary_spill_bytes_delta": 0
        },
        {
          "method": "tsng",
          "ef_search": 2048,
          "metadata_bonus_cap_ppm": 100000,
          "signal_queue_quota_ppm": 100000,
          "graph_seed_limit": 256,
          "p50_ms": 1.9477,
          "p95_ms": 2.0764,
          "p99_ms": 2.0824,
          "mean_recall_at_10": 0.996875,
          "mean_ndcg_at_10": 0.9987080268935974,
          "mean_result_count": 10.0,
          "mean_navigation_scores": 3320.4375,
          "mean_candidates_reranked": 2048.0,
          "peak_candidates": 0,
          "peak_temp_bytes": 0,
          "estimated_vector_page_reads": 0,
          "estimated_payload_page_reads": 0,
          "estimated_graph_page_reads": 0,
          "mean_bq_posting_lookup_ms": 0.0,
          "mean_bq_node_mapping_ms": 0.0,
          "mean_bq_heap_scan_ms": 0.0,
          "mean_bq_output_sort_ms": 0.0,
          "bq_slot_cache_hits": 0,
          "bq_slot_cache_misses": 0,
          "mean_bq_mapped_candidates": 0.0,
          "mean_adaptive_ef_search": 0.0,
          "mean_vector_density_skew_ppm": 0.0,
          "selected_access_path": "AnnPostFilter",
          "property_path_cost": 0,
          "graph_path_cost": 0,
          "filtered_ann_path_cost": 0,
          "resident_heap_bytes": 53200116,
          "mapped_bytes": 26758086,
          "wal_bytes_delta": 0,
          "sidecar_bytes_delta": 0,
          "checkpoint_bytes_delta": 0,
          "temporary_spill_bytes_delta": 0
        },
        {
          "method": "tsng",
          "ef_search": 2048,
          "metadata_bonus_cap_ppm": 100000,
          "signal_queue_quota_ppm": 200000,
          "graph_seed_limit": 0,
          "p50_ms": 3.1082,
          "p95_ms": 4.8767000000000005,
          "p99_ms": 4.9153,
          "mean_recall_at_10": 0.903125,
          "mean_ndcg_at_10": 0.9049580268935974,
          "mean_result_count": 10.0,
          "mean_navigation_scores": 9243.09375,
          "mean_candidates_reranked": 2048.0,
          "peak_candidates": 0,
          "peak_temp_bytes": 0,
          "estimated_vector_page_reads": 0,
          "estimated_payload_page_reads": 0,
          "estimated_graph_page_reads": 0,
          "mean_bq_posting_lookup_ms": 0.0,
          "mean_bq_node_mapping_ms": 0.0,
          "mean_bq_heap_scan_ms": 0.0,
          "mean_bq_output_sort_ms": 0.0,
          "bq_slot_cache_hits": 0,
          "bq_slot_cache_misses": 0,
          "mean_bq_mapped_candidates": 0.0,
          "mean_adaptive_ef_search": 0.0,
          "mean_vector_density_skew_ppm": 0.0,
          "selected_access_path": "AnnPostFilter",
          "property_path_cost": 0,
          "graph_path_cost": 0,
          "filtered_ann_path_cost": 0,
          "resident_heap_bytes": 53200116,
          "mapped_bytes": 26758086,
          "wal_bytes_delta": 0,
          "sidecar_bytes_delta": 0,
          "checkpoint_bytes_delta": 0,
          "temporary_spill_bytes_delta": 0
        },
        {
          "method": "tsng",
          "ef_search": 2048,
          "metadata_bonus_cap_ppm": 100000,
          "signal_queue_quota_ppm": 200000,
          "graph_seed_limit": 16,
          "p50_ms": 1.9332,
          "p95_ms": 2.0281000000000002,
          "p99_ms": 2.0810999999999997,
          "mean_recall_at_10": 0.996875,
          "mean_ndcg_at_10": 0.9987080268935974,
          "mean_result_count": 10.0,
          "mean_navigation_scores": 3307.84375,
          "mean_candidates_reranked": 2048.0,
          "peak_candidates": 0,
          "peak_temp_bytes": 0,
          "estimated_vector_page_reads": 0,
          "estimated_payload_page_reads": 0,
          "estimated_graph_page_reads": 0,
          "mean_bq_posting_lookup_ms": 0.0,
          "mean_bq_node_mapping_ms": 0.0,
          "mean_bq_heap_scan_ms": 0.0,
          "mean_bq_output_sort_ms": 0.0,
          "bq_slot_cache_hits": 0,
          "bq_slot_cache_misses": 0,
          "mean_bq_mapped_candidates": 0.0,
          "mean_adaptive_ef_search": 0.0,
          "mean_vector_density_skew_ppm": 0.0,
          "selected_access_path": "AnnPostFilter",
          "property_path_cost": 0,
          "graph_path_cost": 0,
          "filtered_ann_path_cost": 0,
          "resident_heap_bytes": 53200116,
          "mapped_bytes": 26758086,
          "wal_bytes_delta": 0,
          "sidecar_bytes_delta": 0,
          "checkpoint_bytes_delta": 0,
          "temporary_spill_bytes_delta": 0
        },
        {
          "method": "tsng",
          "ef_search": 2048,
          "metadata_bonus_cap_ppm": 100000,
          "signal_queue_quota_ppm": 200000,
          "graph_seed_limit": 64,
          "p50_ms": 1.9056,
          "p95_ms": 2.0268,
          "p99_ms": 2.0936000000000003,
          "mean_recall_at_10": 0.996875,
          "mean_ndcg_at_10": 0.9987080268935974,
          "mean_result_count": 10.0,
          "mean_navigation_scores": 3308.25,
          "mean_candidates_reranked": 2048.0,
          "peak_candidates": 0,
          "peak_temp_bytes": 0,
          "estimated_vector_page_reads": 0,
          "estimated_payload_page_reads": 0,
          "estimated_graph_page_reads": 0,
          "mean_bq_posting_lookup_ms": 0.0,
          "mean_bq_node_mapping_ms": 0.0,
          "mean_bq_heap_scan_ms": 0.0,
          "mean_bq_output_sort_ms": 0.0,
          "bq_slot_cache_hits": 0,
          "bq_slot_cache_misses": 0,
          "mean_bq_mapped_candidates": 0.0,
          "mean_adaptive_ef_search": 0.0,
          "mean_vector_density_skew_ppm": 0.0,
          "selected_access_path": "AnnPostFilter",
          "property_path_cost": 0,
          "graph_path_cost": 0,
          "filtered_ann_path_cost": 0,
          "resident_heap_bytes": 53200116,
          "mapped_bytes": 26758086,
          "wal_bytes_delta": 0,
          "sidecar_bytes_delta": 0,
          "checkpoint_bytes_delta": 0,
          "temporary_spill_bytes_delta": 0
        },
        {
          "method": "tsng",
          "ef_search": 2048,
          "metadata_bonus_cap_ppm": 100000,
          "signal_queue_quota_ppm": 200000,
          "graph_seed_limit": 256,
          "p50_ms": 2.0191,
          "p95_ms": 2.2388999999999997,
          "p99_ms": 2.2489,
          "mean_recall_at_10": 0.996875,
          "mean_ndcg_at_10": 0.9987080268935974,
          "mean_result_count": 10.0,
          "mean_navigation_scores": 3320.4375,
          "mean_candidates_reranked": 2048.0,
          "peak_candidates": 0,
          "peak_temp_bytes": 0,
          "estimated_vector_page_reads": 0,
          "estimated_payload_page_reads": 0,
          "estimated_graph_page_reads": 0,
          "mean_bq_posting_lookup_ms": 0.0,
          "mean_bq_node_mapping_ms": 0.0,
          "mean_bq_heap_scan_ms": 0.0,
          "mean_bq_output_sort_ms": 0.0,
          "bq_slot_cache_hits": 0,
          "bq_slot_cache_misses": 0,
          "mean_bq_mapped_candidates": 0.0,
          "mean_adaptive_ef_search": 0.0,
          "mean_vector_density_skew_ppm": 0.0,
          "selected_access_path": "AnnPostFilter",
          "property_path_cost": 0,
          "graph_path_cost": 0,
          "filtered_ann_path_cost": 0,
          "resident_heap_bytes": 53200116,
          "mapped_bytes": 26758086,
          "wal_bytes_delta": 0,
          "sidecar_bytes_delta": 0,
          "checkpoint_bytes_delta": 0,
          "temporary_spill_bytes_delta": 0
        },
        {
          "method": "tsng",
          "ef_search": 2048,
          "metadata_bonus_cap_ppm": 100000,
          "signal_queue_quota_ppm": 250000,
          "graph_seed_limit": 0,
          "p50_ms": 3.1468,
          "p95_ms": 4.4611,
          "p99_ms": 4.6896,
          "mean_recall_at_10": 0.903125,
          "mean_ndcg_at_10": 0.9049580268935974,
          "mean_result_count": 10.0,
          "mean_navigation_scores": 9243.09375,
          "mean_candidates_reranked": 2048.0,
          "peak_candidates": 0,
          "peak_temp_bytes": 0,
          "estimated_vector_page_reads": 0,
          "estimated_payload_page_reads": 0,
          "estimated_graph_page_reads": 0,
          "mean_bq_posting_lookup_ms": 0.0,
          "mean_bq_node_mapping_ms": 0.0,
          "mean_bq_heap_scan_ms": 0.0,
          "mean_bq_output_sort_ms": 0.0,
          "bq_slot_cache_hits": 0,
          "bq_slot_cache_misses": 0,
          "mean_bq_mapped_candidates": 0.0,
          "mean_adaptive_ef_search": 0.0,
          "mean_vector_density_skew_ppm": 0.0,
          "selected_access_path": "AnnPostFilter",
          "property_path_cost": 0,
          "graph_path_cost": 0,
          "filtered_ann_path_cost": 0,
          "resident_heap_bytes": 53200116,
          "mapped_bytes": 26758086,
          "wal_bytes_delta": 0,
          "sidecar_bytes_delta": 0,
          "checkpoint_bytes_delta": 0,
          "temporary_spill_bytes_delta": 0
        },
        {
          "method": "tsng",
          "ef_search": 2048,
          "metadata_bonus_cap_ppm": 100000,
          "signal_queue_quota_ppm": 250000,
          "graph_seed_limit": 16,
          "p50_ms": 1.8793,
          "p95_ms": 2.0946,
          "p99_ms": 2.1807,
          "mean_recall_at_10": 0.996875,
          "mean_ndcg_at_10": 0.9987080268935974,
          "mean_result_count": 10.0,
          "mean_navigation_scores": 3307.84375,
          "mean_candidates_reranked": 2048.0,
          "peak_candidates": 0,
          "peak_temp_bytes": 0,
          "estimated_vector_page_reads": 0,
          "estimated_payload_page_reads": 0,
          "estimated_graph_page_reads": 0,
          "mean_bq_posting_lookup_ms": 0.0,
          "mean_bq_node_mapping_ms": 0.0,
          "mean_bq_heap_scan_ms": 0.0,
          "mean_bq_output_sort_ms": 0.0,
          "bq_slot_cache_hits": 0,
          "bq_slot_cache_misses": 0,
          "mean_bq_mapped_candidates": 0.0,
          "mean_adaptive_ef_search": 0.0,
          "mean_vector_density_skew_ppm": 0.0,
          "selected_access_path": "AnnPostFilter",
          "property_path_cost": 0,
          "graph_path_cost": 0,
          "filtered_ann_path_cost": 0,
          "resident_heap_bytes": 53200116,
          "mapped_bytes": 26758086,
          "wal_bytes_delta": 0,
          "sidecar_bytes_delta": 0,
          "checkpoint_bytes_delta": 0,
          "temporary_spill_bytes_delta": 0
        },
        {
          "method": "tsng",
          "ef_search": 2048,
          "metadata_bonus_cap_ppm": 100000,
          "signal_queue_quota_ppm": 250000,
          "graph_seed_limit": 64,
          "p50_ms": 1.9126,
          "p95_ms": 2.1184,
          "p99_ms": 2.1868,
          "mean_recall_at_10": 0.996875,
          "mean_ndcg_at_10": 0.9987080268935974,
          "mean_result_count": 10.0,
          "mean_navigation_scores": 3308.25,
          "mean_candidates_reranked": 2048.0,
          "peak_candidates": 0,
          "peak_temp_bytes": 0,
          "estimated_vector_page_reads": 0,
          "estimated_payload_page_reads": 0,
          "estimated_graph_page_reads": 0,
          "mean_bq_posting_lookup_ms": 0.0,
          "mean_bq_node_mapping_ms": 0.0,
          "mean_bq_heap_scan_ms": 0.0,
          "mean_bq_output_sort_ms": 0.0,
          "bq_slot_cache_hits": 0,
          "bq_slot_cache_misses": 0,
          "mean_bq_mapped_candidates": 0.0,
          "mean_adaptive_ef_search": 0.0,
          "mean_vector_density_skew_ppm": 0.0,
          "selected_access_path": "AnnPostFilter",
          "property_path_cost": 0,
          "graph_path_cost": 0,
          "filtered_ann_path_cost": 0,
          "resident_heap_bytes": 53200116,
          "mapped_bytes": 26758086,
          "wal_bytes_delta": 0,
          "sidecar_bytes_delta": 0,
          "checkpoint_bytes_delta": 0,
          "temporary_spill_bytes_delta": 0
        },
        {
          "method": "tsng",
          "ef_search": 2048,
          "metadata_bonus_cap_ppm": 100000,
          "signal_queue_quota_ppm": 250000,
          "graph_seed_limit": 256,
          "p50_ms": 2.0378000000000003,
          "p95_ms": 2.2487000000000004,
          "p99_ms": 2.2993,
          "mean_recall_at_10": 0.996875,
          "mean_ndcg_at_10": 0.9987080268935974,
          "mean_result_count": 10.0,
          "mean_navigation_scores": 3320.4375,
          "mean_candidates_reranked": 2048.0,
          "peak_candidates": 0,
          "peak_temp_bytes": 0,
          "estimated_vector_page_reads": 0,
          "estimated_payload_page_reads": 0,
          "estimated_graph_page_reads": 0,
          "mean_bq_posting_lookup_ms": 0.0,
          "mean_bq_node_mapping_ms": 0.0,
          "mean_bq_heap_scan_ms": 0.0,
          "mean_bq_output_sort_ms": 0.0,
          "bq_slot_cache_hits": 0,
          "bq_slot_cache_misses": 0,
          "mean_bq_mapped_candidates": 0.0,
          "mean_adaptive_ef_search": 0.0,
          "mean_vector_density_skew_ppm": 0.0,
          "selected_access_path": "AnnPostFilter",
          "property_path_cost": 0,
          "graph_path_cost": 0,
          "filtered_ann_path_cost": 0,
          "resident_heap_bytes": 53200116,
          "mapped_bytes": 26758086,
          "wal_bytes_delta": 0,
          "sidecar_bytes_delta": 0,
          "checkpoint_bytes_delta": 0,
          "temporary_spill_bytes_delta": 0
        },
        {
          "method": "tsng",
          "ef_search": 2048,
          "metadata_bonus_cap_ppm": 100000,
          "signal_queue_quota_ppm": 330000,
          "graph_seed_limit": 0,
          "p50_ms": 3.1768,
          "p95_ms": 4.721900000000001,
          "p99_ms": 4.9105,
          "mean_recall_at_10": 0.903125,
          "mean_ndcg_at_10": 0.9049580268935974,
          "mean_result_count": 10.0,
          "mean_navigation_scores": 9243.09375,
          "mean_candidates_reranked": 2048.0,
          "peak_candidates": 0,
          "peak_temp_bytes": 0,
          "estimated_vector_page_reads": 0,
          "estimated_payload_page_reads": 0,
          "estimated_graph_page_reads": 0,
          "mean_bq_posting_lookup_ms": 0.0,
          "mean_bq_node_mapping_ms": 0.0,
          "mean_bq_heap_scan_ms": 0.0,
          "mean_bq_output_sort_ms": 0.0,
          "bq_slot_cache_hits": 0,
          "bq_slot_cache_misses": 0,
          "mean_bq_mapped_candidates": 0.0,
          "mean_adaptive_ef_search": 0.0,
          "mean_vector_density_skew_ppm": 0.0,
          "selected_access_path": "AnnPostFilter",
          "property_path_cost": 0,
          "graph_path_cost": 0,
          "filtered_ann_path_cost": 0,
          "resident_heap_bytes": 53200116,
          "mapped_bytes": 26758086,
          "wal_bytes_delta": 0,
          "sidecar_bytes_delta": 0,
          "checkpoint_bytes_delta": 0,
          "temporary_spill_bytes_delta": 0
        },
        {
          "method": "tsng",
          "ef_search": 2048,
          "metadata_bonus_cap_ppm": 100000,
          "signal_queue_quota_ppm": 330000,
          "graph_seed_limit": 16,
          "p50_ms": 1.9572,
          "p95_ms": 2.1657,
          "p99_ms": 2.2095000000000002,
          "mean_recall_at_10": 0.996875,
          "mean_ndcg_at_10": 0.9987080268935974,
          "mean_result_count": 10.0,
          "mean_navigation_scores": 3307.84375,
          "mean_candidates_reranked": 2048.0,
          "peak_candidates": 0,
          "peak_temp_bytes": 0,
          "estimated_vector_page_reads": 0,
          "estimated_payload_page_reads": 0,
          "estimated_graph_page_reads": 0,
          "mean_bq_posting_lookup_ms": 0.0,
          "mean_bq_node_mapping_ms": 0.0,
          "mean_bq_heap_scan_ms": 0.0,
          "mean_bq_output_sort_ms": 0.0,
          "bq_slot_cache_hits": 0,
          "bq_slot_cache_misses": 0,
          "mean_bq_mapped_candidates": 0.0,
          "mean_adaptive_ef_search": 0.0,
          "mean_vector_density_skew_ppm": 0.0,
          "selected_access_path": "AnnPostFilter",
          "property_path_cost": 0,
          "graph_path_cost": 0,
          "filtered_ann_path_cost": 0,
          "resident_heap_bytes": 53200116,
          "mapped_bytes": 26758086,
          "wal_bytes_delta": 0,
          "sidecar_bytes_delta": 0,
          "checkpoint_bytes_delta": 0,
          "temporary_spill_bytes_delta": 0
        },
        {
          "method": "tsng",
          "ef_search": 2048,
          "metadata_bonus_cap_ppm": 100000,
          "signal_queue_quota_ppm": 330000,
          "graph_seed_limit": 64,
          "p50_ms": 1.9484000000000001,
          "p95_ms": 2.1159,
          "p99_ms": 2.2448,
          "mean_recall_at_10": 0.996875,
          "mean_ndcg_at_10": 0.9987080268935974,
          "mean_result_count": 10.0,
          "mean_navigation_scores": 3308.25,
          "mean_candidates_reranked": 2048.0,
          "peak_candidates": 0,
          "peak_temp_bytes": 0,
          "estimated_vector_page_reads": 0,
          "estimated_payload_page_reads": 0,
          "estimated_graph_page_reads": 0,
          "mean_bq_posting_lookup_ms": 0.0,
          "mean_bq_node_mapping_ms": 0.0,
          "mean_bq_heap_scan_ms": 0.0,
          "mean_bq_output_sort_ms": 0.0,
          "bq_slot_cache_hits": 0,
          "bq_slot_cache_misses": 0,
          "mean_bq_mapped_candidates": 0.0,
          "mean_adaptive_ef_search": 0.0,
          "mean_vector_density_skew_ppm": 0.0,
          "selected_access_path": "AnnPostFilter",
          "property_path_cost": 0,
          "graph_path_cost": 0,
          "filtered_ann_path_cost": 0,
          "resident_heap_bytes": 53200116,
          "mapped_bytes": 26758086,
          "wal_bytes_delta": 0,
          "sidecar_bytes_delta": 0,
          "checkpoint_bytes_delta": 0,
          "temporary_spill_bytes_delta": 0
        },
        {
          "method": "tsng",
          "ef_search": 2048,
          "metadata_bonus_cap_ppm": 100000,
          "signal_queue_quota_ppm": 330000,
          "graph_seed_limit": 256,
          "p50_ms": 1.949,
          "p95_ms": 2.1749,
          "p99_ms": 2.2117999999999998,
          "mean_recall_at_10": 0.996875,
          "mean_ndcg_at_10": 0.9987080268935974,
          "mean_result_count": 10.0,
          "mean_navigation_scores": 3320.4375,
          "mean_candidates_reranked": 2048.0,
          "peak_candidates": 0,
          "peak_temp_bytes": 0,
          "estimated_vector_page_reads": 0,
          "estimated_payload_page_reads": 0,
          "estimated_graph_page_reads": 0,
          "mean_bq_posting_lookup_ms": 0.0,
          "mean_bq_node_mapping_ms": 0.0,
          "mean_bq_heap_scan_ms": 0.0,
          "mean_bq_output_sort_ms": 0.0,
          "bq_slot_cache_hits": 0,
          "bq_slot_cache_misses": 0,
          "mean_bq_mapped_candidates": 0.0,
          "mean_adaptive_ef_search": 0.0,
          "mean_vector_density_skew_ppm": 0.0,
          "selected_access_path": "AnnPostFilter",
          "property_path_cost": 0,
          "graph_path_cost": 0,
          "filtered_ann_path_cost": 0,
          "resident_heap_bytes": 53200116,
          "mapped_bytes": 26758086,
          "wal_bytes_delta": 0,
          "sidecar_bytes_delta": 0,
          "checkpoint_bytes_delta": 0,
          "temporary_spill_bytes_delta": 0
        },
        {
          "method": "tsng",
          "ef_search": 2048,
          "metadata_bonus_cap_ppm": 100000,
          "signal_queue_quota_ppm": 500000,
          "graph_seed_limit": 0,
          "p50_ms": 3.2184000000000004,
          "p95_ms": 4.7611,
          "p99_ms": 4.7852,
          "mean_recall_at_10": 0.90625,
          "mean_ndcg_at_10": 0.90625,
          "mean_result_count": 10.0,
          "mean_navigation_scores": 9243.09375,
          "mean_candidates_reranked": 2048.0,
          "peak_candidates": 0,
          "peak_temp_bytes": 0,
          "estimated_vector_page_reads": 0,
          "estimated_payload_page_reads": 0,
          "estimated_graph_page_reads": 0,
          "mean_bq_posting_lookup_ms": 0.0,
          "mean_bq_node_mapping_ms": 0.0,
          "mean_bq_heap_scan_ms": 0.0,
          "mean_bq_output_sort_ms": 0.0,
          "bq_slot_cache_hits": 0,
          "bq_slot_cache_misses": 0,
          "mean_bq_mapped_candidates": 0.0,
          "mean_adaptive_ef_search": 0.0,
          "mean_vector_density_skew_ppm": 0.0,
          "selected_access_path": "AnnPostFilter",
          "property_path_cost": 0,
          "graph_path_cost": 0,
          "filtered_ann_path_cost": 0,
          "resident_heap_bytes": 53200116,
          "mapped_bytes": 26758086,
          "wal_bytes_delta": 0,
          "sidecar_bytes_delta": 0,
          "checkpoint_bytes_delta": 0,
          "temporary_spill_bytes_delta": 0
        },
        {
          "method": "tsng",
          "ef_search": 2048,
          "metadata_bonus_cap_ppm": 100000,
          "signal_queue_quota_ppm": 500000,
          "graph_seed_limit": 16,
          "p50_ms": 1.9783000000000002,
          "p95_ms": 2.1317,
          "p99_ms": 2.175,
          "mean_recall_at_10": 1.0,
          "mean_ndcg_at_10": 1.0,
          "mean_result_count": 10.0,
          "mean_navigation_scores": 3307.84375,
          "mean_candidates_reranked": 2048.0,
          "peak_candidates": 0,
          "peak_temp_bytes": 0,
          "estimated_vector_page_reads": 0,
          "estimated_payload_page_reads": 0,
          "estimated_graph_page_reads": 0,
          "mean_bq_posting_lookup_ms": 0.0,
          "mean_bq_node_mapping_ms": 0.0,
          "mean_bq_heap_scan_ms": 0.0,
          "mean_bq_output_sort_ms": 0.0,
          "bq_slot_cache_hits": 0,
          "bq_slot_cache_misses": 0,
          "mean_bq_mapped_candidates": 0.0,
          "mean_adaptive_ef_search": 0.0,
          "mean_vector_density_skew_ppm": 0.0,
          "selected_access_path": "AnnPostFilter",
          "property_path_cost": 0,
          "graph_path_cost": 0,
          "filtered_ann_path_cost": 0,
          "resident_heap_bytes": 53200116,
          "mapped_bytes": 26758086,
          "wal_bytes_delta": 0,
          "sidecar_bytes_delta": 0,
          "checkpoint_bytes_delta": 0,
          "temporary_spill_bytes_delta": 0
        },
        {
          "method": "tsng",
          "ef_search": 2048,
          "metadata_bonus_cap_ppm": 100000,
          "signal_queue_quota_ppm": 500000,
          "graph_seed_limit": 64,
          "p50_ms": 1.9894,
          "p95_ms": 2.2438,
          "p99_ms": 2.3165999999999998,
          "mean_recall_at_10": 1.0,
          "mean_ndcg_at_10": 1.0,
          "mean_result_count": 10.0,
          "mean_navigation_scores": 3308.25,
          "mean_candidates_reranked": 2048.0,
          "peak_candidates": 0,
          "peak_temp_bytes": 0,
          "estimated_vector_page_reads": 0,
          "estimated_payload_page_reads": 0,
          "estimated_graph_page_reads": 0,
          "mean_bq_posting_lookup_ms": 0.0,
          "mean_bq_node_mapping_ms": 0.0,
          "mean_bq_heap_scan_ms": 0.0,
          "mean_bq_output_sort_ms": 0.0,
          "bq_slot_cache_hits": 0,
          "bq_slot_cache_misses": 0,
          "mean_bq_mapped_candidates": 0.0,
          "mean_adaptive_ef_search": 0.0,
          "mean_vector_density_skew_ppm": 0.0,
          "selected_access_path": "AnnPostFilter",
          "property_path_cost": 0,
          "graph_path_cost": 0,
          "filtered_ann_path_cost": 0,
          "resident_heap_bytes": 53200116,
          "mapped_bytes": 26758086,
          "wal_bytes_delta": 0,
          "sidecar_bytes_delta": 0,
          "checkpoint_bytes_delta": 0,
          "temporary_spill_bytes_delta": 0
        },
        {
          "method": "tsng",
          "ef_search": 2048,
          "metadata_bonus_cap_ppm": 100000,
          "signal_queue_quota_ppm": 500000,
          "graph_seed_limit": 256,
          "p50_ms": 2.0219,
          "p95_ms": 2.1994,
          "p99_ms": 2.2217000000000002,
          "mean_recall_at_10": 1.0,
          "mean_ndcg_at_10": 1.0,
          "mean_result_count": 10.0,
          "mean_navigation_scores": 3320.4375,
          "mean_candidates_reranked": 2048.0,
          "peak_candidates": 0,
          "peak_temp_bytes": 0,
          "estimated_vector_page_reads": 0,
          "estimated_payload_page_reads": 0,
          "estimated_graph_page_reads": 0,
          "mean_bq_posting_lookup_ms": 0.0,
          "mean_bq_node_mapping_ms": 0.0,
          "mean_bq_heap_scan_ms": 0.0,
          "mean_bq_output_sort_ms": 0.0,
          "bq_slot_cache_hits": 0,
          "bq_slot_cache_misses": 0,
          "mean_bq_mapped_candidates": 0.0,
          "mean_adaptive_ef_search": 0.0,
          "mean_vector_density_skew_ppm": 0.0,
          "selected_access_path": "AnnPostFilter",
          "property_path_cost": 0,
          "graph_path_cost": 0,
          "filtered_ann_path_cost": 0,
          "resident_heap_bytes": 53200116,
          "mapped_bytes": 26758086,
          "wal_bytes_delta": 0,
          "sidecar_bytes_delta": 0,
          "checkpoint_bytes_delta": 0,
          "temporary_spill_bytes_delta": 0
        },
        {
          "method": "industrial_fixed",
          "ef_search": 4096,
          "metadata_bonus_cap_ppm": 0,
          "signal_queue_quota_ppm": 0,
          "graph_seed_limit": 0,
          "p50_ms": 3.9116000000000004,
          "p95_ms": 4.9494,
          "p99_ms": 5.3826,
          "mean_recall_at_10": 1.0,
          "mean_ndcg_at_10": 1.0,
          "mean_result_count": 10.0,
          "mean_navigation_scores": 19523.25,
          "mean_candidates_reranked": 4097.03125,
          "peak_candidates": 4101,
          "peak_temp_bytes": 65616,
          "estimated_vector_page_reads": 8211,
          "estimated_payload_page_reads": 131105,
          "estimated_graph_page_reads": 32,
          "mean_bq_posting_lookup_ms": 0.0,
          "mean_bq_node_mapping_ms": 0.0,
          "mean_bq_heap_scan_ms": 0.0,
          "mean_bq_output_sort_ms": 0.0,
          "bq_slot_cache_hits": 0,
          "bq_slot_cache_misses": 0,
          "mean_bq_mapped_candidates": 0.0,
          "mean_adaptive_ef_search": 4096.0,
          "mean_vector_density_skew_ppm": 1000000.0,
          "selected_access_path": "GraphVectorUnion",
          "property_path_cost": 18446744073709551615,
          "graph_path_cost": 18112,
          "filtered_ann_path_cost": 18446744073709551615,
          "resident_heap_bytes": 53200116,
          "mapped_bytes": 26758086,
          "wal_bytes_delta": 0,
          "sidecar_bytes_delta": 0,
          "checkpoint_bytes_delta": 0,
          "temporary_spill_bytes_delta": 0
        },
        {
          "method": "industrial_selectivity",
          "ef_search": 4096,
          "metadata_bonus_cap_ppm": 0,
          "signal_queue_quota_ppm": 0,
          "graph_seed_limit": 0,
          "p50_ms": 3.8422,
          "p95_ms": 4.6269,
          "p99_ms": 4.9528,
          "mean_recall_at_10": 1.0,
          "mean_ndcg_at_10": 1.0,
          "mean_result_count": 10.0,
          "mean_navigation_scores": 19523.25,
          "mean_candidates_reranked": 4097.03125,
          "peak_candidates": 4101,
          "peak_temp_bytes": 65616,
          "estimated_vector_page_reads": 8211,
          "estimated_payload_page_reads": 131105,
          "estimated_graph_page_reads": 32,
          "mean_bq_posting_lookup_ms": 0.0,
          "mean_bq_node_mapping_ms": 0.0,
          "mean_bq_heap_scan_ms": 0.0,
          "mean_bq_output_sort_ms": 0.0,
          "bq_slot_cache_hits": 0,
          "bq_slot_cache_misses": 0,
          "mean_bq_mapped_candidates": 0.0,
          "mean_adaptive_ef_search": 4096.0,
          "mean_vector_density_skew_ppm": 1000000.0,
          "selected_access_path": "GraphVectorUnion",
          "property_path_cost": 18446744073709551615,
          "graph_path_cost": 18112,
          "filtered_ann_path_cost": 18446744073709551615,
          "resident_heap_bytes": 53200116,
          "mapped_bytes": 26758086,
          "wal_bytes_delta": 0,
          "sidecar_bytes_delta": 0,
          "checkpoint_bytes_delta": 0,
          "temporary_spill_bytes_delta": 0
        },
        {
          "method": "industrial_density",
          "ef_search": 4096,
          "metadata_bonus_cap_ppm": 0,
          "signal_queue_quota_ppm": 0,
          "graph_seed_limit": 0,
          "p50_ms": 3.8241,
          "p95_ms": 4.8659,
          "p99_ms": 4.9778,
          "mean_recall_at_10": 1.0,
          "mean_ndcg_at_10": 1.0,
          "mean_result_count": 10.0,
          "mean_navigation_scores": 19523.25,
          "mean_candidates_reranked": 4097.03125,
          "peak_candidates": 4101,
          "peak_temp_bytes": 65616,
          "estimated_vector_page_reads": 8211,
          "estimated_payload_page_reads": 131105,
          "estimated_graph_page_reads": 32,
          "mean_bq_posting_lookup_ms": 0.0,
          "mean_bq_node_mapping_ms": 0.0,
          "mean_bq_heap_scan_ms": 0.0,
          "mean_bq_output_sort_ms": 0.0,
          "bq_slot_cache_hits": 0,
          "bq_slot_cache_misses": 0,
          "mean_bq_mapped_candidates": 0.0,
          "mean_adaptive_ef_search": 4096.0,
          "mean_vector_density_skew_ppm": 1000000.0,
          "selected_access_path": "GraphVectorUnion",
          "property_path_cost": 18446744073709551615,
          "graph_path_cost": 18112,
          "filtered_ann_path_cost": 18446744073709551615,
          "resident_heap_bytes": 53200116,
          "mapped_bytes": 26758086,
          "wal_bytes_delta": 0,
          "sidecar_bytes_delta": 0,
          "checkpoint_bytes_delta": 0,
          "temporary_spill_bytes_delta": 0
        },
        {
          "method": "post_filter",
          "ef_search": 4096,
          "metadata_bonus_cap_ppm": 0,
          "signal_queue_quota_ppm": 0,
          "graph_seed_limit": 0,
          "p50_ms": 3.7902,
          "p95_ms": 4.6859,
          "p99_ms": 5.3444,
          "mean_recall_at_10": 1.0,
          "mean_ndcg_at_10": 1.0,
          "mean_result_count": 10.0,
          "mean_navigation_scores": 19523.25,
          "mean_candidates_reranked": 4096.0,
          "peak_candidates": 0,
          "peak_temp_bytes": 0,
          "estimated_vector_page_reads": 0,
          "estimated_payload_page_reads": 0,
          "estimated_graph_page_reads": 0,
          "mean_bq_posting_lookup_ms": 0.0,
          "mean_bq_node_mapping_ms": 0.0,
          "mean_bq_heap_scan_ms": 0.0,
          "mean_bq_output_sort_ms": 0.0,
          "bq_slot_cache_hits": 0,
          "bq_slot_cache_misses": 0,
          "mean_bq_mapped_candidates": 0.0,
          "mean_adaptive_ef_search": 0.0,
          "mean_vector_density_skew_ppm": 0.0,
          "selected_access_path": "AnnPostFilter",
          "property_path_cost": 0,
          "graph_path_cost": 0,
          "filtered_ann_path_cost": 0,
          "resident_heap_bytes": 53200116,
          "mapped_bytes": 26758086,
          "wal_bytes_delta": 0,
          "sidecar_bytes_delta": 0,
          "checkpoint_bytes_delta": 0,
          "temporary_spill_bytes_delta": 0
        },
        {
          "method": "tsng",
          "ef_search": 4096,
          "metadata_bonus_cap_ppm": 100000,
          "signal_queue_quota_ppm": 0,
          "graph_seed_limit": 0,
          "p50_ms": 3.9591000000000003,
          "p95_ms": 5.2712,
          "p99_ms": 5.3692,
          "mean_recall_at_10": 1.0,
          "mean_ndcg_at_10": 1.0,
          "mean_result_count": 10.0,
          "mean_navigation_scores": 19521.84375,
          "mean_candidates_reranked": 4096.0,
          "peak_candidates": 0,
          "peak_temp_bytes": 0,
          "estimated_vector_page_reads": 0,
          "estimated_payload_page_reads": 0,
          "estimated_graph_page_reads": 0,
          "mean_bq_posting_lookup_ms": 0.0,
          "mean_bq_node_mapping_ms": 0.0,
          "mean_bq_heap_scan_ms": 0.0,
          "mean_bq_output_sort_ms": 0.0,
          "bq_slot_cache_hits": 0,
          "bq_slot_cache_misses": 0,
          "mean_bq_mapped_candidates": 0.0,
          "mean_adaptive_ef_search": 0.0,
          "mean_vector_density_skew_ppm": 0.0,
          "selected_access_path": "AnnPostFilter",
          "property_path_cost": 0,
          "graph_path_cost": 0,
          "filtered_ann_path_cost": 0,
          "resident_heap_bytes": 53200116,
          "mapped_bytes": 26758086,
          "wal_bytes_delta": 0,
          "sidecar_bytes_delta": 0,
          "checkpoint_bytes_delta": 0,
          "temporary_spill_bytes_delta": 0
        },
        {
          "method": "tsng",
          "ef_search": 4096,
          "metadata_bonus_cap_ppm": 100000,
          "signal_queue_quota_ppm": 0,
          "graph_seed_limit": 16,
          "p50_ms": 5.8615,
          "p95_ms": 6.422899999999999,
          "p99_ms": 6.5408,
          "mean_recall_at_10": 1.0,
          "mean_ndcg_at_10": 1.0,
          "mean_result_count": 10.0,
          "mean_navigation_scores": 16202.6875,
          "mean_candidates_reranked": 4096.0,
          "peak_candidates": 0,
          "peak_temp_bytes": 0,
          "estimated_vector_page_reads": 0,
          "estimated_payload_page_reads": 0,
          "estimated_graph_page_reads": 0,
          "mean_bq_posting_lookup_ms": 0.0,
          "mean_bq_node_mapping_ms": 0.0,
          "mean_bq_heap_scan_ms": 0.0,
          "mean_bq_output_sort_ms": 0.0,
          "bq_slot_cache_hits": 0,
          "bq_slot_cache_misses": 0,
          "mean_bq_mapped_candidates": 0.0,
          "mean_adaptive_ef_search": 0.0,
          "mean_vector_density_skew_ppm": 0.0,
          "selected_access_path": "AnnPostFilter",
          "property_path_cost": 0,
          "graph_path_cost": 0,
          "filtered_ann_path_cost": 0,
          "resident_heap_bytes": 53200116,
          "mapped_bytes": 26758086,
          "wal_bytes_delta": 0,
          "sidecar_bytes_delta": 0,
          "checkpoint_bytes_delta": 0,
          "temporary_spill_bytes_delta": 0
        },
        {
          "method": "graph_union",
          "ef_search": 4096,
          "metadata_bonus_cap_ppm": 100000,
          "signal_queue_quota_ppm": 0,
          "graph_seed_limit": 16,
          "p50_ms": 3.8651,
          "p95_ms": 4.802,
          "p99_ms": 4.947100000000001,
          "mean_recall_at_10": 1.0,
          "mean_ndcg_at_10": 1.0,
          "mean_result_count": 10.0,
          "mean_navigation_scores": 19523.25,
          "mean_candidates_reranked": 4096.03125,
          "peak_candidates": 0,
          "peak_temp_bytes": 0,
          "estimated_vector_page_reads": 0,
          "estimated_payload_page_reads": 0,
          "estimated_graph_page_reads": 0,
          "mean_bq_posting_lookup_ms": 0.0,
          "mean_bq_node_mapping_ms": 0.0,
          "mean_bq_heap_scan_ms": 0.0,
          "mean_bq_output_sort_ms": 0.0,
          "bq_slot_cache_hits": 0,
          "bq_slot_cache_misses": 0,
          "mean_bq_mapped_candidates": 0.0,
          "mean_adaptive_ef_search": 0.0,
          "mean_vector_density_skew_ppm": 0.0,
          "selected_access_path": "AnnPostFilter",
          "property_path_cost": 0,
          "graph_path_cost": 0,
          "filtered_ann_path_cost": 0,
          "resident_heap_bytes": 53200116,
          "mapped_bytes": 26758086,
          "wal_bytes_delta": 0,
          "sidecar_bytes_delta": 0,
          "checkpoint_bytes_delta": 0,
          "temporary_spill_bytes_delta": 0
        },
        {
          "method": "tsng",
          "ef_search": 4096,
          "metadata_bonus_cap_ppm": 100000,
          "signal_queue_quota_ppm": 0,
          "graph_seed_limit": 64,
          "p50_ms": 5.7314,
          "p95_ms": 6.74,
          "p99_ms": 7.031,
          "mean_recall_at_10": 1.0,
          "mean_ndcg_at_10": 1.0,
          "mean_result_count": 10.0,
          "mean_navigation_scores": 16202.75,
          "mean_candidates_reranked": 4096.0,
          "peak_candidates": 0,
          "peak_temp_bytes": 0,
          "estimated_vector_page_reads": 0,
          "estimated_payload_page_reads": 0,
          "estimated_graph_page_reads": 0,
          "mean_bq_posting_lookup_ms": 0.0,
          "mean_bq_node_mapping_ms": 0.0,
          "mean_bq_heap_scan_ms": 0.0,
          "mean_bq_output_sort_ms": 0.0,
          "bq_slot_cache_hits": 0,
          "bq_slot_cache_misses": 0,
          "mean_bq_mapped_candidates": 0.0,
          "mean_adaptive_ef_search": 0.0,
          "mean_vector_density_skew_ppm": 0.0,
          "selected_access_path": "AnnPostFilter",
          "property_path_cost": 0,
          "graph_path_cost": 0,
          "filtered_ann_path_cost": 0,
          "resident_heap_bytes": 53200116,
          "mapped_bytes": 26758086,
          "wal_bytes_delta": 0,
          "sidecar_bytes_delta": 0,
          "checkpoint_bytes_delta": 0,
          "temporary_spill_bytes_delta": 0
        },
        {
          "method": "graph_union",
          "ef_search": 4096,
          "metadata_bonus_cap_ppm": 100000,
          "signal_queue_quota_ppm": 0,
          "graph_seed_limit": 64,
          "p50_ms": 3.8484000000000003,
          "p95_ms": 4.7862,
          "p99_ms": 4.8104000000000005,
          "mean_recall_at_10": 1.0,
          "mean_ndcg_at_10": 1.0,
          "mean_result_count": 10.0,
          "mean_navigation_scores": 19523.25,
          "mean_candidates_reranked": 4096.3125,
          "peak_candidates": 0,
          "peak_temp_bytes": 0,
          "estimated_vector_page_reads": 0,
          "estimated_payload_page_reads": 0,
          "estimated_graph_page_reads": 0,
          "mean_bq_posting_lookup_ms": 0.0,
          "mean_bq_node_mapping_ms": 0.0,
          "mean_bq_heap_scan_ms": 0.0,
          "mean_bq_output_sort_ms": 0.0,
          "bq_slot_cache_hits": 0,
          "bq_slot_cache_misses": 0,
          "mean_bq_mapped_candidates": 0.0,
          "mean_adaptive_ef_search": 0.0,
          "mean_vector_density_skew_ppm": 0.0,
          "selected_access_path": "AnnPostFilter",
          "property_path_cost": 0,
          "graph_path_cost": 0,
          "filtered_ann_path_cost": 0,
          "resident_heap_bytes": 53200116,
          "mapped_bytes": 26758086,
          "wal_bytes_delta": 0,
          "sidecar_bytes_delta": 0,
          "checkpoint_bytes_delta": 0,
          "temporary_spill_bytes_delta": 0
        },
        {
          "method": "tsng",
          "ef_search": 4096,
          "metadata_bonus_cap_ppm": 100000,
          "signal_queue_quota_ppm": 0,
          "graph_seed_limit": 256,
          "p50_ms": 5.893599999999999,
          "p95_ms": 7.0273,
          "p99_ms": 7.1177,
          "mean_recall_at_10": 1.0,
          "mean_ndcg_at_10": 1.0,
          "mean_result_count": 10.0,
          "mean_navigation_scores": 16221.90625,
          "mean_candidates_reranked": 4096.0,
          "peak_candidates": 0,
          "peak_temp_bytes": 0,
          "estimated_vector_page_reads": 0,
          "estimated_payload_page_reads": 0,
          "estimated_graph_page_reads": 0,
          "mean_bq_posting_lookup_ms": 0.0,
          "mean_bq_node_mapping_ms": 0.0,
          "mean_bq_heap_scan_ms": 0.0,
          "mean_bq_output_sort_ms": 0.0,
          "bq_slot_cache_hits": 0,
          "bq_slot_cache_misses": 0,
          "mean_bq_mapped_candidates": 0.0,
          "mean_adaptive_ef_search": 0.0,
          "mean_vector_density_skew_ppm": 0.0,
          "selected_access_path": "AnnPostFilter",
          "property_path_cost": 0,
          "graph_path_cost": 0,
          "filtered_ann_path_cost": 0,
          "resident_heap_bytes": 53200116,
          "mapped_bytes": 26758086,
          "wal_bytes_delta": 0,
          "sidecar_bytes_delta": 0,
          "checkpoint_bytes_delta": 0,
          "temporary_spill_bytes_delta": 0
        },
        {
          "method": "graph_union",
          "ef_search": 4096,
          "metadata_bonus_cap_ppm": 100000,
          "signal_queue_quota_ppm": 0,
          "graph_seed_limit": 256,
          "p50_ms": 3.8459000000000003,
          "p95_ms": 4.5624,
          "p99_ms": 5.0253,
          "mean_recall_at_10": 1.0,
          "mean_ndcg_at_10": 1.0,
          "mean_result_count": 10.0,
          "mean_navigation_scores": 19523.25,
          "mean_candidates_reranked": 4097.03125,
          "peak_candidates": 0,
          "peak_temp_bytes": 0,
          "estimated_vector_page_reads": 0,
          "estimated_payload_page_reads": 0,
          "estimated_graph_page_reads": 0,
          "mean_bq_posting_lookup_ms": 0.0,
          "mean_bq_node_mapping_ms": 0.0,
          "mean_bq_heap_scan_ms": 0.0,
          "mean_bq_output_sort_ms": 0.0,
          "bq_slot_cache_hits": 0,
          "bq_slot_cache_misses": 0,
          "mean_bq_mapped_candidates": 0.0,
          "mean_adaptive_ef_search": 0.0,
          "mean_vector_density_skew_ppm": 0.0,
          "selected_access_path": "AnnPostFilter",
          "property_path_cost": 0,
          "graph_path_cost": 0,
          "filtered_ann_path_cost": 0,
          "resident_heap_bytes": 53200116,
          "mapped_bytes": 26758086,
          "wal_bytes_delta": 0,
          "sidecar_bytes_delta": 0,
          "checkpoint_bytes_delta": 0,
          "temporary_spill_bytes_delta": 0
        },
        {
          "method": "tsng",
          "ef_search": 4096,
          "metadata_bonus_cap_ppm": 100000,
          "signal_queue_quota_ppm": 100000,
          "graph_seed_limit": 0,
          "p50_ms": 6.6446,
          "p95_ms": 9.445200000000002,
          "p99_ms": 10.2231,
          "mean_recall_at_10": 1.0,
          "mean_ndcg_at_10": 1.0,
          "mean_result_count": 10.0,
          "mean_navigation_scores": 20326.9375,
          "mean_candidates_reranked": 4096.0,
          "peak_candidates": 0,
          "peak_temp_bytes": 0,
          "estimated_vector_page_reads": 0,
          "estimated_payload_page_reads": 0,
          "estimated_graph_page_reads": 0,
          "mean_bq_posting_lookup_ms": 0.0,
          "mean_bq_node_mapping_ms": 0.0,
          "mean_bq_heap_scan_ms": 0.0,
          "mean_bq_output_sort_ms": 0.0,
          "bq_slot_cache_hits": 0,
          "bq_slot_cache_misses": 0,
          "mean_bq_mapped_candidates": 0.0,
          "mean_adaptive_ef_search": 0.0,
          "mean_vector_density_skew_ppm": 0.0,
          "selected_access_path": "AnnPostFilter",
          "property_path_cost": 0,
          "graph_path_cost": 0,
          "filtered_ann_path_cost": 0,
          "resident_heap_bytes": 53200116,
          "mapped_bytes": 26758086,
          "wal_bytes_delta": 0,
          "sidecar_bytes_delta": 0,
          "checkpoint_bytes_delta": 0,
          "temporary_spill_bytes_delta": 0
        },
        {
          "method": "tsng",
          "ef_search": 4096,
          "metadata_bonus_cap_ppm": 100000,
          "signal_queue_quota_ppm": 100000,
          "graph_seed_limit": 16,
          "p50_ms": 5.6319,
          "p95_ms": 6.5587,
          "p99_ms": 6.6198999999999995,
          "mean_recall_at_10": 1.0,
          "mean_ndcg_at_10": 1.0,
          "mean_result_count": 10.0,
          "mean_navigation_scores": 16202.6875,
          "mean_candidates_reranked": 4096.0,
          "peak_candidates": 0,
          "peak_temp_bytes": 0,
          "estimated_vector_page_reads": 0,
          "estimated_payload_page_reads": 0,
          "estimated_graph_page_reads": 0,
          "mean_bq_posting_lookup_ms": 0.0,
          "mean_bq_node_mapping_ms": 0.0,
          "mean_bq_heap_scan_ms": 0.0,
          "mean_bq_output_sort_ms": 0.0,
          "bq_slot_cache_hits": 0,
          "bq_slot_cache_misses": 0,
          "mean_bq_mapped_candidates": 0.0,
          "mean_adaptive_ef_search": 0.0,
          "mean_vector_density_skew_ppm": 0.0,
          "selected_access_path": "AnnPostFilter",
          "property_path_cost": 0,
          "graph_path_cost": 0,
          "filtered_ann_path_cost": 0,
          "resident_heap_bytes": 53200116,
          "mapped_bytes": 26758086,
          "wal_bytes_delta": 0,
          "sidecar_bytes_delta": 0,
          "checkpoint_bytes_delta": 0,
          "temporary_spill_bytes_delta": 0
        },
        {
          "method": "tsng",
          "ef_search": 4096,
          "metadata_bonus_cap_ppm": 100000,
          "signal_queue_quota_ppm": 100000,
          "graph_seed_limit": 64,
          "p50_ms": 5.5565,
          "p95_ms": 6.3812,
          "p99_ms": 6.7063,
          "mean_recall_at_10": 1.0,
          "mean_ndcg_at_10": 1.0,
          "mean_result_count": 10.0,
          "mean_navigation_scores": 16202.75,
          "mean_candidates_reranked": 4096.0,
          "peak_candidates": 0,
          "peak_temp_bytes": 0,
          "estimated_vector_page_reads": 0,
          "estimated_payload_page_reads": 0,
          "estimated_graph_page_reads": 0,
          "mean_bq_posting_lookup_ms": 0.0,
          "mean_bq_node_mapping_ms": 0.0,
          "mean_bq_heap_scan_ms": 0.0,
          "mean_bq_output_sort_ms": 0.0,
          "bq_slot_cache_hits": 0,
          "bq_slot_cache_misses": 0,
          "mean_bq_mapped_candidates": 0.0,
          "mean_adaptive_ef_search": 0.0,
          "mean_vector_density_skew_ppm": 0.0,
          "selected_access_path": "AnnPostFilter",
          "property_path_cost": 0,
          "graph_path_cost": 0,
          "filtered_ann_path_cost": 0,
          "resident_heap_bytes": 53200116,
          "mapped_bytes": 26758086,
          "wal_bytes_delta": 0,
          "sidecar_bytes_delta": 0,
          "checkpoint_bytes_delta": 0,
          "temporary_spill_bytes_delta": 0
        },
        {
          "method": "tsng",
          "ef_search": 4096,
          "metadata_bonus_cap_ppm": 100000,
          "signal_queue_quota_ppm": 100000,
          "graph_seed_limit": 256,
          "p50_ms": 5.8785,
          "p95_ms": 6.5774,
          "p99_ms": 6.6972000000000005,
          "mean_recall_at_10": 1.0,
          "mean_ndcg_at_10": 1.0,
          "mean_result_count": 10.0,
          "mean_navigation_scores": 16221.90625,
          "mean_candidates_reranked": 4096.0,
          "peak_candidates": 0,
          "peak_temp_bytes": 0,
          "estimated_vector_page_reads": 0,
          "estimated_payload_page_reads": 0,
          "estimated_graph_page_reads": 0,
          "mean_bq_posting_lookup_ms": 0.0,
          "mean_bq_node_mapping_ms": 0.0,
          "mean_bq_heap_scan_ms": 0.0,
          "mean_bq_output_sort_ms": 0.0,
          "bq_slot_cache_hits": 0,
          "bq_slot_cache_misses": 0,
          "mean_bq_mapped_candidates": 0.0,
          "mean_adaptive_ef_search": 0.0,
          "mean_vector_density_skew_ppm": 0.0,
          "selected_access_path": "AnnPostFilter",
          "property_path_cost": 0,
          "graph_path_cost": 0,
          "filtered_ann_path_cost": 0,
          "resident_heap_bytes": 53200116,
          "mapped_bytes": 26758086,
          "wal_bytes_delta": 0,
          "sidecar_bytes_delta": 0,
          "checkpoint_bytes_delta": 0,
          "temporary_spill_bytes_delta": 0
        },
        {
          "method": "tsng",
          "ef_search": 4096,
          "metadata_bonus_cap_ppm": 100000,
          "signal_queue_quota_ppm": 200000,
          "graph_seed_limit": 0,
          "p50_ms": 6.5928,
          "p95_ms": 8.9204,
          "p99_ms": 9.0088,
          "mean_recall_at_10": 1.0,
          "mean_ndcg_at_10": 1.0,
          "mean_result_count": 10.0,
          "mean_navigation_scores": 20326.9375,
          "mean_candidates_reranked": 4096.0,
          "peak_candidates": 0,
          "peak_temp_bytes": 0,
          "estimated_vector_page_reads": 0,
          "estimated_payload_page_reads": 0,
          "estimated_graph_page_reads": 0,
          "mean_bq_posting_lookup_ms": 0.0,
          "mean_bq_node_mapping_ms": 0.0,
          "mean_bq_heap_scan_ms": 0.0,
          "mean_bq_output_sort_ms": 0.0,
          "bq_slot_cache_hits": 0,
          "bq_slot_cache_misses": 0,
          "mean_bq_mapped_candidates": 0.0,
          "mean_adaptive_ef_search": 0.0,
          "mean_vector_density_skew_ppm": 0.0,
          "selected_access_path": "AnnPostFilter",
          "property_path_cost": 0,
          "graph_path_cost": 0,
          "filtered_ann_path_cost": 0,
          "resident_heap_bytes": 53200116,
          "mapped_bytes": 26758086,
          "wal_bytes_delta": 0,
          "sidecar_bytes_delta": 0,
          "checkpoint_bytes_delta": 0,
          "temporary_spill_bytes_delta": 0
        },
        {
          "method": "tsng",
          "ef_search": 4096,
          "metadata_bonus_cap_ppm": 100000,
          "signal_queue_quota_ppm": 200000,
          "graph_seed_limit": 16,
          "p50_ms": 5.6551,
          "p95_ms": 6.514,
          "p99_ms": 6.5729,
          "mean_recall_at_10": 1.0,
          "mean_ndcg_at_10": 1.0,
          "mean_result_count": 10.0,
          "mean_navigation_scores": 16202.6875,
          "mean_candidates_reranked": 4096.0,
          "peak_candidates": 0,
          "peak_temp_bytes": 0,
          "estimated_vector_page_reads": 0,
          "estimated_payload_page_reads": 0,
          "estimated_graph_page_reads": 0,
          "mean_bq_posting_lookup_ms": 0.0,
          "mean_bq_node_mapping_ms": 0.0,
          "mean_bq_heap_scan_ms": 0.0,
          "mean_bq_output_sort_ms": 0.0,
          "bq_slot_cache_hits": 0,
          "bq_slot_cache_misses": 0,
          "mean_bq_mapped_candidates": 0.0,
          "mean_adaptive_ef_search": 0.0,
          "mean_vector_density_skew_ppm": 0.0,
          "selected_access_path": "AnnPostFilter",
          "property_path_cost": 0,
          "graph_path_cost": 0,
          "filtered_ann_path_cost": 0,
          "resident_heap_bytes": 53200116,
          "mapped_bytes": 26758086,
          "wal_bytes_delta": 0,
          "sidecar_bytes_delta": 0,
          "checkpoint_bytes_delta": 0,
          "temporary_spill_bytes_delta": 0
        },
        {
          "method": "tsng",
          "ef_search": 4096,
          "metadata_bonus_cap_ppm": 100000,
          "signal_queue_quota_ppm": 200000,
          "graph_seed_limit": 64,
          "p50_ms": 5.9355,
          "p95_ms": 6.6319,
          "p99_ms": 7.4703,
          "mean_recall_at_10": 1.0,
          "mean_ndcg_at_10": 1.0,
          "mean_result_count": 10.0,
          "mean_navigation_scores": 16202.75,
          "mean_candidates_reranked": 4096.0,
          "peak_candidates": 0,
          "peak_temp_bytes": 0,
          "estimated_vector_page_reads": 0,
          "estimated_payload_page_reads": 0,
          "estimated_graph_page_reads": 0,
          "mean_bq_posting_lookup_ms": 0.0,
          "mean_bq_node_mapping_ms": 0.0,
          "mean_bq_heap_scan_ms": 0.0,
          "mean_bq_output_sort_ms": 0.0,
          "bq_slot_cache_hits": 0,
          "bq_slot_cache_misses": 0,
          "mean_bq_mapped_candidates": 0.0,
          "mean_adaptive_ef_search": 0.0,
          "mean_vector_density_skew_ppm": 0.0,
          "selected_access_path": "AnnPostFilter",
          "property_path_cost": 0,
          "graph_path_cost": 0,
          "filtered_ann_path_cost": 0,
          "resident_heap_bytes": 53200116,
          "mapped_bytes": 26758086,
          "wal_bytes_delta": 0,
          "sidecar_bytes_delta": 0,
          "checkpoint_bytes_delta": 0,
          "temporary_spill_bytes_delta": 0
        },
        {
          "method": "tsng",
          "ef_search": 4096,
          "metadata_bonus_cap_ppm": 100000,
          "signal_queue_quota_ppm": 200000,
          "graph_seed_limit": 256,
          "p50_ms": 5.7084,
          "p95_ms": 6.6849,
          "p99_ms": 7.0744,
          "mean_recall_at_10": 1.0,
          "mean_ndcg_at_10": 1.0,
          "mean_result_count": 10.0,
          "mean_navigation_scores": 16221.90625,
          "mean_candidates_reranked": 4096.0,
          "peak_candidates": 0,
          "peak_temp_bytes": 0,
          "estimated_vector_page_reads": 0,
          "estimated_payload_page_reads": 0,
          "estimated_graph_page_reads": 0,
          "mean_bq_posting_lookup_ms": 0.0,
          "mean_bq_node_mapping_ms": 0.0,
          "mean_bq_heap_scan_ms": 0.0,
          "mean_bq_output_sort_ms": 0.0,
          "bq_slot_cache_hits": 0,
          "bq_slot_cache_misses": 0,
          "mean_bq_mapped_candidates": 0.0,
          "mean_adaptive_ef_search": 0.0,
          "mean_vector_density_skew_ppm": 0.0,
          "selected_access_path": "AnnPostFilter",
          "property_path_cost": 0,
          "graph_path_cost": 0,
          "filtered_ann_path_cost": 0,
          "resident_heap_bytes": 53200116,
          "mapped_bytes": 26758086,
          "wal_bytes_delta": 0,
          "sidecar_bytes_delta": 0,
          "checkpoint_bytes_delta": 0,
          "temporary_spill_bytes_delta": 0
        },
        {
          "method": "tsng",
          "ef_search": 4096,
          "metadata_bonus_cap_ppm": 100000,
          "signal_queue_quota_ppm": 250000,
          "graph_seed_limit": 0,
          "p50_ms": 6.4422999999999995,
          "p95_ms": 8.8164,
          "p99_ms": 9.005600000000001,
          "mean_recall_at_10": 1.0,
          "mean_ndcg_at_10": 1.0,
          "mean_result_count": 10.0,
          "mean_navigation_scores": 20326.9375,
          "mean_candidates_reranked": 4096.0,
          "peak_candidates": 0,
          "peak_temp_bytes": 0,
          "estimated_vector_page_reads": 0,
          "estimated_payload_page_reads": 0,
          "estimated_graph_page_reads": 0,
          "mean_bq_posting_lookup_ms": 0.0,
          "mean_bq_node_mapping_ms": 0.0,
          "mean_bq_heap_scan_ms": 0.0,
          "mean_bq_output_sort_ms": 0.0,
          "bq_slot_cache_hits": 0,
          "bq_slot_cache_misses": 0,
          "mean_bq_mapped_candidates": 0.0,
          "mean_adaptive_ef_search": 0.0,
          "mean_vector_density_skew_ppm": 0.0,
          "selected_access_path": "AnnPostFilter",
          "property_path_cost": 0,
          "graph_path_cost": 0,
          "filtered_ann_path_cost": 0,
          "resident_heap_bytes": 53200116,
          "mapped_bytes": 26758086,
          "wal_bytes_delta": 0,
          "sidecar_bytes_delta": 0,
          "checkpoint_bytes_delta": 0,
          "temporary_spill_bytes_delta": 0
        },
        {
          "method": "tsng",
          "ef_search": 4096,
          "metadata_bonus_cap_ppm": 100000,
          "signal_queue_quota_ppm": 250000,
          "graph_seed_limit": 16,
          "p50_ms": 5.6531,
          "p95_ms": 6.4323999999999995,
          "p99_ms": 6.9455,
          "mean_recall_at_10": 1.0,
          "mean_ndcg_at_10": 1.0,
          "mean_result_count": 10.0,
          "mean_navigation_scores": 16202.6875,
          "mean_candidates_reranked": 4096.0,
          "peak_candidates": 0,
          "peak_temp_bytes": 0,
          "estimated_vector_page_reads": 0,
          "estimated_payload_page_reads": 0,
          "estimated_graph_page_reads": 0,
          "mean_bq_posting_lookup_ms": 0.0,
          "mean_bq_node_mapping_ms": 0.0,
          "mean_bq_heap_scan_ms": 0.0,
          "mean_bq_output_sort_ms": 0.0,
          "bq_slot_cache_hits": 0,
          "bq_slot_cache_misses": 0,
          "mean_bq_mapped_candidates": 0.0,
          "mean_adaptive_ef_search": 0.0,
          "mean_vector_density_skew_ppm": 0.0,
          "selected_access_path": "AnnPostFilter",
          "property_path_cost": 0,
          "graph_path_cost": 0,
          "filtered_ann_path_cost": 0,
          "resident_heap_bytes": 53200116,
          "mapped_bytes": 26758086,
          "wal_bytes_delta": 0,
          "sidecar_bytes_delta": 0,
          "checkpoint_bytes_delta": 0,
          "temporary_spill_bytes_delta": 0
        },
        {
          "method": "tsng",
          "ef_search": 4096,
          "metadata_bonus_cap_ppm": 100000,
          "signal_queue_quota_ppm": 250000,
          "graph_seed_limit": 64,
          "p50_ms": 5.6466,
          "p95_ms": 6.519699999999999,
          "p99_ms": 6.619800000000001,
          "mean_recall_at_10": 1.0,
          "mean_ndcg_at_10": 1.0,
          "mean_result_count": 10.0,
          "mean_navigation_scores": 16202.75,
          "mean_candidates_reranked": 4096.0,
          "peak_candidates": 0,
          "peak_temp_bytes": 0,
          "estimated_vector_page_reads": 0,
          "estimated_payload_page_reads": 0,
          "estimated_graph_page_reads": 0,
          "mean_bq_posting_lookup_ms": 0.0,
          "mean_bq_node_mapping_ms": 0.0,
          "mean_bq_heap_scan_ms": 0.0,
          "mean_bq_output_sort_ms": 0.0,
          "bq_slot_cache_hits": 0,
          "bq_slot_cache_misses": 0,
          "mean_bq_mapped_candidates": 0.0,
          "mean_adaptive_ef_search": 0.0,
          "mean_vector_density_skew_ppm": 0.0,
          "selected_access_path": "AnnPostFilter",
          "property_path_cost": 0,
          "graph_path_cost": 0,
          "filtered_ann_path_cost": 0,
          "resident_heap_bytes": 53200116,
          "mapped_bytes": 26758086,
          "wal_bytes_delta": 0,
          "sidecar_bytes_delta": 0,
          "checkpoint_bytes_delta": 0,
          "temporary_spill_bytes_delta": 0
        },
        {
          "method": "tsng",
          "ef_search": 4096,
          "metadata_bonus_cap_ppm": 100000,
          "signal_queue_quota_ppm": 250000,
          "graph_seed_limit": 256,
          "p50_ms": 5.6086,
          "p95_ms": 6.6886,
          "p99_ms": 6.8453,
          "mean_recall_at_10": 1.0,
          "mean_ndcg_at_10": 1.0,
          "mean_result_count": 10.0,
          "mean_navigation_scores": 16221.90625,
          "mean_candidates_reranked": 4096.0,
          "peak_candidates": 0,
          "peak_temp_bytes": 0,
          "estimated_vector_page_reads": 0,
          "estimated_payload_page_reads": 0,
          "estimated_graph_page_reads": 0,
          "mean_bq_posting_lookup_ms": 0.0,
          "mean_bq_node_mapping_ms": 0.0,
          "mean_bq_heap_scan_ms": 0.0,
          "mean_bq_output_sort_ms": 0.0,
          "bq_slot_cache_hits": 0,
          "bq_slot_cache_misses": 0,
          "mean_bq_mapped_candidates": 0.0,
          "mean_adaptive_ef_search": 0.0,
          "mean_vector_density_skew_ppm": 0.0,
          "selected_access_path": "AnnPostFilter",
          "property_path_cost": 0,
          "graph_path_cost": 0,
          "filtered_ann_path_cost": 0,
          "resident_heap_bytes": 53200116,
          "mapped_bytes": 26758086,
          "wal_bytes_delta": 0,
          "sidecar_bytes_delta": 0,
          "checkpoint_bytes_delta": 0,
          "temporary_spill_bytes_delta": 0
        },
        {
          "method": "tsng",
          "ef_search": 4096,
          "metadata_bonus_cap_ppm": 100000,
          "signal_queue_quota_ppm": 330000,
          "graph_seed_limit": 0,
          "p50_ms": 6.6501,
          "p95_ms": 8.7039,
          "p99_ms": 9.1472,
          "mean_recall_at_10": 1.0,
          "mean_ndcg_at_10": 1.0,
          "mean_result_count": 10.0,
          "mean_navigation_scores": 20326.9375,
          "mean_candidates_reranked": 4096.0,
          "peak_candidates": 0,
          "peak_temp_bytes": 0,
          "estimated_vector_page_reads": 0,
          "estimated_payload_page_reads": 0,
          "estimated_graph_page_reads": 0,
          "mean_bq_posting_lookup_ms": 0.0,
          "mean_bq_node_mapping_ms": 0.0,
          "mean_bq_heap_scan_ms": 0.0,
          "mean_bq_output_sort_ms": 0.0,
          "bq_slot_cache_hits": 0,
          "bq_slot_cache_misses": 0,
          "mean_bq_mapped_candidates": 0.0,
          "mean_adaptive_ef_search": 0.0,
          "mean_vector_density_skew_ppm": 0.0,
          "selected_access_path": "AnnPostFilter",
          "property_path_cost": 0,
          "graph_path_cost": 0,
          "filtered_ann_path_cost": 0,
          "resident_heap_bytes": 53200116,
          "mapped_bytes": 26758086,
          "wal_bytes_delta": 0,
          "sidecar_bytes_delta": 0,
          "checkpoint_bytes_delta": 0,
          "temporary_spill_bytes_delta": 0
        },
        {
          "method": "tsng",
          "ef_search": 4096,
          "metadata_bonus_cap_ppm": 100000,
          "signal_queue_quota_ppm": 330000,
          "graph_seed_limit": 16,
          "p50_ms": 5.7665,
          "p95_ms": 6.6145,
          "p99_ms": 6.7175,
          "mean_recall_at_10": 1.0,
          "mean_ndcg_at_10": 1.0,
          "mean_result_count": 10.0,
          "mean_navigation_scores": 16202.6875,
          "mean_candidates_reranked": 4096.0,
          "peak_candidates": 0,
          "peak_temp_bytes": 0,
          "estimated_vector_page_reads": 0,
          "estimated_payload_page_reads": 0,
          "estimated_graph_page_reads": 0,
          "mean_bq_posting_lookup_ms": 0.0,
          "mean_bq_node_mapping_ms": 0.0,
          "mean_bq_heap_scan_ms": 0.0,
          "mean_bq_output_sort_ms": 0.0,
          "bq_slot_cache_hits": 0,
          "bq_slot_cache_misses": 0,
          "mean_bq_mapped_candidates": 0.0,
          "mean_adaptive_ef_search": 0.0,
          "mean_vector_density_skew_ppm": 0.0,
          "selected_access_path": "AnnPostFilter",
          "property_path_cost": 0,
          "graph_path_cost": 0,
          "filtered_ann_path_cost": 0,
          "resident_heap_bytes": 53200116,
          "mapped_bytes": 26758086,
          "wal_bytes_delta": 0,
          "sidecar_bytes_delta": 0,
          "checkpoint_bytes_delta": 0,
          "temporary_spill_bytes_delta": 0
        },
        {
          "method": "tsng",
          "ef_search": 4096,
          "metadata_bonus_cap_ppm": 100000,
          "signal_queue_quota_ppm": 330000,
          "graph_seed_limit": 64,
          "p50_ms": 5.6697,
          "p95_ms": 6.6491,
          "p99_ms": 6.8868,
          "mean_recall_at_10": 1.0,
          "mean_ndcg_at_10": 1.0,
          "mean_result_count": 10.0,
          "mean_navigation_scores": 16202.75,
          "mean_candidates_reranked": 4096.0,
          "peak_candidates": 0,
          "peak_temp_bytes": 0,
          "estimated_vector_page_reads": 0,
          "estimated_payload_page_reads": 0,
          "estimated_graph_page_reads": 0,
          "mean_bq_posting_lookup_ms": 0.0,
          "mean_bq_node_mapping_ms": 0.0,
          "mean_bq_heap_scan_ms": 0.0,
          "mean_bq_output_sort_ms": 0.0,
          "bq_slot_cache_hits": 0,
          "bq_slot_cache_misses": 0,
          "mean_bq_mapped_candidates": 0.0,
          "mean_adaptive_ef_search": 0.0,
          "mean_vector_density_skew_ppm": 0.0,
          "selected_access_path": "AnnPostFilter",
          "property_path_cost": 0,
          "graph_path_cost": 0,
          "filtered_ann_path_cost": 0,
          "resident_heap_bytes": 53200116,
          "mapped_bytes": 26758086,
          "wal_bytes_delta": 0,
          "sidecar_bytes_delta": 0,
          "checkpoint_bytes_delta": 0,
          "temporary_spill_bytes_delta": 0
        },
        {
          "method": "tsng",
          "ef_search": 4096,
          "metadata_bonus_cap_ppm": 100000,
          "signal_queue_quota_ppm": 330000,
          "graph_seed_limit": 256,
          "p50_ms": 5.8252,
          "p95_ms": 6.7669999999999995,
          "p99_ms": 6.814500000000001,
          "mean_recall_at_10": 1.0,
          "mean_ndcg_at_10": 1.0,
          "mean_result_count": 10.0,
          "mean_navigation_scores": 16221.90625,
          "mean_candidates_reranked": 4096.0,
          "peak_candidates": 0,
          "peak_temp_bytes": 0,
          "estimated_vector_page_reads": 0,
          "estimated_payload_page_reads": 0,
          "estimated_graph_page_reads": 0,
          "mean_bq_posting_lookup_ms": 0.0,
          "mean_bq_node_mapping_ms": 0.0,
          "mean_bq_heap_scan_ms": 0.0,
          "mean_bq_output_sort_ms": 0.0,
          "bq_slot_cache_hits": 0,
          "bq_slot_cache_misses": 0,
          "mean_bq_mapped_candidates": 0.0,
          "mean_adaptive_ef_search": 0.0,
          "mean_vector_density_skew_ppm": 0.0,
          "selected_access_path": "AnnPostFilter",
          "property_path_cost": 0,
          "graph_path_cost": 0,
          "filtered_ann_path_cost": 0,
          "resident_heap_bytes": 53200116,
          "mapped_bytes": 26758086,
          "wal_bytes_delta": 0,
          "sidecar_bytes_delta": 0,
          "checkpoint_bytes_delta": 0,
          "temporary_spill_bytes_delta": 0
        },
        {
          "method": "tsng",
          "ef_search": 4096,
          "metadata_bonus_cap_ppm": 100000,
          "signal_queue_quota_ppm": 500000,
          "graph_seed_limit": 0,
          "p50_ms": 6.8926,
          "p95_ms": 9.2594,
          "p99_ms": 9.810599999999999,
          "mean_recall_at_10": 1.0,
          "mean_ndcg_at_10": 1.0,
          "mean_result_count": 10.0,
          "mean_navigation_scores": 20326.9375,
          "mean_candidates_reranked": 4096.0,
          "peak_candidates": 0,
          "peak_temp_bytes": 0,
          "estimated_vector_page_reads": 0,
          "estimated_payload_page_reads": 0,
          "estimated_graph_page_reads": 0,
          "mean_bq_posting_lookup_ms": 0.0,
          "mean_bq_node_mapping_ms": 0.0,
          "mean_bq_heap_scan_ms": 0.0,
          "mean_bq_output_sort_ms": 0.0,
          "bq_slot_cache_hits": 0,
          "bq_slot_cache_misses": 0,
          "mean_bq_mapped_candidates": 0.0,
          "mean_adaptive_ef_search": 0.0,
          "mean_vector_density_skew_ppm": 0.0,
          "selected_access_path": "AnnPostFilter",
          "property_path_cost": 0,
          "graph_path_cost": 0,
          "filtered_ann_path_cost": 0,
          "resident_heap_bytes": 53200116,
          "mapped_bytes": 26758086,
          "wal_bytes_delta": 0,
          "sidecar_bytes_delta": 0,
          "checkpoint_bytes_delta": 0,
          "temporary_spill_bytes_delta": 0
        },
        {
          "method": "tsng",
          "ef_search": 4096,
          "metadata_bonus_cap_ppm": 100000,
          "signal_queue_quota_ppm": 500000,
          "graph_seed_limit": 16,
          "p50_ms": 5.9266,
          "p95_ms": 7.8954,
          "p99_ms": 8.0916,
          "mean_recall_at_10": 1.0,
          "mean_ndcg_at_10": 1.0,
          "mean_result_count": 10.0,
          "mean_navigation_scores": 16202.6875,
          "mean_candidates_reranked": 4096.0,
          "peak_candidates": 0,
          "peak_temp_bytes": 0,
          "estimated_vector_page_reads": 0,
          "estimated_payload_page_reads": 0,
          "estimated_graph_page_reads": 0,
          "mean_bq_posting_lookup_ms": 0.0,
          "mean_bq_node_mapping_ms": 0.0,
          "mean_bq_heap_scan_ms": 0.0,
          "mean_bq_output_sort_ms": 0.0,
          "bq_slot_cache_hits": 0,
          "bq_slot_cache_misses": 0,
          "mean_bq_mapped_candidates": 0.0,
          "mean_adaptive_ef_search": 0.0,
          "mean_vector_density_skew_ppm": 0.0,
          "selected_access_path": "AnnPostFilter",
          "property_path_cost": 0,
          "graph_path_cost": 0,
          "filtered_ann_path_cost": 0,
          "resident_heap_bytes": 53200116,
          "mapped_bytes": 26758086,
          "wal_bytes_delta": 0,
          "sidecar_bytes_delta": 0,
          "checkpoint_bytes_delta": 0,
          "temporary_spill_bytes_delta": 0
        },
        {
          "method": "tsng",
          "ef_search": 4096,
          "metadata_bonus_cap_ppm": 100000,
          "signal_queue_quota_ppm": 500000,
          "graph_seed_limit": 64,
          "p50_ms": 5.7984,
          "p95_ms": 6.4723999999999995,
          "p99_ms": 6.6302,
          "mean_recall_at_10": 1.0,
          "mean_ndcg_at_10": 1.0,
          "mean_result_count": 10.0,
          "mean_navigation_scores": 16202.75,
          "mean_candidates_reranked": 4096.0,
          "peak_candidates": 0,
          "peak_temp_bytes": 0,
          "estimated_vector_page_reads": 0,
          "estimated_payload_page_reads": 0,
          "estimated_graph_page_reads": 0,
          "mean_bq_posting_lookup_ms": 0.0,
          "mean_bq_node_mapping_ms": 0.0,
          "mean_bq_heap_scan_ms": 0.0,
          "mean_bq_output_sort_ms": 0.0,
          "bq_slot_cache_hits": 0,
          "bq_slot_cache_misses": 0,
          "mean_bq_mapped_candidates": 0.0,
          "mean_adaptive_ef_search": 0.0,
          "mean_vector_density_skew_ppm": 0.0,
          "selected_access_path": "AnnPostFilter",
          "property_path_cost": 0,
          "graph_path_cost": 0,
          "filtered_ann_path_cost": 0,
          "resident_heap_bytes": 53200116,
          "mapped_bytes": 26758086,
          "wal_bytes_delta": 0,
          "sidecar_bytes_delta": 0,
          "checkpoint_bytes_delta": 0,
          "temporary_spill_bytes_delta": 0
        },
        {
          "method": "tsng",
          "ef_search": 4096,
          "metadata_bonus_cap_ppm": 100000,
          "signal_queue_quota_ppm": 500000,
          "graph_seed_limit": 256,
          "p50_ms": 5.6122000000000005,
          "p95_ms": 6.5888,
          "p99_ms": 7.3988,
          "mean_recall_at_10": 1.0,
          "mean_ndcg_at_10": 1.0,
          "mean_result_count": 10.0,
          "mean_navigation_scores": 16221.90625,
          "mean_candidates_reranked": 4096.0,
          "peak_candidates": 0,
          "peak_temp_bytes": 0,
          "estimated_vector_page_reads": 0,
          "estimated_payload_page_reads": 0,
          "estimated_graph_page_reads": 0,
          "mean_bq_posting_lookup_ms": 0.0,
          "mean_bq_node_mapping_ms": 0.0,
          "mean_bq_heap_scan_ms": 0.0,
          "mean_bq_output_sort_ms": 0.0,
          "bq_slot_cache_hits": 0,
          "bq_slot_cache_misses": 0,
          "mean_bq_mapped_candidates": 0.0,
          "mean_adaptive_ef_search": 0.0,
          "mean_vector_density_skew_ppm": 0.0,
          "selected_access_path": "AnnPostFilter",
          "property_path_cost": 0,
          "graph_path_cost": 0,
          "filtered_ann_path_cost": 0,
          "resident_heap_bytes": 53200116,
          "mapped_bytes": 26758086,
          "wal_bytes_delta": 0,
          "sidecar_bytes_delta": 0,
          "checkpoint_bytes_delta": 0,
          "temporary_spill_bytes_delta": 0
        }
      ],
      "gate": {
        "target_recall": 0.8,
        "fixed_ef": 64,
        "selectivity_ef": 64,
        "density_ef": 64,
        "fixed_p95_ms": 0.2681,
        "selectivity_p95_ms": 0.1891,
        "density_p95_ms": 0.1829,
        "density_recall_delta": 0.0,
        "density_p95_speedup": 1.0338983050847457,
        "density_page_read_reduction": 0.0,
        "density_candidate_reduction": 0.0,
        "quality_gate_passed": true,
        "density_work_gate_passed": false,
        "memory_gate_passed": true,
        "ssd_wear_gate_passed": true,
        "passed": false,
        "reason": "密度感知模式未降低 P95、向量页读取或候选精排工作量"
      }
    },
    {
      "name": "three_signal",
      "curves": [
        {
          "method": "industrial_fixed",
          "ef_search": 64,
          "metadata_bonus_cap_ppm": 0,
          "signal_queue_quota_ppm": 0,
          "graph_seed_limit": 0,
          "p50_ms": 0.10679999999999999,
          "p95_ms": 0.11649999999999999,
          "p99_ms": 0.1357,
          "mean_recall_at_10": 0.03125,
          "mean_ndcg_at_10": 0.041370357391491475,
          "mean_result_count": 2.75,
          "mean_navigation_scores": 1629.15625,
          "mean_candidates_reranked": 3.40625,
          "peak_candidates": 24,
          "peak_temp_bytes": 384,
          "estimated_vector_page_reads": 28,
          "estimated_payload_page_reads": 109,
          "estimated_graph_page_reads": 32,
          "mean_bq_posting_lookup_ms": 0.0,
          "mean_bq_node_mapping_ms": 0.0,
          "mean_bq_heap_scan_ms": 0.0,
          "mean_bq_output_sort_ms": 0.0,
          "bq_slot_cache_hits": 0,
          "bq_slot_cache_misses": 0,
          "mean_bq_mapped_candidates": 0.0,
          "mean_adaptive_ef_search": 64.0,
          "mean_vector_density_skew_ppm": 996968.0,
          "selected_access_path": "PropertyFilteredAnn",
          "property_path_cost": 12928,
          "graph_path_cost": 10048,
          "filtered_ann_path_cost": 6996,
          "resident_heap_bytes": 53200116,
          "mapped_bytes": 26758086,
          "wal_bytes_delta": 0,
          "sidecar_bytes_delta": 0,
          "checkpoint_bytes_delta": 0,
          "temporary_spill_bytes_delta": 0
        },
        {
          "method": "industrial_selectivity",
          "ef_search": 64,
          "metadata_bonus_cap_ppm": 0,
          "signal_queue_quota_ppm": 0,
          "graph_seed_limit": 0,
          "p50_ms": 0.9404,
          "p95_ms": 1.5249000000000001,
          "p99_ms": 1.5443,
          "mean_recall_at_10": 0.5375,
          "mean_ndcg_at_10": 0.5969045020569036,
          "mean_result_count": 10.0,
          "mean_navigation_scores": 7943.5625,
          "mean_candidates_reranked": 63.59375,
          "peak_candidates": 64,
          "peak_temp_bytes": 1024,
          "estimated_vector_page_reads": 128,
          "estimated_payload_page_reads": 2035,
          "estimated_graph_page_reads": 32,
          "mean_bq_posting_lookup_ms": 0.0,
          "mean_bq_node_mapping_ms": 0.0,
          "mean_bq_heap_scan_ms": 0.0,
          "mean_bq_output_sort_ms": 0.0,
          "bq_slot_cache_hits": 0,
          "bq_slot_cache_misses": 0,
          "mean_bq_mapped_candidates": 0.0,
          "mean_adaptive_ef_search": 1450.0,
          "mean_vector_density_skew_ppm": 996968.0,
          "selected_access_path": "PropertyFilteredAnn",
          "property_path_cost": 12928,
          "graph_path_cost": 10048,
          "filtered_ann_path_cost": 6996,
          "resident_heap_bytes": 53200116,
          "mapped_bytes": 26758086,
          "wal_bytes_delta": 0,
          "sidecar_bytes_delta": 0,
          "checkpoint_bytes_delta": 0,
          "temporary_spill_bytes_delta": 0
        },
        {
          "method": "industrial_density",
          "ef_search": 64,
          "metadata_bonus_cap_ppm": 0,
          "signal_queue_quota_ppm": 0,
          "graph_seed_limit": 0,
          "p50_ms": 0.8638,
          "p95_ms": 1.2224,
          "p99_ms": 1.2511,
          "mean_recall_at_10": 0.5375,
          "mean_ndcg_at_10": 0.5969045020569036,
          "mean_result_count": 10.0,
          "mean_navigation_scores": 7943.4375,
          "mean_candidates_reranked": 63.53125,
          "peak_candidates": 64,
          "peak_temp_bytes": 1024,
          "estimated_vector_page_reads": 128,
          "estimated_payload_page_reads": 2033,
          "estimated_graph_page_reads": 32,
          "mean_bq_posting_lookup_ms": 0.0,
          "mean_bq_node_mapping_ms": 0.0,
          "mean_bq_heap_scan_ms": 0.0,
          "mean_bq_output_sort_ms": 0.0,
          "bq_slot_cache_hits": 0,
          "bq_slot_cache_misses": 0,
          "mean_bq_mapped_candidates": 0.0,
          "mean_adaptive_ef_search": 1448.0,
          "mean_vector_density_skew_ppm": 996968.0,
          "selected_access_path": "PropertyFilteredAnn",
          "property_path_cost": 12928,
          "graph_path_cost": 10048,
          "filtered_ann_path_cost": 6996,
          "resident_heap_bytes": 53200116,
          "mapped_bytes": 26758086,
          "wal_bytes_delta": 0,
          "sidecar_bytes_delta": 0,
          "checkpoint_bytes_delta": 0,
          "temporary_spill_bytes_delta": 0
        },
        {
          "method": "post_filter",
          "ef_search": 64,
          "metadata_bonus_cap_ppm": 0,
          "signal_queue_quota_ppm": 0,
          "graph_seed_limit": 0,
          "p50_ms": 0.0945,
          "p95_ms": 0.17789999999999997,
          "p99_ms": 0.1855,
          "mean_recall_at_10": 0.03125,
          "mean_ndcg_at_10": 0.041370357391491475,
          "mean_result_count": 2.75,
          "mean_navigation_scores": 1629.15625,
          "mean_candidates_reranked": 64.0,
          "peak_candidates": 0,
          "peak_temp_bytes": 0,
          "estimated_vector_page_reads": 0,
          "estimated_payload_page_reads": 0,
          "estimated_graph_page_reads": 0,
          "mean_bq_posting_lookup_ms": 0.0,
          "mean_bq_node_mapping_ms": 0.0,
          "mean_bq_heap_scan_ms": 0.0,
          "mean_bq_output_sort_ms": 0.0,
          "bq_slot_cache_hits": 0,
          "bq_slot_cache_misses": 0,
          "mean_bq_mapped_candidates": 0.0,
          "mean_adaptive_ef_search": 0.0,
          "mean_vector_density_skew_ppm": 0.0,
          "selected_access_path": "AnnPostFilter",
          "property_path_cost": 0,
          "graph_path_cost": 0,
          "filtered_ann_path_cost": 0,
          "resident_heap_bytes": 53200116,
          "mapped_bytes": 26758086,
          "wal_bytes_delta": 0,
          "sidecar_bytes_delta": 0,
          "checkpoint_bytes_delta": 0,
          "temporary_spill_bytes_delta": 0
        },
        {
          "method": "tsng",
          "ef_search": 64,
          "metadata_bonus_cap_ppm": 100000,
          "signal_queue_quota_ppm": 0,
          "graph_seed_limit": 0,
          "p50_ms": 0.1444,
          "p95_ms": 0.19699999999999998,
          "p99_ms": 0.44539999999999996,
          "mean_recall_at_10": 0.03125,
          "mean_ndcg_at_10": 0.041370357391491475,
          "mean_result_count": 2.75,
          "mean_navigation_scores": 1629.15625,
          "mean_candidates_reranked": 64.0,
          "peak_candidates": 0,
          "peak_temp_bytes": 0,
          "estimated_vector_page_reads": 0,
          "estimated_payload_page_reads": 0,
          "estimated_graph_page_reads": 0,
          "mean_bq_posting_lookup_ms": 0.0,
          "mean_bq_node_mapping_ms": 0.0,
          "mean_bq_heap_scan_ms": 0.0,
          "mean_bq_output_sort_ms": 0.0,
          "bq_slot_cache_hits": 0,
          "bq_slot_cache_misses": 0,
          "mean_bq_mapped_candidates": 0.0,
          "mean_adaptive_ef_search": 0.0,
          "mean_vector_density_skew_ppm": 0.0,
          "selected_access_path": "AnnPostFilter",
          "property_path_cost": 0,
          "graph_path_cost": 0,
          "filtered_ann_path_cost": 0,
          "resident_heap_bytes": 53200116,
          "mapped_bytes": 26758086,
          "wal_bytes_delta": 0,
          "sidecar_bytes_delta": 0,
          "checkpoint_bytes_delta": 0,
          "temporary_spill_bytes_delta": 0
        },
        {
          "method": "tsng",
          "ef_search": 64,
          "metadata_bonus_cap_ppm": 100000,
          "signal_queue_quota_ppm": 0,
          "graph_seed_limit": 16,
          "p50_ms": 0.3897,
          "p95_ms": 0.4658,
          "p99_ms": 0.4802,
          "mean_recall_at_10": 0.47500000000000003,
          "mean_ndcg_at_10": 0.5886909871683803,
          "mean_result_count": 10.0,
          "mean_navigation_scores": 1444.9375,
          "mean_candidates_reranked": 64.0,
          "peak_candidates": 0,
          "peak_temp_bytes": 0,
          "estimated_vector_page_reads": 0,
          "estimated_payload_page_reads": 0,
          "estimated_graph_page_reads": 0,
          "mean_bq_posting_lookup_ms": 0.0,
          "mean_bq_node_mapping_ms": 0.0,
          "mean_bq_heap_scan_ms": 0.0,
          "mean_bq_output_sort_ms": 0.0,
          "bq_slot_cache_hits": 0,
          "bq_slot_cache_misses": 0,
          "mean_bq_mapped_candidates": 0.0,
          "mean_adaptive_ef_search": 0.0,
          "mean_vector_density_skew_ppm": 0.0,
          "selected_access_path": "AnnPostFilter",
          "property_path_cost": 0,
          "graph_path_cost": 0,
          "filtered_ann_path_cost": 0,
          "resident_heap_bytes": 53200116,
          "mapped_bytes": 26758086,
          "wal_bytes_delta": 0,
          "sidecar_bytes_delta": 0,
          "checkpoint_bytes_delta": 0,
          "temporary_spill_bytes_delta": 0
        },
        {
          "method": "graph_union",
          "ef_search": 64,
          "metadata_bonus_cap_ppm": 100000,
          "signal_queue_quota_ppm": 0,
          "graph_seed_limit": 16,
          "p50_ms": 0.1039,
          "p95_ms": 0.1126,
          "p99_ms": 0.1248,
          "mean_recall_at_10": 0.2218750000000001,
          "mean_ndcg_at_10": 0.4899123107262143,
          "mean_result_count": 4.59375,
          "mean_navigation_scores": 1629.15625,
          "mean_candidates_reranked": 79.90625,
          "peak_candidates": 0,
          "peak_temp_bytes": 0,
          "estimated_vector_page_reads": 0,
          "estimated_payload_page_reads": 0,
          "estimated_graph_page_reads": 0,
          "mean_bq_posting_lookup_ms": 0.0,
          "mean_bq_node_mapping_ms": 0.0,
          "mean_bq_heap_scan_ms": 0.0,
          "mean_bq_output_sort_ms": 0.0,
          "bq_slot_cache_hits": 0,
          "bq_slot_cache_misses": 0,
          "mean_bq_mapped_candidates": 0.0,
          "mean_adaptive_ef_search": 0.0,
          "mean_vector_density_skew_ppm": 0.0,
          "selected_access_path": "AnnPostFilter",
          "property_path_cost": 0,
          "graph_path_cost": 0,
          "filtered_ann_path_cost": 0,
          "resident_heap_bytes": 53200116,
          "mapped_bytes": 26758086,
          "wal_bytes_delta": 0,
          "sidecar_bytes_delta": 0,
          "checkpoint_bytes_delta": 0,
          "temporary_spill_bytes_delta": 0
        },
        {
          "method": "tsng",
          "ef_search": 64,
          "metadata_bonus_cap_ppm": 100000,
          "signal_queue_quota_ppm": 0,
          "graph_seed_limit": 64,
          "p50_ms": 0.3936,
          "p95_ms": 0.5264,
          "p99_ms": 0.5777,
          "mean_recall_at_10": 0.47500000000000003,
          "mean_ndcg_at_10": 0.5886909871683803,
          "mean_result_count": 10.0,
          "mean_navigation_scores": 1471.5,
          "mean_candidates_reranked": 64.0,
          "peak_candidates": 0,
          "peak_temp_bytes": 0,
          "estimated_vector_page_reads": 0,
          "estimated_payload_page_reads": 0,
          "estimated_graph_page_reads": 0,
          "mean_bq_posting_lookup_ms": 0.0,
          "mean_bq_node_mapping_ms": 0.0,
          "mean_bq_heap_scan_ms": 0.0,
          "mean_bq_output_sort_ms": 0.0,
          "bq_slot_cache_hits": 0,
          "bq_slot_cache_misses": 0,
          "mean_bq_mapped_candidates": 0.0,
          "mean_adaptive_ef_search": 0.0,
          "mean_vector_density_skew_ppm": 0.0,
          "selected_access_path": "AnnPostFilter",
          "property_path_cost": 0,
          "graph_path_cost": 0,
          "filtered_ann_path_cost": 0,
          "resident_heap_bytes": 53200116,
          "mapped_bytes": 26758086,
          "wal_bytes_delta": 0,
          "sidecar_bytes_delta": 0,
          "checkpoint_bytes_delta": 0,
          "temporary_spill_bytes_delta": 0
        },
        {
          "method": "graph_union",
          "ef_search": 64,
          "metadata_bonus_cap_ppm": 100000,
          "signal_queue_quota_ppm": 0,
          "graph_seed_limit": 64,
          "p50_ms": 0.13520000000000001,
          "p95_ms": 0.1529,
          "p99_ms": 0.156,
          "mean_recall_at_10": 0.41562500000000024,
          "mean_ndcg_at_10": 0.7062962380406899,
          "mean_result_count": 6.40625,
          "mean_navigation_scores": 1629.15625,
          "mean_candidates_reranked": 127.78125,
          "peak_candidates": 0,
          "peak_temp_bytes": 0,
          "estimated_vector_page_reads": 0,
          "estimated_payload_page_reads": 0,
          "estimated_graph_page_reads": 0,
          "mean_bq_posting_lookup_ms": 0.0,
          "mean_bq_node_mapping_ms": 0.0,
          "mean_bq_heap_scan_ms": 0.0,
          "mean_bq_output_sort_ms": 0.0,
          "bq_slot_cache_hits": 0,
          "bq_slot_cache_misses": 0,
          "mean_bq_mapped_candidates": 0.0,
          "mean_adaptive_ef_search": 0.0,
          "mean_vector_density_skew_ppm": 0.0,
          "selected_access_path": "AnnPostFilter",
          "property_path_cost": 0,
          "graph_path_cost": 0,
          "filtered_ann_path_cost": 0,
          "resident_heap_bytes": 53200116,
          "mapped_bytes": 26758086,
          "wal_bytes_delta": 0,
          "sidecar_bytes_delta": 0,
          "checkpoint_bytes_delta": 0,
          "temporary_spill_bytes_delta": 0
        },
        {
          "method": "tsng",
          "ef_search": 64,
          "metadata_bonus_cap_ppm": 100000,
          "signal_queue_quota_ppm": 0,
          "graph_seed_limit": 256,
          "p50_ms": 0.3748,
          "p95_ms": 0.42969999999999997,
          "p99_ms": 0.4482,
          "mean_recall_at_10": 0.47500000000000003,
          "mean_ndcg_at_10": 0.5886909871683803,
          "mean_result_count": 10.0,
          "mean_navigation_scores": 1527.96875,
          "mean_candidates_reranked": 64.0,
          "peak_candidates": 0,
          "peak_temp_bytes": 0,
          "estimated_vector_page_reads": 0,
          "estimated_payload_page_reads": 0,
          "estimated_graph_page_reads": 0,
          "mean_bq_posting_lookup_ms": 0.0,
          "mean_bq_node_mapping_ms": 0.0,
          "mean_bq_heap_scan_ms": 0.0,
          "mean_bq_output_sort_ms": 0.0,
          "bq_slot_cache_hits": 0,
          "bq_slot_cache_misses": 0,
          "mean_bq_mapped_candidates": 0.0,
          "mean_adaptive_ef_search": 0.0,
          "mean_vector_density_skew_ppm": 0.0,
          "selected_access_path": "AnnPostFilter",
          "property_path_cost": 0,
          "graph_path_cost": 0,
          "filtered_ann_path_cost": 0,
          "resident_heap_bytes": 53200116,
          "mapped_bytes": 26758086,
          "wal_bytes_delta": 0,
          "sidecar_bytes_delta": 0,
          "checkpoint_bytes_delta": 0,
          "temporary_spill_bytes_delta": 0
        },
        {
          "method": "graph_union",
          "ef_search": 64,
          "metadata_bonus_cap_ppm": 100000,
          "signal_queue_quota_ppm": 0,
          "graph_seed_limit": 256,
          "p50_ms": 0.2077,
          "p95_ms": 0.2602,
          "p99_ms": 0.2673,
          "mean_recall_at_10": 0.6156250000000001,
          "mean_ndcg_at_10": 0.898214837579657,
          "mean_result_count": 8.125,
          "mean_navigation_scores": 1629.15625,
          "mean_candidates_reranked": 218.6875,
          "peak_candidates": 0,
          "peak_temp_bytes": 0,
          "estimated_vector_page_reads": 0,
          "estimated_payload_page_reads": 0,
          "estimated_graph_page_reads": 0,
          "mean_bq_posting_lookup_ms": 0.0,
          "mean_bq_node_mapping_ms": 0.0,
          "mean_bq_heap_scan_ms": 0.0,
          "mean_bq_output_sort_ms": 0.0,
          "bq_slot_cache_hits": 0,
          "bq_slot_cache_misses": 0,
          "mean_bq_mapped_candidates": 0.0,
          "mean_adaptive_ef_search": 0.0,
          "mean_vector_density_skew_ppm": 0.0,
          "selected_access_path": "AnnPostFilter",
          "property_path_cost": 0,
          "graph_path_cost": 0,
          "filtered_ann_path_cost": 0,
          "resident_heap_bytes": 53200116,
          "mapped_bytes": 26758086,
          "wal_bytes_delta": 0,
          "sidecar_bytes_delta": 0,
          "checkpoint_bytes_delta": 0,
          "temporary_spill_bytes_delta": 0
        },
        {
          "method": "tsng",
          "ef_search": 64,
          "metadata_bonus_cap_ppm": 100000,
          "signal_queue_quota_ppm": 100000,
          "graph_seed_limit": 0,
          "p50_ms": 0.2862,
          "p95_ms": 0.6439,
          "p99_ms": 0.7471,
          "mean_recall_at_10": 0.03125,
          "mean_ndcg_at_10": 0.041370357391491475,
          "mean_result_count": 2.71875,
          "mean_navigation_scores": 1727.03125,
          "mean_candidates_reranked": 64.0,
          "peak_candidates": 0,
          "peak_temp_bytes": 0,
          "estimated_vector_page_reads": 0,
          "estimated_payload_page_reads": 0,
          "estimated_graph_page_reads": 0,
          "mean_bq_posting_lookup_ms": 0.0,
          "mean_bq_node_mapping_ms": 0.0,
          "mean_bq_heap_scan_ms": 0.0,
          "mean_bq_output_sort_ms": 0.0,
          "bq_slot_cache_hits": 0,
          "bq_slot_cache_misses": 0,
          "mean_bq_mapped_candidates": 0.0,
          "mean_adaptive_ef_search": 0.0,
          "mean_vector_density_skew_ppm": 0.0,
          "selected_access_path": "AnnPostFilter",
          "property_path_cost": 0,
          "graph_path_cost": 0,
          "filtered_ann_path_cost": 0,
          "resident_heap_bytes": 53200116,
          "mapped_bytes": 26758086,
          "wal_bytes_delta": 0,
          "sidecar_bytes_delta": 0,
          "checkpoint_bytes_delta": 0,
          "temporary_spill_bytes_delta": 0
        },
        {
          "method": "tsng",
          "ef_search": 64,
          "metadata_bonus_cap_ppm": 100000,
          "signal_queue_quota_ppm": 100000,
          "graph_seed_limit": 16,
          "p50_ms": 0.3513,
          "p95_ms": 0.45389999999999997,
          "p99_ms": 0.4783,
          "mean_recall_at_10": 0.47500000000000003,
          "mean_ndcg_at_10": 0.5886909871683803,
          "mean_result_count": 10.0,
          "mean_navigation_scores": 1444.9375,
          "mean_candidates_reranked": 64.0,
          "peak_candidates": 0,
          "peak_temp_bytes": 0,
          "estimated_vector_page_reads": 0,
          "estimated_payload_page_reads": 0,
          "estimated_graph_page_reads": 0,
          "mean_bq_posting_lookup_ms": 0.0,
          "mean_bq_node_mapping_ms": 0.0,
          "mean_bq_heap_scan_ms": 0.0,
          "mean_bq_output_sort_ms": 0.0,
          "bq_slot_cache_hits": 0,
          "bq_slot_cache_misses": 0,
          "mean_bq_mapped_candidates": 0.0,
          "mean_adaptive_ef_search": 0.0,
          "mean_vector_density_skew_ppm": 0.0,
          "selected_access_path": "AnnPostFilter",
          "property_path_cost": 0,
          "graph_path_cost": 0,
          "filtered_ann_path_cost": 0,
          "resident_heap_bytes": 53200116,
          "mapped_bytes": 26758086,
          "wal_bytes_delta": 0,
          "sidecar_bytes_delta": 0,
          "checkpoint_bytes_delta": 0,
          "temporary_spill_bytes_delta": 0
        },
        {
          "method": "tsng",
          "ef_search": 64,
          "metadata_bonus_cap_ppm": 100000,
          "signal_queue_quota_ppm": 100000,
          "graph_seed_limit": 64,
          "p50_ms": 0.3223,
          "p95_ms": 0.3574,
          "p99_ms": 0.3741,
          "mean_recall_at_10": 0.47500000000000003,
          "mean_ndcg_at_10": 0.5886909871683803,
          "mean_result_count": 10.0,
          "mean_navigation_scores": 1471.5,
          "mean_candidates_reranked": 64.0,
          "peak_candidates": 0,
          "peak_temp_bytes": 0,
          "estimated_vector_page_reads": 0,
          "estimated_payload_page_reads": 0,
          "estimated_graph_page_reads": 0,
          "mean_bq_posting_lookup_ms": 0.0,
          "mean_bq_node_mapping_ms": 0.0,
          "mean_bq_heap_scan_ms": 0.0,
          "mean_bq_output_sort_ms": 0.0,
          "bq_slot_cache_hits": 0,
          "bq_slot_cache_misses": 0,
          "mean_bq_mapped_candidates": 0.0,
          "mean_adaptive_ef_search": 0.0,
          "mean_vector_density_skew_ppm": 0.0,
          "selected_access_path": "AnnPostFilter",
          "property_path_cost": 0,
          "graph_path_cost": 0,
          "filtered_ann_path_cost": 0,
          "resident_heap_bytes": 53200116,
          "mapped_bytes": 26758086,
          "wal_bytes_delta": 0,
          "sidecar_bytes_delta": 0,
          "checkpoint_bytes_delta": 0,
          "temporary_spill_bytes_delta": 0
        },
        {
          "method": "tsng",
          "ef_search": 64,
          "metadata_bonus_cap_ppm": 100000,
          "signal_queue_quota_ppm": 100000,
          "graph_seed_limit": 256,
          "p50_ms": 0.3271,
          "p95_ms": 0.3696,
          "p99_ms": 0.374,
          "mean_recall_at_10": 0.47500000000000003,
          "mean_ndcg_at_10": 0.5886909871683803,
          "mean_result_count": 10.0,
          "mean_navigation_scores": 1527.96875,
          "mean_candidates_reranked": 64.0,
          "peak_candidates": 0,
          "peak_temp_bytes": 0,
          "estimated_vector_page_reads": 0,
          "estimated_payload_page_reads": 0,
          "estimated_graph_page_reads": 0,
          "mean_bq_posting_lookup_ms": 0.0,
          "mean_bq_node_mapping_ms": 0.0,
          "mean_bq_heap_scan_ms": 0.0,
          "mean_bq_output_sort_ms": 0.0,
          "bq_slot_cache_hits": 0,
          "bq_slot_cache_misses": 0,
          "mean_bq_mapped_candidates": 0.0,
          "mean_adaptive_ef_search": 0.0,
          "mean_vector_density_skew_ppm": 0.0,
          "selected_access_path": "AnnPostFilter",
          "property_path_cost": 0,
          "graph_path_cost": 0,
          "filtered_ann_path_cost": 0,
          "resident_heap_bytes": 53200116,
          "mapped_bytes": 26758086,
          "wal_bytes_delta": 0,
          "sidecar_bytes_delta": 0,
          "checkpoint_bytes_delta": 0,
          "temporary_spill_bytes_delta": 0
        },
        {
          "method": "tsng",
          "ef_search": 64,
          "metadata_bonus_cap_ppm": 100000,
          "signal_queue_quota_ppm": 200000,
          "graph_seed_limit": 0,
          "p50_ms": 0.2536,
          "p95_ms": 0.5646,
          "p99_ms": 0.624,
          "mean_recall_at_10": 0.03125,
          "mean_ndcg_at_10": 0.041370357391491475,
          "mean_result_count": 2.71875,
          "mean_navigation_scores": 1727.03125,
          "mean_candidates_reranked": 64.0,
          "peak_candidates": 0,
          "peak_temp_bytes": 0,
          "estimated_vector_page_reads": 0,
          "estimated_payload_page_reads": 0,
          "estimated_graph_page_reads": 0,
          "mean_bq_posting_lookup_ms": 0.0,
          "mean_bq_node_mapping_ms": 0.0,
          "mean_bq_heap_scan_ms": 0.0,
          "mean_bq_output_sort_ms": 0.0,
          "bq_slot_cache_hits": 0,
          "bq_slot_cache_misses": 0,
          "mean_bq_mapped_candidates": 0.0,
          "mean_adaptive_ef_search": 0.0,
          "mean_vector_density_skew_ppm": 0.0,
          "selected_access_path": "AnnPostFilter",
          "property_path_cost": 0,
          "graph_path_cost": 0,
          "filtered_ann_path_cost": 0,
          "resident_heap_bytes": 53200116,
          "mapped_bytes": 26758086,
          "wal_bytes_delta": 0,
          "sidecar_bytes_delta": 0,
          "checkpoint_bytes_delta": 0,
          "temporary_spill_bytes_delta": 0
        },
        {
          "method": "tsng",
          "ef_search": 64,
          "metadata_bonus_cap_ppm": 100000,
          "signal_queue_quota_ppm": 200000,
          "graph_seed_limit": 16,
          "p50_ms": 0.33599999999999997,
          "p95_ms": 0.4107,
          "p99_ms": 0.41300000000000003,
          "mean_recall_at_10": 0.47500000000000003,
          "mean_ndcg_at_10": 0.5886909871683803,
          "mean_result_count": 10.0,
          "mean_navigation_scores": 1444.9375,
          "mean_candidates_reranked": 64.0,
          "peak_candidates": 0,
          "peak_temp_bytes": 0,
          "estimated_vector_page_reads": 0,
          "estimated_payload_page_reads": 0,
          "estimated_graph_page_reads": 0,
          "mean_bq_posting_lookup_ms": 0.0,
          "mean_bq_node_mapping_ms": 0.0,
          "mean_bq_heap_scan_ms": 0.0,
          "mean_bq_output_sort_ms": 0.0,
          "bq_slot_cache_hits": 0,
          "bq_slot_cache_misses": 0,
          "mean_bq_mapped_candidates": 0.0,
          "mean_adaptive_ef_search": 0.0,
          "mean_vector_density_skew_ppm": 0.0,
          "selected_access_path": "AnnPostFilter",
          "property_path_cost": 0,
          "graph_path_cost": 0,
          "filtered_ann_path_cost": 0,
          "resident_heap_bytes": 53200116,
          "mapped_bytes": 26758086,
          "wal_bytes_delta": 0,
          "sidecar_bytes_delta": 0,
          "checkpoint_bytes_delta": 0,
          "temporary_spill_bytes_delta": 0
        },
        {
          "method": "tsng",
          "ef_search": 64,
          "metadata_bonus_cap_ppm": 100000,
          "signal_queue_quota_ppm": 200000,
          "graph_seed_limit": 64,
          "p50_ms": 0.3139,
          "p95_ms": 0.3687,
          "p99_ms": 0.3871,
          "mean_recall_at_10": 0.47500000000000003,
          "mean_ndcg_at_10": 0.5886909871683803,
          "mean_result_count": 10.0,
          "mean_navigation_scores": 1471.5,
          "mean_candidates_reranked": 64.0,
          "peak_candidates": 0,
          "peak_temp_bytes": 0,
          "estimated_vector_page_reads": 0,
          "estimated_payload_page_reads": 0,
          "estimated_graph_page_reads": 0,
          "mean_bq_posting_lookup_ms": 0.0,
          "mean_bq_node_mapping_ms": 0.0,
          "mean_bq_heap_scan_ms": 0.0,
          "mean_bq_output_sort_ms": 0.0,
          "bq_slot_cache_hits": 0,
          "bq_slot_cache_misses": 0,
          "mean_bq_mapped_candidates": 0.0,
          "mean_adaptive_ef_search": 0.0,
          "mean_vector_density_skew_ppm": 0.0,
          "selected_access_path": "AnnPostFilter",
          "property_path_cost": 0,
          "graph_path_cost": 0,
          "filtered_ann_path_cost": 0,
          "resident_heap_bytes": 53200116,
          "mapped_bytes": 26758086,
          "wal_bytes_delta": 0,
          "sidecar_bytes_delta": 0,
          "checkpoint_bytes_delta": 0,
          "temporary_spill_bytes_delta": 0
        },
        {
          "method": "tsng",
          "ef_search": 64,
          "metadata_bonus_cap_ppm": 100000,
          "signal_queue_quota_ppm": 200000,
          "graph_seed_limit": 256,
          "p50_ms": 0.381,
          "p95_ms": 0.4789,
          "p99_ms": 0.5252,
          "mean_recall_at_10": 0.47500000000000003,
          "mean_ndcg_at_10": 0.5886909871683803,
          "mean_result_count": 10.0,
          "mean_navigation_scores": 1527.96875,
          "mean_candidates_reranked": 64.0,
          "peak_candidates": 0,
          "peak_temp_bytes": 0,
          "estimated_vector_page_reads": 0,
          "estimated_payload_page_reads": 0,
          "estimated_graph_page_reads": 0,
          "mean_bq_posting_lookup_ms": 0.0,
          "mean_bq_node_mapping_ms": 0.0,
          "mean_bq_heap_scan_ms": 0.0,
          "mean_bq_output_sort_ms": 0.0,
          "bq_slot_cache_hits": 0,
          "bq_slot_cache_misses": 0,
          "mean_bq_mapped_candidates": 0.0,
          "mean_adaptive_ef_search": 0.0,
          "mean_vector_density_skew_ppm": 0.0,
          "selected_access_path": "AnnPostFilter",
          "property_path_cost": 0,
          "graph_path_cost": 0,
          "filtered_ann_path_cost": 0,
          "resident_heap_bytes": 53200116,
          "mapped_bytes": 26758086,
          "wal_bytes_delta": 0,
          "sidecar_bytes_delta": 0,
          "checkpoint_bytes_delta": 0,
          "temporary_spill_bytes_delta": 0
        },
        {
          "method": "tsng",
          "ef_search": 64,
          "metadata_bonus_cap_ppm": 100000,
          "signal_queue_quota_ppm": 250000,
          "graph_seed_limit": 0,
          "p50_ms": 0.2807,
          "p95_ms": 0.6650999999999999,
          "p99_ms": 0.7031999999999999,
          "mean_recall_at_10": 0.03125,
          "mean_ndcg_at_10": 0.041370357391491475,
          "mean_result_count": 2.71875,
          "mean_navigation_scores": 1727.03125,
          "mean_candidates_reranked": 64.0,
          "peak_candidates": 0,
          "peak_temp_bytes": 0,
          "estimated_vector_page_reads": 0,
          "estimated_payload_page_reads": 0,
          "estimated_graph_page_reads": 0,
          "mean_bq_posting_lookup_ms": 0.0,
          "mean_bq_node_mapping_ms": 0.0,
          "mean_bq_heap_scan_ms": 0.0,
          "mean_bq_output_sort_ms": 0.0,
          "bq_slot_cache_hits": 0,
          "bq_slot_cache_misses": 0,
          "mean_bq_mapped_candidates": 0.0,
          "mean_adaptive_ef_search": 0.0,
          "mean_vector_density_skew_ppm": 0.0,
          "selected_access_path": "AnnPostFilter",
          "property_path_cost": 0,
          "graph_path_cost": 0,
          "filtered_ann_path_cost": 0,
          "resident_heap_bytes": 53200116,
          "mapped_bytes": 26758086,
          "wal_bytes_delta": 0,
          "sidecar_bytes_delta": 0,
          "checkpoint_bytes_delta": 0,
          "temporary_spill_bytes_delta": 0
        },
        {
          "method": "tsng",
          "ef_search": 64,
          "metadata_bonus_cap_ppm": 100000,
          "signal_queue_quota_ppm": 250000,
          "graph_seed_limit": 16,
          "p50_ms": 0.4053,
          "p95_ms": 0.5396,
          "p99_ms": 0.5701,
          "mean_recall_at_10": 0.47500000000000003,
          "mean_ndcg_at_10": 0.5886909871683803,
          "mean_result_count": 10.0,
          "mean_navigation_scores": 1444.9375,
          "mean_candidates_reranked": 64.0,
          "peak_candidates": 0,
          "peak_temp_bytes": 0,
          "estimated_vector_page_reads": 0,
          "estimated_payload_page_reads": 0,
          "estimated_graph_page_reads": 0,
          "mean_bq_posting_lookup_ms": 0.0,
          "mean_bq_node_mapping_ms": 0.0,
          "mean_bq_heap_scan_ms": 0.0,
          "mean_bq_output_sort_ms": 0.0,
          "bq_slot_cache_hits": 0,
          "bq_slot_cache_misses": 0,
          "mean_bq_mapped_candidates": 0.0,
          "mean_adaptive_ef_search": 0.0,
          "mean_vector_density_skew_ppm": 0.0,
          "selected_access_path": "AnnPostFilter",
          "property_path_cost": 0,
          "graph_path_cost": 0,
          "filtered_ann_path_cost": 0,
          "resident_heap_bytes": 53200116,
          "mapped_bytes": 26758086,
          "wal_bytes_delta": 0,
          "sidecar_bytes_delta": 0,
          "checkpoint_bytes_delta": 0,
          "temporary_spill_bytes_delta": 0
        },
        {
          "method": "tsng",
          "ef_search": 64,
          "metadata_bonus_cap_ppm": 100000,
          "signal_queue_quota_ppm": 250000,
          "graph_seed_limit": 64,
          "p50_ms": 0.3314,
          "p95_ms": 0.4269,
          "p99_ms": 0.4709,
          "mean_recall_at_10": 0.47500000000000003,
          "mean_ndcg_at_10": 0.5886909871683803,
          "mean_result_count": 10.0,
          "mean_navigation_scores": 1471.5,
          "mean_candidates_reranked": 64.0,
          "peak_candidates": 0,
          "peak_temp_bytes": 0,
          "estimated_vector_page_reads": 0,
          "estimated_payload_page_reads": 0,
          "estimated_graph_page_reads": 0,
          "mean_bq_posting_lookup_ms": 0.0,
          "mean_bq_node_mapping_ms": 0.0,
          "mean_bq_heap_scan_ms": 0.0,
          "mean_bq_output_sort_ms": 0.0,
          "bq_slot_cache_hits": 0,
          "bq_slot_cache_misses": 0,
          "mean_bq_mapped_candidates": 0.0,
          "mean_adaptive_ef_search": 0.0,
          "mean_vector_density_skew_ppm": 0.0,
          "selected_access_path": "AnnPostFilter",
          "property_path_cost": 0,
          "graph_path_cost": 0,
          "filtered_ann_path_cost": 0,
          "resident_heap_bytes": 53200116,
          "mapped_bytes": 26758086,
          "wal_bytes_delta": 0,
          "sidecar_bytes_delta": 0,
          "checkpoint_bytes_delta": 0,
          "temporary_spill_bytes_delta": 0
        },
        {
          "method": "tsng",
          "ef_search": 64,
          "metadata_bonus_cap_ppm": 100000,
          "signal_queue_quota_ppm": 250000,
          "graph_seed_limit": 256,
          "p50_ms": 0.3452,
          "p95_ms": 0.4419,
          "p99_ms": 0.4572,
          "mean_recall_at_10": 0.47500000000000003,
          "mean_ndcg_at_10": 0.5886909871683803,
          "mean_result_count": 10.0,
          "mean_navigation_scores": 1527.96875,
          "mean_candidates_reranked": 64.0,
          "peak_candidates": 0,
          "peak_temp_bytes": 0,
          "estimated_vector_page_reads": 0,
          "estimated_payload_page_reads": 0,
          "estimated_graph_page_reads": 0,
          "mean_bq_posting_lookup_ms": 0.0,
          "mean_bq_node_mapping_ms": 0.0,
          "mean_bq_heap_scan_ms": 0.0,
          "mean_bq_output_sort_ms": 0.0,
          "bq_slot_cache_hits": 0,
          "bq_slot_cache_misses": 0,
          "mean_bq_mapped_candidates": 0.0,
          "mean_adaptive_ef_search": 0.0,
          "mean_vector_density_skew_ppm": 0.0,
          "selected_access_path": "AnnPostFilter",
          "property_path_cost": 0,
          "graph_path_cost": 0,
          "filtered_ann_path_cost": 0,
          "resident_heap_bytes": 53200116,
          "mapped_bytes": 26758086,
          "wal_bytes_delta": 0,
          "sidecar_bytes_delta": 0,
          "checkpoint_bytes_delta": 0,
          "temporary_spill_bytes_delta": 0
        },
        {
          "method": "tsng",
          "ef_search": 64,
          "metadata_bonus_cap_ppm": 100000,
          "signal_queue_quota_ppm": 330000,
          "graph_seed_limit": 0,
          "p50_ms": 0.2744,
          "p95_ms": 0.5394,
          "p99_ms": 0.5654,
          "mean_recall_at_10": 0.03125,
          "mean_ndcg_at_10": 0.041370357391491475,
          "mean_result_count": 2.71875,
          "mean_navigation_scores": 1727.03125,
          "mean_candidates_reranked": 64.0,
          "peak_candidates": 0,
          "peak_temp_bytes": 0,
          "estimated_vector_page_reads": 0,
          "estimated_payload_page_reads": 0,
          "estimated_graph_page_reads": 0,
          "mean_bq_posting_lookup_ms": 0.0,
          "mean_bq_node_mapping_ms": 0.0,
          "mean_bq_heap_scan_ms": 0.0,
          "mean_bq_output_sort_ms": 0.0,
          "bq_slot_cache_hits": 0,
          "bq_slot_cache_misses": 0,
          "mean_bq_mapped_candidates": 0.0,
          "mean_adaptive_ef_search": 0.0,
          "mean_vector_density_skew_ppm": 0.0,
          "selected_access_path": "AnnPostFilter",
          "property_path_cost": 0,
          "graph_path_cost": 0,
          "filtered_ann_path_cost": 0,
          "resident_heap_bytes": 53200116,
          "mapped_bytes": 26758086,
          "wal_bytes_delta": 0,
          "sidecar_bytes_delta": 0,
          "checkpoint_bytes_delta": 0,
          "temporary_spill_bytes_delta": 0
        },
        {
          "method": "tsng",
          "ef_search": 64,
          "metadata_bonus_cap_ppm": 100000,
          "signal_queue_quota_ppm": 330000,
          "graph_seed_limit": 16,
          "p50_ms": 0.3553,
          "p95_ms": 0.45820000000000005,
          "p99_ms": 0.5599999999999999,
          "mean_recall_at_10": 0.47500000000000003,
          "mean_ndcg_at_10": 0.5886909871683803,
          "mean_result_count": 10.0,
          "mean_navigation_scores": 1444.9375,
          "mean_candidates_reranked": 64.0,
          "peak_candidates": 0,
          "peak_temp_bytes": 0,
          "estimated_vector_page_reads": 0,
          "estimated_payload_page_reads": 0,
          "estimated_graph_page_reads": 0,
          "mean_bq_posting_lookup_ms": 0.0,
          "mean_bq_node_mapping_ms": 0.0,
          "mean_bq_heap_scan_ms": 0.0,
          "mean_bq_output_sort_ms": 0.0,
          "bq_slot_cache_hits": 0,
          "bq_slot_cache_misses": 0,
          "mean_bq_mapped_candidates": 0.0,
          "mean_adaptive_ef_search": 0.0,
          "mean_vector_density_skew_ppm": 0.0,
          "selected_access_path": "AnnPostFilter",
          "property_path_cost": 0,
          "graph_path_cost": 0,
          "filtered_ann_path_cost": 0,
          "resident_heap_bytes": 53200116,
          "mapped_bytes": 26758086,
          "wal_bytes_delta": 0,
          "sidecar_bytes_delta": 0,
          "checkpoint_bytes_delta": 0,
          "temporary_spill_bytes_delta": 0
        },
        {
          "method": "tsng",
          "ef_search": 64,
          "metadata_bonus_cap_ppm": 100000,
          "signal_queue_quota_ppm": 330000,
          "graph_seed_limit": 64,
          "p50_ms": 0.3196,
          "p95_ms": 0.3973,
          "p99_ms": 0.4036,
          "mean_recall_at_10": 0.47500000000000003,
          "mean_ndcg_at_10": 0.5886909871683803,
          "mean_result_count": 10.0,
          "mean_navigation_scores": 1471.5,
          "mean_candidates_reranked": 64.0,
          "peak_candidates": 0,
          "peak_temp_bytes": 0,
          "estimated_vector_page_reads": 0,
          "estimated_payload_page_reads": 0,
          "estimated_graph_page_reads": 0,
          "mean_bq_posting_lookup_ms": 0.0,
          "mean_bq_node_mapping_ms": 0.0,
          "mean_bq_heap_scan_ms": 0.0,
          "mean_bq_output_sort_ms": 0.0,
          "bq_slot_cache_hits": 0,
          "bq_slot_cache_misses": 0,
          "mean_bq_mapped_candidates": 0.0,
          "mean_adaptive_ef_search": 0.0,
          "mean_vector_density_skew_ppm": 0.0,
          "selected_access_path": "AnnPostFilter",
          "property_path_cost": 0,
          "graph_path_cost": 0,
          "filtered_ann_path_cost": 0,
          "resident_heap_bytes": 53200116,
          "mapped_bytes": 26758086,
          "wal_bytes_delta": 0,
          "sidecar_bytes_delta": 0,
          "checkpoint_bytes_delta": 0,
          "temporary_spill_bytes_delta": 0
        },
        {
          "method": "tsng",
          "ef_search": 64,
          "metadata_bonus_cap_ppm": 100000,
          "signal_queue_quota_ppm": 330000,
          "graph_seed_limit": 256,
          "p50_ms": 0.3348,
          "p95_ms": 0.4195,
          "p99_ms": 0.43879999999999997,
          "mean_recall_at_10": 0.47500000000000003,
          "mean_ndcg_at_10": 0.5886909871683803,
          "mean_result_count": 10.0,
          "mean_navigation_scores": 1527.96875,
          "mean_candidates_reranked": 64.0,
          "peak_candidates": 0,
          "peak_temp_bytes": 0,
          "estimated_vector_page_reads": 0,
          "estimated_payload_page_reads": 0,
          "estimated_graph_page_reads": 0,
          "mean_bq_posting_lookup_ms": 0.0,
          "mean_bq_node_mapping_ms": 0.0,
          "mean_bq_heap_scan_ms": 0.0,
          "mean_bq_output_sort_ms": 0.0,
          "bq_slot_cache_hits": 0,
          "bq_slot_cache_misses": 0,
          "mean_bq_mapped_candidates": 0.0,
          "mean_adaptive_ef_search": 0.0,
          "mean_vector_density_skew_ppm": 0.0,
          "selected_access_path": "AnnPostFilter",
          "property_path_cost": 0,
          "graph_path_cost": 0,
          "filtered_ann_path_cost": 0,
          "resident_heap_bytes": 53200116,
          "mapped_bytes": 26758086,
          "wal_bytes_delta": 0,
          "sidecar_bytes_delta": 0,
          "checkpoint_bytes_delta": 0,
          "temporary_spill_bytes_delta": 0
        },
        {
          "method": "tsng",
          "ef_search": 64,
          "metadata_bonus_cap_ppm": 100000,
          "signal_queue_quota_ppm": 500000,
          "graph_seed_limit": 0,
          "p50_ms": 0.2457,
          "p95_ms": 0.5518,
          "p99_ms": 0.5614,
          "mean_recall_at_10": 0.03125,
          "mean_ndcg_at_10": 0.041370357391491475,
          "mean_result_count": 2.71875,
          "mean_navigation_scores": 1727.03125,
          "mean_candidates_reranked": 64.0,
          "peak_candidates": 0,
          "peak_temp_bytes": 0,
          "estimated_vector_page_reads": 0,
          "estimated_payload_page_reads": 0,
          "estimated_graph_page_reads": 0,
          "mean_bq_posting_lookup_ms": 0.0,
          "mean_bq_node_mapping_ms": 0.0,
          "mean_bq_heap_scan_ms": 0.0,
          "mean_bq_output_sort_ms": 0.0,
          "bq_slot_cache_hits": 0,
          "bq_slot_cache_misses": 0,
          "mean_bq_mapped_candidates": 0.0,
          "mean_adaptive_ef_search": 0.0,
          "mean_vector_density_skew_ppm": 0.0,
          "selected_access_path": "AnnPostFilter",
          "property_path_cost": 0,
          "graph_path_cost": 0,
          "filtered_ann_path_cost": 0,
          "resident_heap_bytes": 53200116,
          "mapped_bytes": 26758086,
          "wal_bytes_delta": 0,
          "sidecar_bytes_delta": 0,
          "checkpoint_bytes_delta": 0,
          "temporary_spill_bytes_delta": 0
        },
        {
          "method": "tsng",
          "ef_search": 64,
          "metadata_bonus_cap_ppm": 100000,
          "signal_queue_quota_ppm": 500000,
          "graph_seed_limit": 16,
          "p50_ms": 0.3535,
          "p95_ms": 0.49260000000000004,
          "p99_ms": 0.553,
          "mean_recall_at_10": 0.47500000000000003,
          "mean_ndcg_at_10": 0.5886909871683803,
          "mean_result_count": 10.0,
          "mean_navigation_scores": 1444.9375,
          "mean_candidates_reranked": 64.0,
          "peak_candidates": 0,
          "peak_temp_bytes": 0,
          "estimated_vector_page_reads": 0,
          "estimated_payload_page_reads": 0,
          "estimated_graph_page_reads": 0,
          "mean_bq_posting_lookup_ms": 0.0,
          "mean_bq_node_mapping_ms": 0.0,
          "mean_bq_heap_scan_ms": 0.0,
          "mean_bq_output_sort_ms": 0.0,
          "bq_slot_cache_hits": 0,
          "bq_slot_cache_misses": 0,
          "mean_bq_mapped_candidates": 0.0,
          "mean_adaptive_ef_search": 0.0,
          "mean_vector_density_skew_ppm": 0.0,
          "selected_access_path": "AnnPostFilter",
          "property_path_cost": 0,
          "graph_path_cost": 0,
          "filtered_ann_path_cost": 0,
          "resident_heap_bytes": 53200116,
          "mapped_bytes": 26758086,
          "wal_bytes_delta": 0,
          "sidecar_bytes_delta": 0,
          "checkpoint_bytes_delta": 0,
          "temporary_spill_bytes_delta": 0
        },
        {
          "method": "tsng",
          "ef_search": 64,
          "metadata_bonus_cap_ppm": 100000,
          "signal_queue_quota_ppm": 500000,
          "graph_seed_limit": 64,
          "p50_ms": 0.3247,
          "p95_ms": 0.49779999999999996,
          "p99_ms": 0.5167,
          "mean_recall_at_10": 0.47500000000000003,
          "mean_ndcg_at_10": 0.5886909871683803,
          "mean_result_count": 10.0,
          "mean_navigation_scores": 1471.5,
          "mean_candidates_reranked": 64.0,
          "peak_candidates": 0,
          "peak_temp_bytes": 0,
          "estimated_vector_page_reads": 0,
          "estimated_payload_page_reads": 0,
          "estimated_graph_page_reads": 0,
          "mean_bq_posting_lookup_ms": 0.0,
          "mean_bq_node_mapping_ms": 0.0,
          "mean_bq_heap_scan_ms": 0.0,
          "mean_bq_output_sort_ms": 0.0,
          "bq_slot_cache_hits": 0,
          "bq_slot_cache_misses": 0,
          "mean_bq_mapped_candidates": 0.0,
          "mean_adaptive_ef_search": 0.0,
          "mean_vector_density_skew_ppm": 0.0,
          "selected_access_path": "AnnPostFilter",
          "property_path_cost": 0,
          "graph_path_cost": 0,
          "filtered_ann_path_cost": 0,
          "resident_heap_bytes": 53200116,
          "mapped_bytes": 26758086,
          "wal_bytes_delta": 0,
          "sidecar_bytes_delta": 0,
          "checkpoint_bytes_delta": 0,
          "temporary_spill_bytes_delta": 0
        },
        {
          "method": "tsng",
          "ef_search": 64,
          "metadata_bonus_cap_ppm": 100000,
          "signal_queue_quota_ppm": 500000,
          "graph_seed_limit": 256,
          "p50_ms": 0.2987,
          "p95_ms": 0.3388,
          "p99_ms": 0.3887,
          "mean_recall_at_10": 0.47500000000000003,
          "mean_ndcg_at_10": 0.5886909871683803,
          "mean_result_count": 10.0,
          "mean_navigation_scores": 1527.96875,
          "mean_candidates_reranked": 64.0,
          "peak_candidates": 0,
          "peak_temp_bytes": 0,
          "estimated_vector_page_reads": 0,
          "estimated_payload_page_reads": 0,
          "estimated_graph_page_reads": 0,
          "mean_bq_posting_lookup_ms": 0.0,
          "mean_bq_node_mapping_ms": 0.0,
          "mean_bq_heap_scan_ms": 0.0,
          "mean_bq_output_sort_ms": 0.0,
          "bq_slot_cache_hits": 0,
          "bq_slot_cache_misses": 0,
          "mean_bq_mapped_candidates": 0.0,
          "mean_adaptive_ef_search": 0.0,
          "mean_vector_density_skew_ppm": 0.0,
          "selected_access_path": "AnnPostFilter",
          "property_path_cost": 0,
          "graph_path_cost": 0,
          "filtered_ann_path_cost": 0,
          "resident_heap_bytes": 53200116,
          "mapped_bytes": 26758086,
          "wal_bytes_delta": 0,
          "sidecar_bytes_delta": 0,
          "checkpoint_bytes_delta": 0,
          "temporary_spill_bytes_delta": 0
        },
        {
          "method": "industrial_fixed",
          "ef_search": 128,
          "metadata_bonus_cap_ppm": 0,
          "signal_queue_quota_ppm": 0,
          "graph_seed_limit": 0,
          "p50_ms": 0.22460000000000002,
          "p95_ms": 0.29750000000000004,
          "p99_ms": 0.3062,
          "mean_recall_at_10": 0.659375,
          "mean_ndcg_at_10": 0.9104174556738658,
          "mean_result_count": 9.21875,
          "mean_navigation_scores": 2387.34375,
          "mean_candidates_reranked": 163.125,
          "peak_candidates": 187,
          "peak_temp_bytes": 2992,
          "estimated_vector_page_reads": 339,
          "estimated_payload_page_reads": 5220,
          "estimated_graph_page_reads": 32,
          "mean_bq_posting_lookup_ms": 0.0,
          "mean_bq_node_mapping_ms": 0.0,
          "mean_bq_heap_scan_ms": 0.0,
          "mean_bq_output_sort_ms": 0.0,
          "bq_slot_cache_hits": 0,
          "bq_slot_cache_misses": 0,
          "mean_bq_mapped_candidates": 0.0,
          "mean_adaptive_ef_search": 128.0,
          "mean_vector_density_skew_ppm": 996968.0,
          "selected_access_path": "GraphVectorUnion",
          "property_path_cost": 17024,
          "graph_path_cost": 10176,
          "filtered_ann_path_cost": 13990,
          "resident_heap_bytes": 53200116,
          "mapped_bytes": 26758086,
          "wal_bytes_delta": 0,
          "sidecar_bytes_delta": 0,
          "checkpoint_bytes_delta": 0,
          "temporary_spill_bytes_delta": 0
        },
        {
          "method": "industrial_selectivity",
          "ef_search": 128,
          "metadata_bonus_cap_ppm": 0,
          "signal_queue_quota_ppm": 0,
          "graph_seed_limit": 0,
          "p50_ms": 0.2107,
          "p95_ms": 0.3119,
          "p99_ms": 0.3411,
          "mean_recall_at_10": 0.659375,
          "mean_ndcg_at_10": 0.9104174556738658,
          "mean_result_count": 9.21875,
          "mean_navigation_scores": 2387.34375,
          "mean_candidates_reranked": 163.125,
          "peak_candidates": 187,
          "peak_temp_bytes": 2992,
          "estimated_vector_page_reads": 339,
          "estimated_payload_page_reads": 5220,
          "estimated_graph_page_reads": 32,
          "mean_bq_posting_lookup_ms": 0.0,
          "mean_bq_node_mapping_ms": 0.0,
          "mean_bq_heap_scan_ms": 0.0,
          "mean_bq_output_sort_ms": 0.0,
          "bq_slot_cache_hits": 0,
          "bq_slot_cache_misses": 0,
          "mean_bq_mapped_candidates": 0.0,
          "mean_adaptive_ef_search": 128.0,
          "mean_vector_density_skew_ppm": 996968.0,
          "selected_access_path": "GraphVectorUnion",
          "property_path_cost": 17024,
          "graph_path_cost": 10176,
          "filtered_ann_path_cost": 13990,
          "resident_heap_bytes": 53200116,
          "mapped_bytes": 26758086,
          "wal_bytes_delta": 0,
          "sidecar_bytes_delta": 0,
          "checkpoint_bytes_delta": 0,
          "temporary_spill_bytes_delta": 0
        },
        {
          "method": "industrial_density",
          "ef_search": 128,
          "metadata_bonus_cap_ppm": 0,
          "signal_queue_quota_ppm": 0,
          "graph_seed_limit": 0,
          "p50_ms": 0.20149999999999998,
          "p95_ms": 0.277,
          "p99_ms": 0.2829,
          "mean_recall_at_10": 0.659375,
          "mean_ndcg_at_10": 0.9104174556738658,
          "mean_result_count": 9.21875,
          "mean_navigation_scores": 2387.34375,
          "mean_candidates_reranked": 163.125,
          "peak_candidates": 187,
          "peak_temp_bytes": 2992,
          "estimated_vector_page_reads": 339,
          "estimated_payload_page_reads": 5220,
          "estimated_graph_page_reads": 32,
          "mean_bq_posting_lookup_ms": 0.0,
          "mean_bq_node_mapping_ms": 0.0,
          "mean_bq_heap_scan_ms": 0.0,
          "mean_bq_output_sort_ms": 0.0,
          "bq_slot_cache_hits": 0,
          "bq_slot_cache_misses": 0,
          "mean_bq_mapped_candidates": 0.0,
          "mean_adaptive_ef_search": 128.0,
          "mean_vector_density_skew_ppm": 996968.0,
          "selected_access_path": "GraphVectorUnion",
          "property_path_cost": 17024,
          "graph_path_cost": 10176,
          "filtered_ann_path_cost": 13990,
          "resident_heap_bytes": 53200116,
          "mapped_bytes": 26758086,
          "wal_bytes_delta": 0,
          "sidecar_bytes_delta": 0,
          "checkpoint_bytes_delta": 0,
          "temporary_spill_bytes_delta": 0
        },
        {
          "method": "post_filter",
          "ef_search": 128,
          "metadata_bonus_cap_ppm": 0,
          "signal_queue_quota_ppm": 0,
          "graph_seed_limit": 0,
          "p50_ms": 0.14909999999999998,
          "p95_ms": 0.2326,
          "p99_ms": 0.25270000000000004,
          "mean_recall_at_10": 0.103125,
          "mean_ndcg_at_10": 0.11723636290514663,
          "mean_result_count": 5.125,
          "mean_navigation_scores": 2387.34375,
          "mean_candidates_reranked": 128.0,
          "peak_candidates": 0,
          "peak_temp_bytes": 0,
          "estimated_vector_page_reads": 0,
          "estimated_payload_page_reads": 0,
          "estimated_graph_page_reads": 0,
          "mean_bq_posting_lookup_ms": 0.0,
          "mean_bq_node_mapping_ms": 0.0,
          "mean_bq_heap_scan_ms": 0.0,
          "mean_bq_output_sort_ms": 0.0,
          "bq_slot_cache_hits": 0,
          "bq_slot_cache_misses": 0,
          "mean_bq_mapped_candidates": 0.0,
          "mean_adaptive_ef_search": 0.0,
          "mean_vector_density_skew_ppm": 0.0,
          "selected_access_path": "AnnPostFilter",
          "property_path_cost": 0,
          "graph_path_cost": 0,
          "filtered_ann_path_cost": 0,
          "resident_heap_bytes": 53200116,
          "mapped_bytes": 26758086,
          "wal_bytes_delta": 0,
          "sidecar_bytes_delta": 0,
          "checkpoint_bytes_delta": 0,
          "temporary_spill_bytes_delta": 0
        },
        {
          "method": "tsng",
          "ef_search": 128,
          "metadata_bonus_cap_ppm": 100000,
          "signal_queue_quota_ppm": 0,
          "graph_seed_limit": 0,
          "p50_ms": 0.2349,
          "p95_ms": 0.5467,
          "p99_ms": 0.5779,
          "mean_recall_at_10": 0.103125,
          "mean_ndcg_at_10": 0.11723636290514663,
          "mean_result_count": 5.125,
          "mean_navigation_scores": 2387.34375,
          "mean_candidates_reranked": 128.0,
          "peak_candidates": 0,
          "peak_temp_bytes": 0,
          "estimated_vector_page_reads": 0,
          "estimated_payload_page_reads": 0,
          "estimated_graph_page_reads": 0,
          "mean_bq_posting_lookup_ms": 0.0,
          "mean_bq_node_mapping_ms": 0.0,
          "mean_bq_heap_scan_ms": 0.0,
          "mean_bq_output_sort_ms": 0.0,
          "bq_slot_cache_hits": 0,
          "bq_slot_cache_misses": 0,
          "mean_bq_mapped_candidates": 0.0,
          "mean_adaptive_ef_search": 0.0,
          "mean_vector_density_skew_ppm": 0.0,
          "selected_access_path": "AnnPostFilter",
          "property_path_cost": 0,
          "graph_path_cost": 0,
          "filtered_ann_path_cost": 0,
          "resident_heap_bytes": 53200116,
          "mapped_bytes": 26758086,
          "wal_bytes_delta": 0,
          "sidecar_bytes_delta": 0,
          "checkpoint_bytes_delta": 0,
          "temporary_spill_bytes_delta": 0
        },
        {
          "method": "tsng",
          "ef_search": 128,
          "metadata_bonus_cap_ppm": 100000,
          "signal_queue_quota_ppm": 0,
          "graph_seed_limit": 16,
          "p50_ms": 0.526,
          "p95_ms": 0.6452,
          "p99_ms": 0.7118,
          "mean_recall_at_10": 0.5718749999999999,
          "mean_ndcg_at_10": 0.6682668264151612,
          "mean_result_count": 10.0,
          "mean_navigation_scores": 1923.84375,
          "mean_candidates_reranked": 128.0,
          "peak_candidates": 0,
          "peak_temp_bytes": 0,
          "estimated_vector_page_reads": 0,
          "estimated_payload_page_reads": 0,
          "estimated_graph_page_reads": 0,
          "mean_bq_posting_lookup_ms": 0.0,
          "mean_bq_node_mapping_ms": 0.0,
          "mean_bq_heap_scan_ms": 0.0,
          "mean_bq_output_sort_ms": 0.0,
          "bq_slot_cache_hits": 0,
          "bq_slot_cache_misses": 0,
          "mean_bq_mapped_candidates": 0.0,
          "mean_adaptive_ef_search": 0.0,
          "mean_vector_density_skew_ppm": 0.0,
          "selected_access_path": "AnnPostFilter",
          "property_path_cost": 0,
          "graph_path_cost": 0,
          "filtered_ann_path_cost": 0,
          "resident_heap_bytes": 53200116,
          "mapped_bytes": 26758086,
          "wal_bytes_delta": 0,
          "sidecar_bytes_delta": 0,
          "checkpoint_bytes_delta": 0,
          "temporary_spill_bytes_delta": 0
        },
        {
          "method": "graph_union",
          "ef_search": 128,
          "metadata_bonus_cap_ppm": 100000,
          "signal_queue_quota_ppm": 0,
          "graph_seed_limit": 16,
          "p50_ms": 0.16770000000000002,
          "p95_ms": 0.22139999999999999,
          "p99_ms": 0.2693,
          "mean_recall_at_10": 0.28125000000000006,
          "mean_ndcg_at_10": 0.5252831472177465,
          "mean_result_count": 6.75,
          "mean_navigation_scores": 2387.34375,
          "mean_candidates_reranked": 143.71875,
          "peak_candidates": 0,
          "peak_temp_bytes": 0,
          "estimated_vector_page_reads": 0,
          "estimated_payload_page_reads": 0,
          "estimated_graph_page_reads": 0,
          "mean_bq_posting_lookup_ms": 0.0,
          "mean_bq_node_mapping_ms": 0.0,
          "mean_bq_heap_scan_ms": 0.0,
          "mean_bq_output_sort_ms": 0.0,
          "bq_slot_cache_hits": 0,
          "bq_slot_cache_misses": 0,
          "mean_bq_mapped_candidates": 0.0,
          "mean_adaptive_ef_search": 0.0,
          "mean_vector_density_skew_ppm": 0.0,
          "selected_access_path": "AnnPostFilter",
          "property_path_cost": 0,
          "graph_path_cost": 0,
          "filtered_ann_path_cost": 0,
          "resident_heap_bytes": 53200116,
          "mapped_bytes": 26758086,
          "wal_bytes_delta": 0,
          "sidecar_bytes_delta": 0,
          "checkpoint_bytes_delta": 0,
          "temporary_spill_bytes_delta": 0
        },
        {
          "method": "tsng",
          "ef_search": 128,
          "metadata_bonus_cap_ppm": 100000,
          "signal_queue_quota_ppm": 0,
          "graph_seed_limit": 64,
          "p50_ms": 0.5536,
          "p95_ms": 0.7534,
          "p99_ms": 0.7654,
          "mean_recall_at_10": 0.5718749999999999,
          "mean_ndcg_at_10": 0.6682668264151612,
          "mean_result_count": 10.0,
          "mean_navigation_scores": 1942.84375,
          "mean_candidates_reranked": 128.0,
          "peak_candidates": 0,
          "peak_temp_bytes": 0,
          "estimated_vector_page_reads": 0,
          "estimated_payload_page_reads": 0,
          "estimated_graph_page_reads": 0,
          "mean_bq_posting_lookup_ms": 0.0,
          "mean_bq_node_mapping_ms": 0.0,
          "mean_bq_heap_scan_ms": 0.0,
          "mean_bq_output_sort_ms": 0.0,
          "bq_slot_cache_hits": 0,
          "bq_slot_cache_misses": 0,
          "mean_bq_mapped_candidates": 0.0,
          "mean_adaptive_ef_search": 0.0,
          "mean_vector_density_skew_ppm": 0.0,
          "selected_access_path": "AnnPostFilter",
          "property_path_cost": 0,
          "graph_path_cost": 0,
          "filtered_ann_path_cost": 0,
          "resident_heap_bytes": 53200116,
          "mapped_bytes": 26758086,
          "wal_bytes_delta": 0,
          "sidecar_bytes_delta": 0,
          "checkpoint_bytes_delta": 0,
          "temporary_spill_bytes_delta": 0
        },
        {
          "method": "graph_union",
          "ef_search": 128,
          "metadata_bonus_cap_ppm": 100000,
          "signal_queue_quota_ppm": 0,
          "graph_seed_limit": 64,
          "p50_ms": 0.1929,
          "p95_ms": 0.2601,
          "p99_ms": 0.27490000000000003,
          "mean_recall_at_10": 0.4687500000000002,
          "mean_ndcg_at_10": 0.7291876901712773,
          "mean_result_count": 8.125,
          "mean_navigation_scores": 2387.34375,
          "mean_candidates_reranked": 191.40625,
          "peak_candidates": 0,
          "peak_temp_bytes": 0,
          "estimated_vector_page_reads": 0,
          "estimated_payload_page_reads": 0,
          "estimated_graph_page_reads": 0,
          "mean_bq_posting_lookup_ms": 0.0,
          "mean_bq_node_mapping_ms": 0.0,
          "mean_bq_heap_scan_ms": 0.0,
          "mean_bq_output_sort_ms": 0.0,
          "bq_slot_cache_hits": 0,
          "bq_slot_cache_misses": 0,
          "mean_bq_mapped_candidates": 0.0,
          "mean_adaptive_ef_search": 0.0,
          "mean_vector_density_skew_ppm": 0.0,
          "selected_access_path": "AnnPostFilter",
          "property_path_cost": 0,
          "graph_path_cost": 0,
          "filtered_ann_path_cost": 0,
          "resident_heap_bytes": 53200116,
          "mapped_bytes": 26758086,
          "wal_bytes_delta": 0,
          "sidecar_bytes_delta": 0,
          "checkpoint_bytes_delta": 0,
          "temporary_spill_bytes_delta": 0
        },
        {
          "method": "tsng",
          "ef_search": 128,
          "metadata_bonus_cap_ppm": 100000,
          "signal_queue_quota_ppm": 0,
          "graph_seed_limit": 256,
          "p50_ms": 0.5592,
          "p95_ms": 0.8455999999999999,
          "p99_ms": 0.8807,
          "mean_recall_at_10": 0.5718749999999999,
          "mean_ndcg_at_10": 0.6682668264151612,
          "mean_result_count": 10.0,
          "mean_navigation_scores": 1976.84375,
          "mean_candidates_reranked": 128.0,
          "peak_candidates": 0,
          "peak_temp_bytes": 0,
          "estimated_vector_page_reads": 0,
          "estimated_payload_page_reads": 0,
          "estimated_graph_page_reads": 0,
          "mean_bq_posting_lookup_ms": 0.0,
          "mean_bq_node_mapping_ms": 0.0,
          "mean_bq_heap_scan_ms": 0.0,
          "mean_bq_output_sort_ms": 0.0,
          "bq_slot_cache_hits": 0,
          "bq_slot_cache_misses": 0,
          "mean_bq_mapped_candidates": 0.0,
          "mean_adaptive_ef_search": 0.0,
          "mean_vector_density_skew_ppm": 0.0,
          "selected_access_path": "AnnPostFilter",
          "property_path_cost": 0,
          "graph_path_cost": 0,
          "filtered_ann_path_cost": 0,
          "resident_heap_bytes": 53200116,
          "mapped_bytes": 26758086,
          "wal_bytes_delta": 0,
          "sidecar_bytes_delta": 0,
          "checkpoint_bytes_delta": 0,
          "temporary_spill_bytes_delta": 0
        },
        {
          "method": "graph_union",
          "ef_search": 128,
          "metadata_bonus_cap_ppm": 100000,
          "signal_queue_quota_ppm": 0,
          "graph_seed_limit": 256,
          "p50_ms": 0.243,
          "p95_ms": 0.2898,
          "p99_ms": 0.3125,
          "mean_recall_at_10": 0.659375,
          "mean_ndcg_at_10": 0.9104174556738658,
          "mean_result_count": 9.21875,
          "mean_navigation_scores": 2387.34375,
          "mean_candidates_reranked": 281.65625,
          "peak_candidates": 0,
          "peak_temp_bytes": 0,
          "estimated_vector_page_reads": 0,
          "estimated_payload_page_reads": 0,
          "estimated_graph_page_reads": 0,
          "mean_bq_posting_lookup_ms": 0.0,
          "mean_bq_node_mapping_ms": 0.0,
          "mean_bq_heap_scan_ms": 0.0,
          "mean_bq_output_sort_ms": 0.0,
          "bq_slot_cache_hits": 0,
          "bq_slot_cache_misses": 0,
          "mean_bq_mapped_candidates": 0.0,
          "mean_adaptive_ef_search": 0.0,
          "mean_vector_density_skew_ppm": 0.0,
          "selected_access_path": "AnnPostFilter",
          "property_path_cost": 0,
          "graph_path_cost": 0,
          "filtered_ann_path_cost": 0,
          "resident_heap_bytes": 53200116,
          "mapped_bytes": 26758086,
          "wal_bytes_delta": 0,
          "sidecar_bytes_delta": 0,
          "checkpoint_bytes_delta": 0,
          "temporary_spill_bytes_delta": 0
        },
        {
          "method": "tsng",
          "ef_search": 128,
          "metadata_bonus_cap_ppm": 100000,
          "signal_queue_quota_ppm": 100000,
          "graph_seed_limit": 0,
          "p50_ms": 0.44430000000000003,
          "p95_ms": 0.8682,
          "p99_ms": 1.0578,
          "mean_recall_at_10": 0.11875,
          "mean_ndcg_at_10": 0.13480527174873425,
          "mean_result_count": 5.0625,
          "mean_navigation_scores": 2514.6875,
          "mean_candidates_reranked": 128.0,
          "peak_candidates": 0,
          "peak_temp_bytes": 0,
          "estimated_vector_page_reads": 0,
          "estimated_payload_page_reads": 0,
          "estimated_graph_page_reads": 0,
          "mean_bq_posting_lookup_ms": 0.0,
          "mean_bq_node_mapping_ms": 0.0,
          "mean_bq_heap_scan_ms": 0.0,
          "mean_bq_output_sort_ms": 0.0,
          "bq_slot_cache_hits": 0,
          "bq_slot_cache_misses": 0,
          "mean_bq_mapped_candidates": 0.0,
          "mean_adaptive_ef_search": 0.0,
          "mean_vector_density_skew_ppm": 0.0,
          "selected_access_path": "AnnPostFilter",
          "property_path_cost": 0,
          "graph_path_cost": 0,
          "filtered_ann_path_cost": 0,
          "resident_heap_bytes": 53200116,
          "mapped_bytes": 26758086,
          "wal_bytes_delta": 0,
          "sidecar_bytes_delta": 0,
          "checkpoint_bytes_delta": 0,
          "temporary_spill_bytes_delta": 0
        },
        {
          "method": "tsng",
          "ef_search": 128,
          "metadata_bonus_cap_ppm": 100000,
          "signal_queue_quota_ppm": 100000,
          "graph_seed_limit": 16,
          "p50_ms": 0.5044,
          "p95_ms": 0.6539999999999999,
          "p99_ms": 0.6594,
          "mean_recall_at_10": 0.5718749999999999,
          "mean_ndcg_at_10": 0.6682668264151612,
          "mean_result_count": 10.0,
          "mean_navigation_scores": 1923.84375,
          "mean_candidates_reranked": 128.0,
          "peak_candidates": 0,
          "peak_temp_bytes": 0,
          "estimated_vector_page_reads": 0,
          "estimated_payload_page_reads": 0,
          "estimated_graph_page_reads": 0,
          "mean_bq_posting_lookup_ms": 0.0,
          "mean_bq_node_mapping_ms": 0.0,
          "mean_bq_heap_scan_ms": 0.0,
          "mean_bq_output_sort_ms": 0.0,
          "bq_slot_cache_hits": 0,
          "bq_slot_cache_misses": 0,
          "mean_bq_mapped_candidates": 0.0,
          "mean_adaptive_ef_search": 0.0,
          "mean_vector_density_skew_ppm": 0.0,
          "selected_access_path": "AnnPostFilter",
          "property_path_cost": 0,
          "graph_path_cost": 0,
          "filtered_ann_path_cost": 0,
          "resident_heap_bytes": 53200116,
          "mapped_bytes": 26758086,
          "wal_bytes_delta": 0,
          "sidecar_bytes_delta": 0,
          "checkpoint_bytes_delta": 0,
          "temporary_spill_bytes_delta": 0
        },
        {
          "method": "tsng",
          "ef_search": 128,
          "metadata_bonus_cap_ppm": 100000,
          "signal_queue_quota_ppm": 100000,
          "graph_seed_limit": 64,
          "p50_ms": 0.5167,
          "p95_ms": 0.6756000000000001,
          "p99_ms": 0.7071,
          "mean_recall_at_10": 0.5718749999999999,
          "mean_ndcg_at_10": 0.6682668264151612,
          "mean_result_count": 10.0,
          "mean_navigation_scores": 1942.84375,
          "mean_candidates_reranked": 128.0,
          "peak_candidates": 0,
          "peak_temp_bytes": 0,
          "estimated_vector_page_reads": 0,
          "estimated_payload_page_reads": 0,
          "estimated_graph_page_reads": 0,
          "mean_bq_posting_lookup_ms": 0.0,
          "mean_bq_node_mapping_ms": 0.0,
          "mean_bq_heap_scan_ms": 0.0,
          "mean_bq_output_sort_ms": 0.0,
          "bq_slot_cache_hits": 0,
          "bq_slot_cache_misses": 0,
          "mean_bq_mapped_candidates": 0.0,
          "mean_adaptive_ef_search": 0.0,
          "mean_vector_density_skew_ppm": 0.0,
          "selected_access_path": "AnnPostFilter",
          "property_path_cost": 0,
          "graph_path_cost": 0,
          "filtered_ann_path_cost": 0,
          "resident_heap_bytes": 53200116,
          "mapped_bytes": 26758086,
          "wal_bytes_delta": 0,
          "sidecar_bytes_delta": 0,
          "checkpoint_bytes_delta": 0,
          "temporary_spill_bytes_delta": 0
        },
        {
          "method": "tsng",
          "ef_search": 128,
          "metadata_bonus_cap_ppm": 100000,
          "signal_queue_quota_ppm": 100000,
          "graph_seed_limit": 256,
          "p50_ms": 0.5396,
          "p95_ms": 0.6346,
          "p99_ms": 0.6434,
          "mean_recall_at_10": 0.5718749999999999,
          "mean_ndcg_at_10": 0.6682668264151612,
          "mean_result_count": 10.0,
          "mean_navigation_scores": 1976.84375,
          "mean_candidates_reranked": 128.0,
          "peak_candidates": 0,
          "peak_temp_bytes": 0,
          "estimated_vector_page_reads": 0,
          "estimated_payload_page_reads": 0,
          "estimated_graph_page_reads": 0,
          "mean_bq_posting_lookup_ms": 0.0,
          "mean_bq_node_mapping_ms": 0.0,
          "mean_bq_heap_scan_ms": 0.0,
          "mean_bq_output_sort_ms": 0.0,
          "bq_slot_cache_hits": 0,
          "bq_slot_cache_misses": 0,
          "mean_bq_mapped_candidates": 0.0,
          "mean_adaptive_ef_search": 0.0,
          "mean_vector_density_skew_ppm": 0.0,
          "selected_access_path": "AnnPostFilter",
          "property_path_cost": 0,
          "graph_path_cost": 0,
          "filtered_ann_path_cost": 0,
          "resident_heap_bytes": 53200116,
          "mapped_bytes": 26758086,
          "wal_bytes_delta": 0,
          "sidecar_bytes_delta": 0,
          "checkpoint_bytes_delta": 0,
          "temporary_spill_bytes_delta": 0
        },
        {
          "method": "tsng",
          "ef_search": 128,
          "metadata_bonus_cap_ppm": 100000,
          "signal_queue_quota_ppm": 200000,
          "graph_seed_limit": 0,
          "p50_ms": 0.4004,
          "p95_ms": 0.8248,
          "p99_ms": 0.9407000000000001,
          "mean_recall_at_10": 0.11875,
          "mean_ndcg_at_10": 0.13480527174873425,
          "mean_result_count": 5.0625,
          "mean_navigation_scores": 2514.6875,
          "mean_candidates_reranked": 128.0,
          "peak_candidates": 0,
          "peak_temp_bytes": 0,
          "estimated_vector_page_reads": 0,
          "estimated_payload_page_reads": 0,
          "estimated_graph_page_reads": 0,
          "mean_bq_posting_lookup_ms": 0.0,
          "mean_bq_node_mapping_ms": 0.0,
          "mean_bq_heap_scan_ms": 0.0,
          "mean_bq_output_sort_ms": 0.0,
          "bq_slot_cache_hits": 0,
          "bq_slot_cache_misses": 0,
          "mean_bq_mapped_candidates": 0.0,
          "mean_adaptive_ef_search": 0.0,
          "mean_vector_density_skew_ppm": 0.0,
          "selected_access_path": "AnnPostFilter",
          "property_path_cost": 0,
          "graph_path_cost": 0,
          "filtered_ann_path_cost": 0,
          "resident_heap_bytes": 53200116,
          "mapped_bytes": 26758086,
          "wal_bytes_delta": 0,
          "sidecar_bytes_delta": 0,
          "checkpoint_bytes_delta": 0,
          "temporary_spill_bytes_delta": 0
        },
        {
          "method": "tsng",
          "ef_search": 128,
          "metadata_bonus_cap_ppm": 100000,
          "signal_queue_quota_ppm": 200000,
          "graph_seed_limit": 16,
          "p50_ms": 0.4885999999999999,
          "p95_ms": 0.5793,
          "p99_ms": 0.6367999999999999,
          "mean_recall_at_10": 0.5718749999999999,
          "mean_ndcg_at_10": 0.6682668264151612,
          "mean_result_count": 10.0,
          "mean_navigation_scores": 1923.84375,
          "mean_candidates_reranked": 128.0,
          "peak_candidates": 0,
          "peak_temp_bytes": 0,
          "estimated_vector_page_reads": 0,
          "estimated_payload_page_reads": 0,
          "estimated_graph_page_reads": 0,
          "mean_bq_posting_lookup_ms": 0.0,
          "mean_bq_node_mapping_ms": 0.0,
          "mean_bq_heap_scan_ms": 0.0,
          "mean_bq_output_sort_ms": 0.0,
          "bq_slot_cache_hits": 0,
          "bq_slot_cache_misses": 0,
          "mean_bq_mapped_candidates": 0.0,
          "mean_adaptive_ef_search": 0.0,
          "mean_vector_density_skew_ppm": 0.0,
          "selected_access_path": "AnnPostFilter",
          "property_path_cost": 0,
          "graph_path_cost": 0,
          "filtered_ann_path_cost": 0,
          "resident_heap_bytes": 53200116,
          "mapped_bytes": 26758086,
          "wal_bytes_delta": 0,
          "sidecar_bytes_delta": 0,
          "checkpoint_bytes_delta": 0,
          "temporary_spill_bytes_delta": 0
        },
        {
          "method": "tsng",
          "ef_search": 128,
          "metadata_bonus_cap_ppm": 100000,
          "signal_queue_quota_ppm": 200000,
          "graph_seed_limit": 64,
          "p50_ms": 0.4973,
          "p95_ms": 0.5963,
          "p99_ms": 0.6435,
          "mean_recall_at_10": 0.5718749999999999,
          "mean_ndcg_at_10": 0.6682668264151612,
          "mean_result_count": 10.0,
          "mean_navigation_scores": 1942.84375,
          "mean_candidates_reranked": 128.0,
          "peak_candidates": 0,
          "peak_temp_bytes": 0,
          "estimated_vector_page_reads": 0,
          "estimated_payload_page_reads": 0,
          "estimated_graph_page_reads": 0,
          "mean_bq_posting_lookup_ms": 0.0,
          "mean_bq_node_mapping_ms": 0.0,
          "mean_bq_heap_scan_ms": 0.0,
          "mean_bq_output_sort_ms": 0.0,
          "bq_slot_cache_hits": 0,
          "bq_slot_cache_misses": 0,
          "mean_bq_mapped_candidates": 0.0,
          "mean_adaptive_ef_search": 0.0,
          "mean_vector_density_skew_ppm": 0.0,
          "selected_access_path": "AnnPostFilter",
          "property_path_cost": 0,
          "graph_path_cost": 0,
          "filtered_ann_path_cost": 0,
          "resident_heap_bytes": 53200116,
          "mapped_bytes": 26758086,
          "wal_bytes_delta": 0,
          "sidecar_bytes_delta": 0,
          "checkpoint_bytes_delta": 0,
          "temporary_spill_bytes_delta": 0
        },
        {
          "method": "tsng",
          "ef_search": 128,
          "metadata_bonus_cap_ppm": 100000,
          "signal_queue_quota_ppm": 200000,
          "graph_seed_limit": 256,
          "p50_ms": 0.5053,
          "p95_ms": 0.6292,
          "p99_ms": 0.6331,
          "mean_recall_at_10": 0.5718749999999999,
          "mean_ndcg_at_10": 0.6682668264151612,
          "mean_result_count": 10.0,
          "mean_navigation_scores": 1976.84375,
          "mean_candidates_reranked": 128.0,
          "peak_candidates": 0,
          "peak_temp_bytes": 0,
          "estimated_vector_page_reads": 0,
          "estimated_payload_page_reads": 0,
          "estimated_graph_page_reads": 0,
          "mean_bq_posting_lookup_ms": 0.0,
          "mean_bq_node_mapping_ms": 0.0,
          "mean_bq_heap_scan_ms": 0.0,
          "mean_bq_output_sort_ms": 0.0,
          "bq_slot_cache_hits": 0,
          "bq_slot_cache_misses": 0,
          "mean_bq_mapped_candidates": 0.0,
          "mean_adaptive_ef_search": 0.0,
          "mean_vector_density_skew_ppm": 0.0,
          "selected_access_path": "AnnPostFilter",
          "property_path_cost": 0,
          "graph_path_cost": 0,
          "filtered_ann_path_cost": 0,
          "resident_heap_bytes": 53200116,
          "mapped_bytes": 26758086,
          "wal_bytes_delta": 0,
          "sidecar_bytes_delta": 0,
          "checkpoint_bytes_delta": 0,
          "temporary_spill_bytes_delta": 0
        },
        {
          "method": "tsng",
          "ef_search": 128,
          "metadata_bonus_cap_ppm": 100000,
          "signal_queue_quota_ppm": 250000,
          "graph_seed_limit": 0,
          "p50_ms": 0.41829999999999995,
          "p95_ms": 0.8965000000000001,
          "p99_ms": 1.0070000000000001,
          "mean_recall_at_10": 0.11875,
          "mean_ndcg_at_10": 0.13480527174873425,
          "mean_result_count": 5.0625,
          "mean_navigation_scores": 2514.6875,
          "mean_candidates_reranked": 128.0,
          "peak_candidates": 0,
          "peak_temp_bytes": 0,
          "estimated_vector_page_reads": 0,
          "estimated_payload_page_reads": 0,
          "estimated_graph_page_reads": 0,
          "mean_bq_posting_lookup_ms": 0.0,
          "mean_bq_node_mapping_ms": 0.0,
          "mean_bq_heap_scan_ms": 0.0,
          "mean_bq_output_sort_ms": 0.0,
          "bq_slot_cache_hits": 0,
          "bq_slot_cache_misses": 0,
          "mean_bq_mapped_candidates": 0.0,
          "mean_adaptive_ef_search": 0.0,
          "mean_vector_density_skew_ppm": 0.0,
          "selected_access_path": "AnnPostFilter",
          "property_path_cost": 0,
          "graph_path_cost": 0,
          "filtered_ann_path_cost": 0,
          "resident_heap_bytes": 53200116,
          "mapped_bytes": 26758086,
          "wal_bytes_delta": 0,
          "sidecar_bytes_delta": 0,
          "checkpoint_bytes_delta": 0,
          "temporary_spill_bytes_delta": 0
        },
        {
          "method": "tsng",
          "ef_search": 128,
          "metadata_bonus_cap_ppm": 100000,
          "signal_queue_quota_ppm": 250000,
          "graph_seed_limit": 16,
          "p50_ms": 0.5074,
          "p95_ms": 0.6154,
          "p99_ms": 0.647,
          "mean_recall_at_10": 0.5718749999999999,
          "mean_ndcg_at_10": 0.6682668264151612,
          "mean_result_count": 10.0,
          "mean_navigation_scores": 1923.84375,
          "mean_candidates_reranked": 128.0,
          "peak_candidates": 0,
          "peak_temp_bytes": 0,
          "estimated_vector_page_reads": 0,
          "estimated_payload_page_reads": 0,
          "estimated_graph_page_reads": 0,
          "mean_bq_posting_lookup_ms": 0.0,
          "mean_bq_node_mapping_ms": 0.0,
          "mean_bq_heap_scan_ms": 0.0,
          "mean_bq_output_sort_ms": 0.0,
          "bq_slot_cache_hits": 0,
          "bq_slot_cache_misses": 0,
          "mean_bq_mapped_candidates": 0.0,
          "mean_adaptive_ef_search": 0.0,
          "mean_vector_density_skew_ppm": 0.0,
          "selected_access_path": "AnnPostFilter",
          "property_path_cost": 0,
          "graph_path_cost": 0,
          "filtered_ann_path_cost": 0,
          "resident_heap_bytes": 53200116,
          "mapped_bytes": 26758086,
          "wal_bytes_delta": 0,
          "sidecar_bytes_delta": 0,
          "checkpoint_bytes_delta": 0,
          "temporary_spill_bytes_delta": 0
        },
        {
          "method": "tsng",
          "ef_search": 128,
          "metadata_bonus_cap_ppm": 100000,
          "signal_queue_quota_ppm": 250000,
          "graph_seed_limit": 64,
          "p50_ms": 0.5253,
          "p95_ms": 0.6404,
          "p99_ms": 0.6782999999999999,
          "mean_recall_at_10": 0.5718749999999999,
          "mean_ndcg_at_10": 0.6682668264151612,
          "mean_result_count": 10.0,
          "mean_navigation_scores": 1942.84375,
          "mean_candidates_reranked": 128.0,
          "peak_candidates": 0,
          "peak_temp_bytes": 0,
          "estimated_vector_page_reads": 0,
          "estimated_payload_page_reads": 0,
          "estimated_graph_page_reads": 0,
          "mean_bq_posting_lookup_ms": 0.0,
          "mean_bq_node_mapping_ms": 0.0,
          "mean_bq_heap_scan_ms": 0.0,
          "mean_bq_output_sort_ms": 0.0,
          "bq_slot_cache_hits": 0,
          "bq_slot_cache_misses": 0,
          "mean_bq_mapped_candidates": 0.0,
          "mean_adaptive_ef_search": 0.0,
          "mean_vector_density_skew_ppm": 0.0,
          "selected_access_path": "AnnPostFilter",
          "property_path_cost": 0,
          "graph_path_cost": 0,
          "filtered_ann_path_cost": 0,
          "resident_heap_bytes": 53200116,
          "mapped_bytes": 26758086,
          "wal_bytes_delta": 0,
          "sidecar_bytes_delta": 0,
          "checkpoint_bytes_delta": 0,
          "temporary_spill_bytes_delta": 0
        },
        {
          "method": "tsng",
          "ef_search": 128,
          "metadata_bonus_cap_ppm": 100000,
          "signal_queue_quota_ppm": 250000,
          "graph_seed_limit": 256,
          "p50_ms": 0.472,
          "p95_ms": 0.569,
          "p99_ms": 0.5878,
          "mean_recall_at_10": 0.5718749999999999,
          "mean_ndcg_at_10": 0.6682668264151612,
          "mean_result_count": 10.0,
          "mean_navigation_scores": 1976.84375,
          "mean_candidates_reranked": 128.0,
          "peak_candidates": 0,
          "peak_temp_bytes": 0,
          "estimated_vector_page_reads": 0,
          "estimated_payload_page_reads": 0,
          "estimated_graph_page_reads": 0,
          "mean_bq_posting_lookup_ms": 0.0,
          "mean_bq_node_mapping_ms": 0.0,
          "mean_bq_heap_scan_ms": 0.0,
          "mean_bq_output_sort_ms": 0.0,
          "bq_slot_cache_hits": 0,
          "bq_slot_cache_misses": 0,
          "mean_bq_mapped_candidates": 0.0,
          "mean_adaptive_ef_search": 0.0,
          "mean_vector_density_skew_ppm": 0.0,
          "selected_access_path": "AnnPostFilter",
          "property_path_cost": 0,
          "graph_path_cost": 0,
          "filtered_ann_path_cost": 0,
          "resident_heap_bytes": 53200116,
          "mapped_bytes": 26758086,
          "wal_bytes_delta": 0,
          "sidecar_bytes_delta": 0,
          "checkpoint_bytes_delta": 0,
          "temporary_spill_bytes_delta": 0
        },
        {
          "method": "tsng",
          "ef_search": 128,
          "metadata_bonus_cap_ppm": 100000,
          "signal_queue_quota_ppm": 330000,
          "graph_seed_limit": 0,
          "p50_ms": 0.4153,
          "p95_ms": 0.8720000000000001,
          "p99_ms": 1.1517000000000002,
          "mean_recall_at_10": 0.11875,
          "mean_ndcg_at_10": 0.13480527174873425,
          "mean_result_count": 5.0625,
          "mean_navigation_scores": 2514.6875,
          "mean_candidates_reranked": 128.0,
          "peak_candidates": 0,
          "peak_temp_bytes": 0,
          "estimated_vector_page_reads": 0,
          "estimated_payload_page_reads": 0,
          "estimated_graph_page_reads": 0,
          "mean_bq_posting_lookup_ms": 0.0,
          "mean_bq_node_mapping_ms": 0.0,
          "mean_bq_heap_scan_ms": 0.0,
          "mean_bq_output_sort_ms": 0.0,
          "bq_slot_cache_hits": 0,
          "bq_slot_cache_misses": 0,
          "mean_bq_mapped_candidates": 0.0,
          "mean_adaptive_ef_search": 0.0,
          "mean_vector_density_skew_ppm": 0.0,
          "selected_access_path": "AnnPostFilter",
          "property_path_cost": 0,
          "graph_path_cost": 0,
          "filtered_ann_path_cost": 0,
          "resident_heap_bytes": 53200116,
          "mapped_bytes": 26758086,
          "wal_bytes_delta": 0,
          "sidecar_bytes_delta": 0,
          "checkpoint_bytes_delta": 0,
          "temporary_spill_bytes_delta": 0
        },
        {
          "method": "tsng",
          "ef_search": 128,
          "metadata_bonus_cap_ppm": 100000,
          "signal_queue_quota_ppm": 330000,
          "graph_seed_limit": 16,
          "p50_ms": 0.5065,
          "p95_ms": 0.6769000000000001,
          "p99_ms": 0.7582,
          "mean_recall_at_10": 0.5718749999999999,
          "mean_ndcg_at_10": 0.6682668264151612,
          "mean_result_count": 10.0,
          "mean_navigation_scores": 1923.84375,
          "mean_candidates_reranked": 128.0,
          "peak_candidates": 0,
          "peak_temp_bytes": 0,
          "estimated_vector_page_reads": 0,
          "estimated_payload_page_reads": 0,
          "estimated_graph_page_reads": 0,
          "mean_bq_posting_lookup_ms": 0.0,
          "mean_bq_node_mapping_ms": 0.0,
          "mean_bq_heap_scan_ms": 0.0,
          "mean_bq_output_sort_ms": 0.0,
          "bq_slot_cache_hits": 0,
          "bq_slot_cache_misses": 0,
          "mean_bq_mapped_candidates": 0.0,
          "mean_adaptive_ef_search": 0.0,
          "mean_vector_density_skew_ppm": 0.0,
          "selected_access_path": "AnnPostFilter",
          "property_path_cost": 0,
          "graph_path_cost": 0,
          "filtered_ann_path_cost": 0,
          "resident_heap_bytes": 53200116,
          "mapped_bytes": 26758086,
          "wal_bytes_delta": 0,
          "sidecar_bytes_delta": 0,
          "checkpoint_bytes_delta": 0,
          "temporary_spill_bytes_delta": 0
        },
        {
          "method": "tsng",
          "ef_search": 128,
          "metadata_bonus_cap_ppm": 100000,
          "signal_queue_quota_ppm": 330000,
          "graph_seed_limit": 64,
          "p50_ms": 0.4848,
          "p95_ms": 0.5618,
          "p99_ms": 0.5797000000000001,
          "mean_recall_at_10": 0.5718749999999999,
          "mean_ndcg_at_10": 0.6682668264151612,
          "mean_result_count": 10.0,
          "mean_navigation_scores": 1942.84375,
          "mean_candidates_reranked": 128.0,
          "peak_candidates": 0,
          "peak_temp_bytes": 0,
          "estimated_vector_page_reads": 0,
          "estimated_payload_page_reads": 0,
          "estimated_graph_page_reads": 0,
          "mean_bq_posting_lookup_ms": 0.0,
          "mean_bq_node_mapping_ms": 0.0,
          "mean_bq_heap_scan_ms": 0.0,
          "mean_bq_output_sort_ms": 0.0,
          "bq_slot_cache_hits": 0,
          "bq_slot_cache_misses": 0,
          "mean_bq_mapped_candidates": 0.0,
          "mean_adaptive_ef_search": 0.0,
          "mean_vector_density_skew_ppm": 0.0,
          "selected_access_path": "AnnPostFilter",
          "property_path_cost": 0,
          "graph_path_cost": 0,
          "filtered_ann_path_cost": 0,
          "resident_heap_bytes": 53200116,
          "mapped_bytes": 26758086,
          "wal_bytes_delta": 0,
          "sidecar_bytes_delta": 0,
          "checkpoint_bytes_delta": 0,
          "temporary_spill_bytes_delta": 0
        },
        {
          "method": "tsng",
          "ef_search": 128,
          "metadata_bonus_cap_ppm": 100000,
          "signal_queue_quota_ppm": 330000,
          "graph_seed_limit": 256,
          "p50_ms": 0.5157,
          "p95_ms": 0.6105,
          "p99_ms": 0.725,
          "mean_recall_at_10": 0.5718749999999999,
          "mean_ndcg_at_10": 0.6682668264151612,
          "mean_result_count": 10.0,
          "mean_navigation_scores": 1976.84375,
          "mean_candidates_reranked": 128.0,
          "peak_candidates": 0,
          "peak_temp_bytes": 0,
          "estimated_vector_page_reads": 0,
          "estimated_payload_page_reads": 0,
          "estimated_graph_page_reads": 0,
          "mean_bq_posting_lookup_ms": 0.0,
          "mean_bq_node_mapping_ms": 0.0,
          "mean_bq_heap_scan_ms": 0.0,
          "mean_bq_output_sort_ms": 0.0,
          "bq_slot_cache_hits": 0,
          "bq_slot_cache_misses": 0,
          "mean_bq_mapped_candidates": 0.0,
          "mean_adaptive_ef_search": 0.0,
          "mean_vector_density_skew_ppm": 0.0,
          "selected_access_path": "AnnPostFilter",
          "property_path_cost": 0,
          "graph_path_cost": 0,
          "filtered_ann_path_cost": 0,
          "resident_heap_bytes": 53200116,
          "mapped_bytes": 26758086,
          "wal_bytes_delta": 0,
          "sidecar_bytes_delta": 0,
          "checkpoint_bytes_delta": 0,
          "temporary_spill_bytes_delta": 0
        },
        {
          "method": "tsng",
          "ef_search": 128,
          "metadata_bonus_cap_ppm": 100000,
          "signal_queue_quota_ppm": 500000,
          "graph_seed_limit": 0,
          "p50_ms": 0.4354,
          "p95_ms": 0.8669,
          "p99_ms": 1.1826,
          "mean_recall_at_10": 0.11875,
          "mean_ndcg_at_10": 0.13480527174873425,
          "mean_result_count": 5.0625,
          "mean_navigation_scores": 2514.6875,
          "mean_candidates_reranked": 128.0,
          "peak_candidates": 0,
          "peak_temp_bytes": 0,
          "estimated_vector_page_reads": 0,
          "estimated_payload_page_reads": 0,
          "estimated_graph_page_reads": 0,
          "mean_bq_posting_lookup_ms": 0.0,
          "mean_bq_node_mapping_ms": 0.0,
          "mean_bq_heap_scan_ms": 0.0,
          "mean_bq_output_sort_ms": 0.0,
          "bq_slot_cache_hits": 0,
          "bq_slot_cache_misses": 0,
          "mean_bq_mapped_candidates": 0.0,
          "mean_adaptive_ef_search": 0.0,
          "mean_vector_density_skew_ppm": 0.0,
          "selected_access_path": "AnnPostFilter",
          "property_path_cost": 0,
          "graph_path_cost": 0,
          "filtered_ann_path_cost": 0,
          "resident_heap_bytes": 53200116,
          "mapped_bytes": 26758086,
          "wal_bytes_delta": 0,
          "sidecar_bytes_delta": 0,
          "checkpoint_bytes_delta": 0,
          "temporary_spill_bytes_delta": 0
        },
        {
          "method": "tsng",
          "ef_search": 128,
          "metadata_bonus_cap_ppm": 100000,
          "signal_queue_quota_ppm": 500000,
          "graph_seed_limit": 16,
          "p50_ms": 0.5025999999999999,
          "p95_ms": 0.6375000000000001,
          "p99_ms": 0.7646000000000001,
          "mean_recall_at_10": 0.5718749999999999,
          "mean_ndcg_at_10": 0.6682668264151612,
          "mean_result_count": 10.0,
          "mean_navigation_scores": 1923.84375,
          "mean_candidates_reranked": 128.0,
          "peak_candidates": 0,
          "peak_temp_bytes": 0,
          "estimated_vector_page_reads": 0,
          "estimated_payload_page_reads": 0,
          "estimated_graph_page_reads": 0,
          "mean_bq_posting_lookup_ms": 0.0,
          "mean_bq_node_mapping_ms": 0.0,
          "mean_bq_heap_scan_ms": 0.0,
          "mean_bq_output_sort_ms": 0.0,
          "bq_slot_cache_hits": 0,
          "bq_slot_cache_misses": 0,
          "mean_bq_mapped_candidates": 0.0,
          "mean_adaptive_ef_search": 0.0,
          "mean_vector_density_skew_ppm": 0.0,
          "selected_access_path": "AnnPostFilter",
          "property_path_cost": 0,
          "graph_path_cost": 0,
          "filtered_ann_path_cost": 0,
          "resident_heap_bytes": 53200116,
          "mapped_bytes": 26758086,
          "wal_bytes_delta": 0,
          "sidecar_bytes_delta": 0,
          "checkpoint_bytes_delta": 0,
          "temporary_spill_bytes_delta": 0
        },
        {
          "method": "tsng",
          "ef_search": 128,
          "metadata_bonus_cap_ppm": 100000,
          "signal_queue_quota_ppm": 500000,
          "graph_seed_limit": 64,
          "p50_ms": 0.482,
          "p95_ms": 0.7825,
          "p99_ms": 0.8180999999999999,
          "mean_recall_at_10": 0.5718749999999999,
          "mean_ndcg_at_10": 0.6682668264151612,
          "mean_result_count": 10.0,
          "mean_navigation_scores": 1942.84375,
          "mean_candidates_reranked": 128.0,
          "peak_candidates": 0,
          "peak_temp_bytes": 0,
          "estimated_vector_page_reads": 0,
          "estimated_payload_page_reads": 0,
          "estimated_graph_page_reads": 0,
          "mean_bq_posting_lookup_ms": 0.0,
          "mean_bq_node_mapping_ms": 0.0,
          "mean_bq_heap_scan_ms": 0.0,
          "mean_bq_output_sort_ms": 0.0,
          "bq_slot_cache_hits": 0,
          "bq_slot_cache_misses": 0,
          "mean_bq_mapped_candidates": 0.0,
          "mean_adaptive_ef_search": 0.0,
          "mean_vector_density_skew_ppm": 0.0,
          "selected_access_path": "AnnPostFilter",
          "property_path_cost": 0,
          "graph_path_cost": 0,
          "filtered_ann_path_cost": 0,
          "resident_heap_bytes": 53200116,
          "mapped_bytes": 26758086,
          "wal_bytes_delta": 0,
          "sidecar_bytes_delta": 0,
          "checkpoint_bytes_delta": 0,
          "temporary_spill_bytes_delta": 0
        },
        {
          "method": "tsng",
          "ef_search": 128,
          "metadata_bonus_cap_ppm": 100000,
          "signal_queue_quota_ppm": 500000,
          "graph_seed_limit": 256,
          "p50_ms": 0.5339,
          "p95_ms": 0.669,
          "p99_ms": 0.7078,
          "mean_recall_at_10": 0.5718749999999999,
          "mean_ndcg_at_10": 0.6682668264151612,
          "mean_result_count": 10.0,
          "mean_navigation_scores": 1976.84375,
          "mean_candidates_reranked": 128.0,
          "peak_candidates": 0,
          "peak_temp_bytes": 0,
          "estimated_vector_page_reads": 0,
          "estimated_payload_page_reads": 0,
          "estimated_graph_page_reads": 0,
          "mean_bq_posting_lookup_ms": 0.0,
          "mean_bq_node_mapping_ms": 0.0,
          "mean_bq_heap_scan_ms": 0.0,
          "mean_bq_output_sort_ms": 0.0,
          "bq_slot_cache_hits": 0,
          "bq_slot_cache_misses": 0,
          "mean_bq_mapped_candidates": 0.0,
          "mean_adaptive_ef_search": 0.0,
          "mean_vector_density_skew_ppm": 0.0,
          "selected_access_path": "AnnPostFilter",
          "property_path_cost": 0,
          "graph_path_cost": 0,
          "filtered_ann_path_cost": 0,
          "resident_heap_bytes": 53200116,
          "mapped_bytes": 26758086,
          "wal_bytes_delta": 0,
          "sidecar_bytes_delta": 0,
          "checkpoint_bytes_delta": 0,
          "temporary_spill_bytes_delta": 0
        },
        {
          "method": "industrial_fixed",
          "ef_search": 256,
          "metadata_bonus_cap_ppm": 0,
          "signal_queue_quota_ppm": 0,
          "graph_seed_limit": 0,
          "p50_ms": 0.27599999999999997,
          "p95_ms": 0.4113,
          "p99_ms": 0.4271,
          "mean_recall_at_10": 0.6843750000000002,
          "mean_ndcg_at_10": 0.9170308700877017,
          "mean_result_count": 9.96875,
          "mean_navigation_scores": 3167.8125,
          "mean_candidates_reranked": 173.5625,
          "peak_candidates": 212,
          "peak_temp_bytes": 3392,
          "estimated_vector_page_reads": 363,
          "estimated_payload_page_reads": 5554,
          "estimated_graph_page_reads": 32,
          "mean_bq_posting_lookup_ms": 0.0,
          "mean_bq_node_mapping_ms": 0.0,
          "mean_bq_heap_scan_ms": 0.0,
          "mean_bq_output_sort_ms": 0.0,
          "bq_slot_cache_hits": 0,
          "bq_slot_cache_misses": 0,
          "mean_bq_mapped_candidates": 0.0,
          "mean_adaptive_ef_search": 256.0,
          "mean_vector_density_skew_ppm": 996968.0,
          "selected_access_path": "GraphVectorUnion",
          "property_path_cost": 25216,
          "graph_path_cost": 10432,
          "filtered_ann_path_cost": 27980,
          "resident_heap_bytes": 53200116,
          "mapped_bytes": 26758086,
          "wal_bytes_delta": 0,
          "sidecar_bytes_delta": 0,
          "checkpoint_bytes_delta": 0,
          "temporary_spill_bytes_delta": 0
        },
        {
          "method": "industrial_selectivity",
          "ef_search": 256,
          "metadata_bonus_cap_ppm": 0,
          "signal_queue_quota_ppm": 0,
          "graph_seed_limit": 0,
          "p50_ms": 0.2836,
          "p95_ms": 0.4016,
          "p99_ms": 0.4053,
          "mean_recall_at_10": 0.6843750000000002,
          "mean_ndcg_at_10": 0.9170308700877017,
          "mean_result_count": 9.96875,
          "mean_navigation_scores": 3167.8125,
          "mean_candidates_reranked": 173.5625,
          "peak_candidates": 212,
          "peak_temp_bytes": 3392,
          "estimated_vector_page_reads": 363,
          "estimated_payload_page_reads": 5554,
          "estimated_graph_page_reads": 32,
          "mean_bq_posting_lookup_ms": 0.0,
          "mean_bq_node_mapping_ms": 0.0,
          "mean_bq_heap_scan_ms": 0.0,
          "mean_bq_output_sort_ms": 0.0,
          "bq_slot_cache_hits": 0,
          "bq_slot_cache_misses": 0,
          "mean_bq_mapped_candidates": 0.0,
          "mean_adaptive_ef_search": 256.0,
          "mean_vector_density_skew_ppm": 996968.0,
          "selected_access_path": "GraphVectorUnion",
          "property_path_cost": 25216,
          "graph_path_cost": 10432,
          "filtered_ann_path_cost": 27980,
          "resident_heap_bytes": 53200116,
          "mapped_bytes": 26758086,
          "wal_bytes_delta": 0,
          "sidecar_bytes_delta": 0,
          "checkpoint_bytes_delta": 0,
          "temporary_spill_bytes_delta": 0
        },
        {
          "method": "industrial_density",
          "ef_search": 256,
          "metadata_bonus_cap_ppm": 0,
          "signal_queue_quota_ppm": 0,
          "graph_seed_limit": 0,
          "p50_ms": 0.3071,
          "p95_ms": 0.5186000000000001,
          "p99_ms": 0.571,
          "mean_recall_at_10": 0.6843750000000002,
          "mean_ndcg_at_10": 0.9170308700877017,
          "mean_result_count": 9.96875,
          "mean_navigation_scores": 3167.8125,
          "mean_candidates_reranked": 173.5625,
          "peak_candidates": 212,
          "peak_temp_bytes": 3392,
          "estimated_vector_page_reads": 363,
          "estimated_payload_page_reads": 5554,
          "estimated_graph_page_reads": 32,
          "mean_bq_posting_lookup_ms": 0.0,
          "mean_bq_node_mapping_ms": 0.0,
          "mean_bq_heap_scan_ms": 0.0,
          "mean_bq_output_sort_ms": 0.0,
          "bq_slot_cache_hits": 0,
          "bq_slot_cache_misses": 0,
          "mean_bq_mapped_candidates": 0.0,
          "mean_adaptive_ef_search": 256.0,
          "mean_vector_density_skew_ppm": 996968.0,
          "selected_access_path": "GraphVectorUnion",
          "property_path_cost": 25216,
          "graph_path_cost": 10432,
          "filtered_ann_path_cost": 27980,
          "resident_heap_bytes": 53200116,
          "mapped_bytes": 26758086,
          "wal_bytes_delta": 0,
          "sidecar_bytes_delta": 0,
          "checkpoint_bytes_delta": 0,
          "temporary_spill_bytes_delta": 0
        },
        {
          "method": "post_filter",
          "ef_search": 256,
          "metadata_bonus_cap_ppm": 0,
          "signal_queue_quota_ppm": 0,
          "graph_seed_limit": 0,
          "p50_ms": 0.2504,
          "p95_ms": 0.38430000000000003,
          "p99_ms": 0.3996,
          "mean_recall_at_10": 0.14687499999999998,
          "mean_ndcg_at_10": 0.1643883387336589,
          "mean_result_count": 8.6875,
          "mean_navigation_scores": 3167.8125,
          "mean_candidates_reranked": 256.0,
          "peak_candidates": 0,
          "peak_temp_bytes": 0,
          "estimated_vector_page_reads": 0,
          "estimated_payload_page_reads": 0,
          "estimated_graph_page_reads": 0,
          "mean_bq_posting_lookup_ms": 0.0,
          "mean_bq_node_mapping_ms": 0.0,
          "mean_bq_heap_scan_ms": 0.0,
          "mean_bq_output_sort_ms": 0.0,
          "bq_slot_cache_hits": 0,
          "bq_slot_cache_misses": 0,
          "mean_bq_mapped_candidates": 0.0,
          "mean_adaptive_ef_search": 0.0,
          "mean_vector_density_skew_ppm": 0.0,
          "selected_access_path": "AnnPostFilter",
          "property_path_cost": 0,
          "graph_path_cost": 0,
          "filtered_ann_path_cost": 0,
          "resident_heap_bytes": 53200116,
          "mapped_bytes": 26758086,
          "wal_bytes_delta": 0,
          "sidecar_bytes_delta": 0,
          "checkpoint_bytes_delta": 0,
          "temporary_spill_bytes_delta": 0
        },
        {
          "method": "tsng",
          "ef_search": 256,
          "metadata_bonus_cap_ppm": 100000,
          "signal_queue_quota_ppm": 0,
          "graph_seed_limit": 0,
          "p50_ms": 0.3789,
          "p95_ms": 0.9134,
          "p99_ms": 1.1314,
          "mean_recall_at_10": 0.14687499999999998,
          "mean_ndcg_at_10": 0.1643883387336589,
          "mean_result_count": 8.6875,
          "mean_navigation_scores": 3167.8125,
          "mean_candidates_reranked": 256.0,
          "peak_candidates": 0,
          "peak_temp_bytes": 0,
          "estimated_vector_page_reads": 0,
          "estimated_payload_page_reads": 0,
          "estimated_graph_page_reads": 0,
          "mean_bq_posting_lookup_ms": 0.0,
          "mean_bq_node_mapping_ms": 0.0,
          "mean_bq_heap_scan_ms": 0.0,
          "mean_bq_output_sort_ms": 0.0,
          "bq_slot_cache_hits": 0,
          "bq_slot_cache_misses": 0,
          "mean_bq_mapped_candidates": 0.0,
          "mean_adaptive_ef_search": 0.0,
          "mean_vector_density_skew_ppm": 0.0,
          "selected_access_path": "AnnPostFilter",
          "property_path_cost": 0,
          "graph_path_cost": 0,
          "filtered_ann_path_cost": 0,
          "resident_heap_bytes": 53200116,
          "mapped_bytes": 26758086,
          "wal_bytes_delta": 0,
          "sidecar_bytes_delta": 0,
          "checkpoint_bytes_delta": 0,
          "temporary_spill_bytes_delta": 0
        },
        {
          "method": "tsng",
          "ef_search": 256,
          "metadata_bonus_cap_ppm": 100000,
          "signal_queue_quota_ppm": 0,
          "graph_seed_limit": 16,
          "p50_ms": 0.74,
          "p95_ms": 1.0031,
          "p99_ms": 1.0221,
          "mean_recall_at_10": 0.659375,
          "mean_ndcg_at_10": 0.7401676315642487,
          "mean_result_count": 10.0,
          "mean_navigation_scores": 2370.3125,
          "mean_candidates_reranked": 256.0,
          "peak_candidates": 0,
          "peak_temp_bytes": 0,
          "estimated_vector_page_reads": 0,
          "estimated_payload_page_reads": 0,
          "estimated_graph_page_reads": 0,
          "mean_bq_posting_lookup_ms": 0.0,
          "mean_bq_node_mapping_ms": 0.0,
          "mean_bq_heap_scan_ms": 0.0,
          "mean_bq_output_sort_ms": 0.0,
          "bq_slot_cache_hits": 0,
          "bq_slot_cache_misses": 0,
          "mean_bq_mapped_candidates": 0.0,
          "mean_adaptive_ef_search": 0.0,
          "mean_vector_density_skew_ppm": 0.0,
          "selected_access_path": "AnnPostFilter",
          "property_path_cost": 0,
          "graph_path_cost": 0,
          "filtered_ann_path_cost": 0,
          "resident_heap_bytes": 53200116,
          "mapped_bytes": 26758086,
          "wal_bytes_delta": 0,
          "sidecar_bytes_delta": 0,
          "checkpoint_bytes_delta": 0,
          "temporary_spill_bytes_delta": 0
        },
        {
          "method": "graph_union",
          "ef_search": 256,
          "metadata_bonus_cap_ppm": 100000,
          "signal_queue_quota_ppm": 0,
          "graph_seed_limit": 16,
          "p50_ms": 0.2741,
          "p95_ms": 0.4039,
          "p99_ms": 0.4108,
          "mean_recall_at_10": 0.3156249999999999,
          "mean_ndcg_at_10": 0.5462412690180213,
          "mean_result_count": 9.34375,
          "mean_navigation_scores": 3167.8125,
          "mean_candidates_reranked": 271.40625,
          "peak_candidates": 0,
          "peak_temp_bytes": 0,
          "estimated_vector_page_reads": 0,
          "estimated_payload_page_reads": 0,
          "estimated_graph_page_reads": 0,
          "mean_bq_posting_lookup_ms": 0.0,
          "mean_bq_node_mapping_ms": 0.0,
          "mean_bq_heap_scan_ms": 0.0,
          "mean_bq_output_sort_ms": 0.0,
          "bq_slot_cache_hits": 0,
          "bq_slot_cache_misses": 0,
          "mean_bq_mapped_candidates": 0.0,
          "mean_adaptive_ef_search": 0.0,
          "mean_vector_density_skew_ppm": 0.0,
          "selected_access_path": "AnnPostFilter",
          "property_path_cost": 0,
          "graph_path_cost": 0,
          "filtered_ann_path_cost": 0,
          "resident_heap_bytes": 53200116,
          "mapped_bytes": 26758086,
          "wal_bytes_delta": 0,
          "sidecar_bytes_delta": 0,
          "checkpoint_bytes_delta": 0,
          "temporary_spill_bytes_delta": 0
        },
        {
          "method": "tsng",
          "ef_search": 256,
          "metadata_bonus_cap_ppm": 100000,
          "signal_queue_quota_ppm": 0,
          "graph_seed_limit": 64,
          "p50_ms": 0.7561,
          "p95_ms": 0.9372,
          "p99_ms": 0.9610000000000001,
          "mean_recall_at_10": 0.659375,
          "mean_ndcg_at_10": 0.7401676315642487,
          "mean_result_count": 10.0,
          "mean_navigation_scores": 2381.84375,
          "mean_candidates_reranked": 256.0,
          "peak_candidates": 0,
          "peak_temp_bytes": 0,
          "estimated_vector_page_reads": 0,
          "estimated_payload_page_reads": 0,
          "estimated_graph_page_reads": 0,
          "mean_bq_posting_lookup_ms": 0.0,
          "mean_bq_node_mapping_ms": 0.0,
          "mean_bq_heap_scan_ms": 0.0,
          "mean_bq_output_sort_ms": 0.0,
          "bq_slot_cache_hits": 0,
          "bq_slot_cache_misses": 0,
          "mean_bq_mapped_candidates": 0.0,
          "mean_adaptive_ef_search": 0.0,
          "mean_vector_density_skew_ppm": 0.0,
          "selected_access_path": "AnnPostFilter",
          "property_path_cost": 0,
          "graph_path_cost": 0,
          "filtered_ann_path_cost": 0,
          "resident_heap_bytes": 53200116,
          "mapped_bytes": 26758086,
          "wal_bytes_delta": 0,
          "sidecar_bytes_delta": 0,
          "checkpoint_bytes_delta": 0,
          "temporary_spill_bytes_delta": 0
        },
        {
          "method": "graph_union",
          "ef_search": 256,
          "metadata_bonus_cap_ppm": 100000,
          "signal_queue_quota_ppm": 0,
          "graph_seed_limit": 64,
          "p50_ms": 0.29750000000000004,
          "p95_ms": 0.4077,
          "p99_ms": 0.4213,
          "mean_recall_at_10": 0.49687500000000023,
          "mean_ndcg_at_10": 0.740744238145931,
          "mean_result_count": 9.75,
          "mean_navigation_scores": 3167.8125,
          "mean_candidates_reranked": 318.6875,
          "peak_candidates": 0,
          "peak_temp_bytes": 0,
          "estimated_vector_page_reads": 0,
          "estimated_payload_page_reads": 0,
          "estimated_graph_page_reads": 0,
          "mean_bq_posting_lookup_ms": 0.0,
          "mean_bq_node_mapping_ms": 0.0,
          "mean_bq_heap_scan_ms": 0.0,
          "mean_bq_output_sort_ms": 0.0,
          "bq_slot_cache_hits": 0,
          "bq_slot_cache_misses": 0,
          "mean_bq_mapped_candidates": 0.0,
          "mean_adaptive_ef_search": 0.0,
          "mean_vector_density_skew_ppm": 0.0,
          "selected_access_path": "AnnPostFilter",
          "property_path_cost": 0,
          "graph_path_cost": 0,
          "filtered_ann_path_cost": 0,
          "resident_heap_bytes": 53200116,
          "mapped_bytes": 26758086,
          "wal_bytes_delta": 0,
          "sidecar_bytes_delta": 0,
          "checkpoint_bytes_delta": 0,
          "temporary_spill_bytes_delta": 0
        },
        {
          "method": "tsng",
          "ef_search": 256,
          "metadata_bonus_cap_ppm": 100000,
          "signal_queue_quota_ppm": 0,
          "graph_seed_limit": 256,
          "p50_ms": 0.7624,
          "p95_ms": 0.9608000000000001,
          "p99_ms": 1.006,
          "mean_recall_at_10": 0.659375,
          "mean_ndcg_at_10": 0.7401676315642487,
          "mean_result_count": 10.0,
          "mean_navigation_scores": 2407.78125,
          "mean_candidates_reranked": 256.0,
          "peak_candidates": 0,
          "peak_temp_bytes": 0,
          "estimated_vector_page_reads": 0,
          "estimated_payload_page_reads": 0,
          "estimated_graph_page_reads": 0,
          "mean_bq_posting_lookup_ms": 0.0,
          "mean_bq_node_mapping_ms": 0.0,
          "mean_bq_heap_scan_ms": 0.0,
          "mean_bq_output_sort_ms": 0.0,
          "bq_slot_cache_hits": 0,
          "bq_slot_cache_misses": 0,
          "mean_bq_mapped_candidates": 0.0,
          "mean_adaptive_ef_search": 0.0,
          "mean_vector_density_skew_ppm": 0.0,
          "selected_access_path": "AnnPostFilter",
          "property_path_cost": 0,
          "graph_path_cost": 0,
          "filtered_ann_path_cost": 0,
          "resident_heap_bytes": 53200116,
          "mapped_bytes": 26758086,
          "wal_bytes_delta": 0,
          "sidecar_bytes_delta": 0,
          "checkpoint_bytes_delta": 0,
          "temporary_spill_bytes_delta": 0
        },
        {
          "method": "graph_union",
          "ef_search": 256,
          "metadata_bonus_cap_ppm": 100000,
          "signal_queue_quota_ppm": 0,
          "graph_seed_limit": 256,
          "p50_ms": 0.3989,
          "p95_ms": 0.5086999999999999,
          "p99_ms": 0.5172,
          "mean_recall_at_10": 0.6843750000000002,
          "mean_ndcg_at_10": 0.9170308700877017,
          "mean_result_count": 9.96875,
          "mean_navigation_scores": 3167.8125,
          "mean_candidates_reranked": 407.96875,
          "peak_candidates": 0,
          "peak_temp_bytes": 0,
          "estimated_vector_page_reads": 0,
          "estimated_payload_page_reads": 0,
          "estimated_graph_page_reads": 0,
          "mean_bq_posting_lookup_ms": 0.0,
          "mean_bq_node_mapping_ms": 0.0,
          "mean_bq_heap_scan_ms": 0.0,
          "mean_bq_output_sort_ms": 0.0,
          "bq_slot_cache_hits": 0,
          "bq_slot_cache_misses": 0,
          "mean_bq_mapped_candidates": 0.0,
          "mean_adaptive_ef_search": 0.0,
          "mean_vector_density_skew_ppm": 0.0,
          "selected_access_path": "AnnPostFilter",
          "property_path_cost": 0,
          "graph_path_cost": 0,
          "filtered_ann_path_cost": 0,
          "resident_heap_bytes": 53200116,
          "mapped_bytes": 26758086,
          "wal_bytes_delta": 0,
          "sidecar_bytes_delta": 0,
          "checkpoint_bytes_delta": 0,
          "temporary_spill_bytes_delta": 0
        },
        {
          "method": "tsng",
          "ef_search": 256,
          "metadata_bonus_cap_ppm": 100000,
          "signal_queue_quota_ppm": 100000,
          "graph_seed_limit": 0,
          "p50_ms": 0.7119,
          "p95_ms": 1.4621,
          "p99_ms": 1.4955999999999998,
          "mean_recall_at_10": 0.16874999999999998,
          "mean_ndcg_at_10": 0.18796432664791507,
          "mean_result_count": 8.65625,
          "mean_navigation_scores": 3434.3125,
          "mean_candidates_reranked": 256.0,
          "peak_candidates": 0,
          "peak_temp_bytes": 0,
          "estimated_vector_page_reads": 0,
          "estimated_payload_page_reads": 0,
          "estimated_graph_page_reads": 0,
          "mean_bq_posting_lookup_ms": 0.0,
          "mean_bq_node_mapping_ms": 0.0,
          "mean_bq_heap_scan_ms": 0.0,
          "mean_bq_output_sort_ms": 0.0,
          "bq_slot_cache_hits": 0,
          "bq_slot_cache_misses": 0,
          "mean_bq_mapped_candidates": 0.0,
          "mean_adaptive_ef_search": 0.0,
          "mean_vector_density_skew_ppm": 0.0,
          "selected_access_path": "AnnPostFilter",
          "property_path_cost": 0,
          "graph_path_cost": 0,
          "filtered_ann_path_cost": 0,
          "resident_heap_bytes": 53200116,
          "mapped_bytes": 26758086,
          "wal_bytes_delta": 0,
          "sidecar_bytes_delta": 0,
          "checkpoint_bytes_delta": 0,
          "temporary_spill_bytes_delta": 0
        },
        {
          "method": "tsng",
          "ef_search": 256,
          "metadata_bonus_cap_ppm": 100000,
          "signal_queue_quota_ppm": 100000,
          "graph_seed_limit": 16,
          "p50_ms": 0.7293,
          "p95_ms": 0.8398,
          "p99_ms": 0.8631,
          "mean_recall_at_10": 0.659375,
          "mean_ndcg_at_10": 0.7401676315642487,
          "mean_result_count": 10.0,
          "mean_navigation_scores": 2370.3125,
          "mean_candidates_reranked": 256.0,
          "peak_candidates": 0,
          "peak_temp_bytes": 0,
          "estimated_vector_page_reads": 0,
          "estimated_payload_page_reads": 0,
          "estimated_graph_page_reads": 0,
          "mean_bq_posting_lookup_ms": 0.0,
          "mean_bq_node_mapping_ms": 0.0,
          "mean_bq_heap_scan_ms": 0.0,
          "mean_bq_output_sort_ms": 0.0,
          "bq_slot_cache_hits": 0,
          "bq_slot_cache_misses": 0,
          "mean_bq_mapped_candidates": 0.0,
          "mean_adaptive_ef_search": 0.0,
          "mean_vector_density_skew_ppm": 0.0,
          "selected_access_path": "AnnPostFilter",
          "property_path_cost": 0,
          "graph_path_cost": 0,
          "filtered_ann_path_cost": 0,
          "resident_heap_bytes": 53200116,
          "mapped_bytes": 26758086,
          "wal_bytes_delta": 0,
          "sidecar_bytes_delta": 0,
          "checkpoint_bytes_delta": 0,
          "temporary_spill_bytes_delta": 0
        },
        {
          "method": "tsng",
          "ef_search": 256,
          "metadata_bonus_cap_ppm": 100000,
          "signal_queue_quota_ppm": 100000,
          "graph_seed_limit": 64,
          "p50_ms": 0.7395,
          "p95_ms": 0.8783000000000001,
          "p99_ms": 0.8939,
          "mean_recall_at_10": 0.659375,
          "mean_ndcg_at_10": 0.7401676315642487,
          "mean_result_count": 10.0,
          "mean_navigation_scores": 2381.84375,
          "mean_candidates_reranked": 256.0,
          "peak_candidates": 0,
          "peak_temp_bytes": 0,
          "estimated_vector_page_reads": 0,
          "estimated_payload_page_reads": 0,
          "estimated_graph_page_reads": 0,
          "mean_bq_posting_lookup_ms": 0.0,
          "mean_bq_node_mapping_ms": 0.0,
          "mean_bq_heap_scan_ms": 0.0,
          "mean_bq_output_sort_ms": 0.0,
          "bq_slot_cache_hits": 0,
          "bq_slot_cache_misses": 0,
          "mean_bq_mapped_candidates": 0.0,
          "mean_adaptive_ef_search": 0.0,
          "mean_vector_density_skew_ppm": 0.0,
          "selected_access_path": "AnnPostFilter",
          "property_path_cost": 0,
          "graph_path_cost": 0,
          "filtered_ann_path_cost": 0,
          "resident_heap_bytes": 53200116,
          "mapped_bytes": 26758086,
          "wal_bytes_delta": 0,
          "sidecar_bytes_delta": 0,
          "checkpoint_bytes_delta": 0,
          "temporary_spill_bytes_delta": 0
        },
        {
          "method": "tsng",
          "ef_search": 256,
          "metadata_bonus_cap_ppm": 100000,
          "signal_queue_quota_ppm": 100000,
          "graph_seed_limit": 256,
          "p50_ms": 0.7419,
          "p95_ms": 0.8409,
          "p99_ms": 0.8626,
          "mean_recall_at_10": 0.659375,
          "mean_ndcg_at_10": 0.7401676315642487,
          "mean_result_count": 10.0,
          "mean_navigation_scores": 2407.78125,
          "mean_candidates_reranked": 256.0,
          "peak_candidates": 0,
          "peak_temp_bytes": 0,
          "estimated_vector_page_reads": 0,
          "estimated_payload_page_reads": 0,
          "estimated_graph_page_reads": 0,
          "mean_bq_posting_lookup_ms": 0.0,
          "mean_bq_node_mapping_ms": 0.0,
          "mean_bq_heap_scan_ms": 0.0,
          "mean_bq_output_sort_ms": 0.0,
          "bq_slot_cache_hits": 0,
          "bq_slot_cache_misses": 0,
          "mean_bq_mapped_candidates": 0.0,
          "mean_adaptive_ef_search": 0.0,
          "mean_vector_density_skew_ppm": 0.0,
          "selected_access_path": "AnnPostFilter",
          "property_path_cost": 0,
          "graph_path_cost": 0,
          "filtered_ann_path_cost": 0,
          "resident_heap_bytes": 53200116,
          "mapped_bytes": 26758086,
          "wal_bytes_delta": 0,
          "sidecar_bytes_delta": 0,
          "checkpoint_bytes_delta": 0,
          "temporary_spill_bytes_delta": 0
        },
        {
          "method": "tsng",
          "ef_search": 256,
          "metadata_bonus_cap_ppm": 100000,
          "signal_queue_quota_ppm": 200000,
          "graph_seed_limit": 0,
          "p50_ms": 0.6878,
          "p95_ms": 1.3428,
          "p99_ms": 1.4925,
          "mean_recall_at_10": 0.16874999999999998,
          "mean_ndcg_at_10": 0.18796432664791507,
          "mean_result_count": 8.65625,
          "mean_navigation_scores": 3434.3125,
          "mean_candidates_reranked": 256.0,
          "peak_candidates": 0,
          "peak_temp_bytes": 0,
          "estimated_vector_page_reads": 0,
          "estimated_payload_page_reads": 0,
          "estimated_graph_page_reads": 0,
          "mean_bq_posting_lookup_ms": 0.0,
          "mean_bq_node_mapping_ms": 0.0,
          "mean_bq_heap_scan_ms": 0.0,
          "mean_bq_output_sort_ms": 0.0,
          "bq_slot_cache_hits": 0,
          "bq_slot_cache_misses": 0,
          "mean_bq_mapped_candidates": 0.0,
          "mean_adaptive_ef_search": 0.0,
          "mean_vector_density_skew_ppm": 0.0,
          "selected_access_path": "AnnPostFilter",
          "property_path_cost": 0,
          "graph_path_cost": 0,
          "filtered_ann_path_cost": 0,
          "resident_heap_bytes": 53200116,
          "mapped_bytes": 26758086,
          "wal_bytes_delta": 0,
          "sidecar_bytes_delta": 0,
          "checkpoint_bytes_delta": 0,
          "temporary_spill_bytes_delta": 0
        },
        {
          "method": "tsng",
          "ef_search": 256,
          "metadata_bonus_cap_ppm": 100000,
          "signal_queue_quota_ppm": 200000,
          "graph_seed_limit": 16,
          "p50_ms": 0.6959,
          "p95_ms": 0.8482000000000001,
          "p99_ms": 0.8515,
          "mean_recall_at_10": 0.659375,
          "mean_ndcg_at_10": 0.7401676315642487,
          "mean_result_count": 10.0,
          "mean_navigation_scores": 2370.3125,
          "mean_candidates_reranked": 256.0,
          "peak_candidates": 0,
          "peak_temp_bytes": 0,
          "estimated_vector_page_reads": 0,
          "estimated_payload_page_reads": 0,
          "estimated_graph_page_reads": 0,
          "mean_bq_posting_lookup_ms": 0.0,
          "mean_bq_node_mapping_ms": 0.0,
          "mean_bq_heap_scan_ms": 0.0,
          "mean_bq_output_sort_ms": 0.0,
          "bq_slot_cache_hits": 0,
          "bq_slot_cache_misses": 0,
          "mean_bq_mapped_candidates": 0.0,
          "mean_adaptive_ef_search": 0.0,
          "mean_vector_density_skew_ppm": 0.0,
          "selected_access_path": "AnnPostFilter",
          "property_path_cost": 0,
          "graph_path_cost": 0,
          "filtered_ann_path_cost": 0,
          "resident_heap_bytes": 53200116,
          "mapped_bytes": 26758086,
          "wal_bytes_delta": 0,
          "sidecar_bytes_delta": 0,
          "checkpoint_bytes_delta": 0,
          "temporary_spill_bytes_delta": 0
        },
        {
          "method": "tsng",
          "ef_search": 256,
          "metadata_bonus_cap_ppm": 100000,
          "signal_queue_quota_ppm": 200000,
          "graph_seed_limit": 64,
          "p50_ms": 0.6823,
          "p95_ms": 0.8788999999999999,
          "p99_ms": 0.8855999999999999,
          "mean_recall_at_10": 0.659375,
          "mean_ndcg_at_10": 0.7401676315642487,
          "mean_result_count": 10.0,
          "mean_navigation_scores": 2381.84375,
          "mean_candidates_reranked": 256.0,
          "peak_candidates": 0,
          "peak_temp_bytes": 0,
          "estimated_vector_page_reads": 0,
          "estimated_payload_page_reads": 0,
          "estimated_graph_page_reads": 0,
          "mean_bq_posting_lookup_ms": 0.0,
          "mean_bq_node_mapping_ms": 0.0,
          "mean_bq_heap_scan_ms": 0.0,
          "mean_bq_output_sort_ms": 0.0,
          "bq_slot_cache_hits": 0,
          "bq_slot_cache_misses": 0,
          "mean_bq_mapped_candidates": 0.0,
          "mean_adaptive_ef_search": 0.0,
          "mean_vector_density_skew_ppm": 0.0,
          "selected_access_path": "AnnPostFilter",
          "property_path_cost": 0,
          "graph_path_cost": 0,
          "filtered_ann_path_cost": 0,
          "resident_heap_bytes": 53200116,
          "mapped_bytes": 26758086,
          "wal_bytes_delta": 0,
          "sidecar_bytes_delta": 0,
          "checkpoint_bytes_delta": 0,
          "temporary_spill_bytes_delta": 0
        },
        {
          "method": "tsng",
          "ef_search": 256,
          "metadata_bonus_cap_ppm": 100000,
          "signal_queue_quota_ppm": 200000,
          "graph_seed_limit": 256,
          "p50_ms": 0.7258,
          "p95_ms": 0.8595999999999999,
          "p99_ms": 0.9201,
          "mean_recall_at_10": 0.659375,
          "mean_ndcg_at_10": 0.7401676315642487,
          "mean_result_count": 10.0,
          "mean_navigation_scores": 2407.78125,
          "mean_candidates_reranked": 256.0,
          "peak_candidates": 0,
          "peak_temp_bytes": 0,
          "estimated_vector_page_reads": 0,
          "estimated_payload_page_reads": 0,
          "estimated_graph_page_reads": 0,
          "mean_bq_posting_lookup_ms": 0.0,
          "mean_bq_node_mapping_ms": 0.0,
          "mean_bq_heap_scan_ms": 0.0,
          "mean_bq_output_sort_ms": 0.0,
          "bq_slot_cache_hits": 0,
          "bq_slot_cache_misses": 0,
          "mean_bq_mapped_candidates": 0.0,
          "mean_adaptive_ef_search": 0.0,
          "mean_vector_density_skew_ppm": 0.0,
          "selected_access_path": "AnnPostFilter",
          "property_path_cost": 0,
          "graph_path_cost": 0,
          "filtered_ann_path_cost": 0,
          "resident_heap_bytes": 53200116,
          "mapped_bytes": 26758086,
          "wal_bytes_delta": 0,
          "sidecar_bytes_delta": 0,
          "checkpoint_bytes_delta": 0,
          "temporary_spill_bytes_delta": 0
        },
        {
          "method": "tsng",
          "ef_search": 256,
          "metadata_bonus_cap_ppm": 100000,
          "signal_queue_quota_ppm": 250000,
          "graph_seed_limit": 0,
          "p50_ms": 0.6385,
          "p95_ms": 1.3538000000000001,
          "p99_ms": 1.4069,
          "mean_recall_at_10": 0.16874999999999998,
          "mean_ndcg_at_10": 0.18796432664791507,
          "mean_result_count": 8.65625,
          "mean_navigation_scores": 3434.3125,
          "mean_candidates_reranked": 256.0,
          "peak_candidates": 0,
          "peak_temp_bytes": 0,
          "estimated_vector_page_reads": 0,
          "estimated_payload_page_reads": 0,
          "estimated_graph_page_reads": 0,
          "mean_bq_posting_lookup_ms": 0.0,
          "mean_bq_node_mapping_ms": 0.0,
          "mean_bq_heap_scan_ms": 0.0,
          "mean_bq_output_sort_ms": 0.0,
          "bq_slot_cache_hits": 0,
          "bq_slot_cache_misses": 0,
          "mean_bq_mapped_candidates": 0.0,
          "mean_adaptive_ef_search": 0.0,
          "mean_vector_density_skew_ppm": 0.0,
          "selected_access_path": "AnnPostFilter",
          "property_path_cost": 0,
          "graph_path_cost": 0,
          "filtered_ann_path_cost": 0,
          "resident_heap_bytes": 53200116,
          "mapped_bytes": 26758086,
          "wal_bytes_delta": 0,
          "sidecar_bytes_delta": 0,
          "checkpoint_bytes_delta": 0,
          "temporary_spill_bytes_delta": 0
        },
        {
          "method": "tsng",
          "ef_search": 256,
          "metadata_bonus_cap_ppm": 100000,
          "signal_queue_quota_ppm": 250000,
          "graph_seed_limit": 16,
          "p50_ms": 0.7409,
          "p95_ms": 0.8878,
          "p99_ms": 1.2785,
          "mean_recall_at_10": 0.659375,
          "mean_ndcg_at_10": 0.7401676315642487,
          "mean_result_count": 10.0,
          "mean_navigation_scores": 2370.3125,
          "mean_candidates_reranked": 256.0,
          "peak_candidates": 0,
          "peak_temp_bytes": 0,
          "estimated_vector_page_reads": 0,
          "estimated_payload_page_reads": 0,
          "estimated_graph_page_reads": 0,
          "mean_bq_posting_lookup_ms": 0.0,
          "mean_bq_node_mapping_ms": 0.0,
          "mean_bq_heap_scan_ms": 0.0,
          "mean_bq_output_sort_ms": 0.0,
          "bq_slot_cache_hits": 0,
          "bq_slot_cache_misses": 0,
          "mean_bq_mapped_candidates": 0.0,
          "mean_adaptive_ef_search": 0.0,
          "mean_vector_density_skew_ppm": 0.0,
          "selected_access_path": "AnnPostFilter",
          "property_path_cost": 0,
          "graph_path_cost": 0,
          "filtered_ann_path_cost": 0,
          "resident_heap_bytes": 53200116,
          "mapped_bytes": 26758086,
          "wal_bytes_delta": 0,
          "sidecar_bytes_delta": 0,
          "checkpoint_bytes_delta": 0,
          "temporary_spill_bytes_delta": 0
        },
        {
          "method": "tsng",
          "ef_search": 256,
          "metadata_bonus_cap_ppm": 100000,
          "signal_queue_quota_ppm": 250000,
          "graph_seed_limit": 64,
          "p50_ms": 0.7221000000000001,
          "p95_ms": 0.8019000000000001,
          "p99_ms": 0.8355,
          "mean_recall_at_10": 0.659375,
          "mean_ndcg_at_10": 0.7401676315642487,
          "mean_result_count": 10.0,
          "mean_navigation_scores": 2381.84375,
          "mean_candidates_reranked": 256.0,
          "peak_candidates": 0,
          "peak_temp_bytes": 0,
          "estimated_vector_page_reads": 0,
          "estimated_payload_page_reads": 0,
          "estimated_graph_page_reads": 0,
          "mean_bq_posting_lookup_ms": 0.0,
          "mean_bq_node_mapping_ms": 0.0,
          "mean_bq_heap_scan_ms": 0.0,
          "mean_bq_output_sort_ms": 0.0,
          "bq_slot_cache_hits": 0,
          "bq_slot_cache_misses": 0,
          "mean_bq_mapped_candidates": 0.0,
          "mean_adaptive_ef_search": 0.0,
          "mean_vector_density_skew_ppm": 0.0,
          "selected_access_path": "AnnPostFilter",
          "property_path_cost": 0,
          "graph_path_cost": 0,
          "filtered_ann_path_cost": 0,
          "resident_heap_bytes": 53200116,
          "mapped_bytes": 26758086,
          "wal_bytes_delta": 0,
          "sidecar_bytes_delta": 0,
          "checkpoint_bytes_delta": 0,
          "temporary_spill_bytes_delta": 0
        },
        {
          "method": "tsng",
          "ef_search": 256,
          "metadata_bonus_cap_ppm": 100000,
          "signal_queue_quota_ppm": 250000,
          "graph_seed_limit": 256,
          "p50_ms": 0.7524,
          "p95_ms": 0.9628,
          "p99_ms": 1.1698,
          "mean_recall_at_10": 0.659375,
          "mean_ndcg_at_10": 0.7401676315642487,
          "mean_result_count": 10.0,
          "mean_navigation_scores": 2407.78125,
          "mean_candidates_reranked": 256.0,
          "peak_candidates": 0,
          "peak_temp_bytes": 0,
          "estimated_vector_page_reads": 0,
          "estimated_payload_page_reads": 0,
          "estimated_graph_page_reads": 0,
          "mean_bq_posting_lookup_ms": 0.0,
          "mean_bq_node_mapping_ms": 0.0,
          "mean_bq_heap_scan_ms": 0.0,
          "mean_bq_output_sort_ms": 0.0,
          "bq_slot_cache_hits": 0,
          "bq_slot_cache_misses": 0,
          "mean_bq_mapped_candidates": 0.0,
          "mean_adaptive_ef_search": 0.0,
          "mean_vector_density_skew_ppm": 0.0,
          "selected_access_path": "AnnPostFilter",
          "property_path_cost": 0,
          "graph_path_cost": 0,
          "filtered_ann_path_cost": 0,
          "resident_heap_bytes": 53200116,
          "mapped_bytes": 26758086,
          "wal_bytes_delta": 0,
          "sidecar_bytes_delta": 0,
          "checkpoint_bytes_delta": 0,
          "temporary_spill_bytes_delta": 0
        },
        {
          "method": "tsng",
          "ef_search": 256,
          "metadata_bonus_cap_ppm": 100000,
          "signal_queue_quota_ppm": 330000,
          "graph_seed_limit": 0,
          "p50_ms": 0.6868,
          "p95_ms": 1.4018,
          "p99_ms": 1.5231999999999999,
          "mean_recall_at_10": 0.16874999999999998,
          "mean_ndcg_at_10": 0.18796432664791507,
          "mean_result_count": 8.65625,
          "mean_navigation_scores": 3434.3125,
          "mean_candidates_reranked": 256.0,
          "peak_candidates": 0,
          "peak_temp_bytes": 0,
          "estimated_vector_page_reads": 0,
          "estimated_payload_page_reads": 0,
          "estimated_graph_page_reads": 0,
          "mean_bq_posting_lookup_ms": 0.0,
          "mean_bq_node_mapping_ms": 0.0,
          "mean_bq_heap_scan_ms": 0.0,
          "mean_bq_output_sort_ms": 0.0,
          "bq_slot_cache_hits": 0,
          "bq_slot_cache_misses": 0,
          "mean_bq_mapped_candidates": 0.0,
          "mean_adaptive_ef_search": 0.0,
          "mean_vector_density_skew_ppm": 0.0,
          "selected_access_path": "AnnPostFilter",
          "property_path_cost": 0,
          "graph_path_cost": 0,
          "filtered_ann_path_cost": 0,
          "resident_heap_bytes": 53200116,
          "mapped_bytes": 26758086,
          "wal_bytes_delta": 0,
          "sidecar_bytes_delta": 0,
          "checkpoint_bytes_delta": 0,
          "temporary_spill_bytes_delta": 0
        },
        {
          "method": "tsng",
          "ef_search": 256,
          "metadata_bonus_cap_ppm": 100000,
          "signal_queue_quota_ppm": 330000,
          "graph_seed_limit": 16,
          "p50_ms": 0.7222,
          "p95_ms": 0.8463,
          "p99_ms": 0.8828,
          "mean_recall_at_10": 0.659375,
          "mean_ndcg_at_10": 0.7401676315642487,
          "mean_result_count": 10.0,
          "mean_navigation_scores": 2370.3125,
          "mean_candidates_reranked": 256.0,
          "peak_candidates": 0,
          "peak_temp_bytes": 0,
          "estimated_vector_page_reads": 0,
          "estimated_payload_page_reads": 0,
          "estimated_graph_page_reads": 0,
          "mean_bq_posting_lookup_ms": 0.0,
          "mean_bq_node_mapping_ms": 0.0,
          "mean_bq_heap_scan_ms": 0.0,
          "mean_bq_output_sort_ms": 0.0,
          "bq_slot_cache_hits": 0,
          "bq_slot_cache_misses": 0,
          "mean_bq_mapped_candidates": 0.0,
          "mean_adaptive_ef_search": 0.0,
          "mean_vector_density_skew_ppm": 0.0,
          "selected_access_path": "AnnPostFilter",
          "property_path_cost": 0,
          "graph_path_cost": 0,
          "filtered_ann_path_cost": 0,
          "resident_heap_bytes": 53200116,
          "mapped_bytes": 26758086,
          "wal_bytes_delta": 0,
          "sidecar_bytes_delta": 0,
          "checkpoint_bytes_delta": 0,
          "temporary_spill_bytes_delta": 0
        },
        {
          "method": "tsng",
          "ef_search": 256,
          "metadata_bonus_cap_ppm": 100000,
          "signal_queue_quota_ppm": 330000,
          "graph_seed_limit": 64,
          "p50_ms": 0.6935,
          "p95_ms": 0.7787000000000001,
          "p99_ms": 0.8533,
          "mean_recall_at_10": 0.659375,
          "mean_ndcg_at_10": 0.7401676315642487,
          "mean_result_count": 10.0,
          "mean_navigation_scores": 2381.84375,
          "mean_candidates_reranked": 256.0,
          "peak_candidates": 0,
          "peak_temp_bytes": 0,
          "estimated_vector_page_reads": 0,
          "estimated_payload_page_reads": 0,
          "estimated_graph_page_reads": 0,
          "mean_bq_posting_lookup_ms": 0.0,
          "mean_bq_node_mapping_ms": 0.0,
          "mean_bq_heap_scan_ms": 0.0,
          "mean_bq_output_sort_ms": 0.0,
          "bq_slot_cache_hits": 0,
          "bq_slot_cache_misses": 0,
          "mean_bq_mapped_candidates": 0.0,
          "mean_adaptive_ef_search": 0.0,
          "mean_vector_density_skew_ppm": 0.0,
          "selected_access_path": "AnnPostFilter",
          "property_path_cost": 0,
          "graph_path_cost": 0,
          "filtered_ann_path_cost": 0,
          "resident_heap_bytes": 53200116,
          "mapped_bytes": 26758086,
          "wal_bytes_delta": 0,
          "sidecar_bytes_delta": 0,
          "checkpoint_bytes_delta": 0,
          "temporary_spill_bytes_delta": 0
        },
        {
          "method": "tsng",
          "ef_search": 256,
          "metadata_bonus_cap_ppm": 100000,
          "signal_queue_quota_ppm": 330000,
          "graph_seed_limit": 256,
          "p50_ms": 0.718,
          "p95_ms": 0.9936999999999999,
          "p99_ms": 1.0333,
          "mean_recall_at_10": 0.659375,
          "mean_ndcg_at_10": 0.7401676315642487,
          "mean_result_count": 10.0,
          "mean_navigation_scores": 2407.78125,
          "mean_candidates_reranked": 256.0,
          "peak_candidates": 0,
          "peak_temp_bytes": 0,
          "estimated_vector_page_reads": 0,
          "estimated_payload_page_reads": 0,
          "estimated_graph_page_reads": 0,
          "mean_bq_posting_lookup_ms": 0.0,
          "mean_bq_node_mapping_ms": 0.0,
          "mean_bq_heap_scan_ms": 0.0,
          "mean_bq_output_sort_ms": 0.0,
          "bq_slot_cache_hits": 0,
          "bq_slot_cache_misses": 0,
          "mean_bq_mapped_candidates": 0.0,
          "mean_adaptive_ef_search": 0.0,
          "mean_vector_density_skew_ppm": 0.0,
          "selected_access_path": "AnnPostFilter",
          "property_path_cost": 0,
          "graph_path_cost": 0,
          "filtered_ann_path_cost": 0,
          "resident_heap_bytes": 53200116,
          "mapped_bytes": 26758086,
          "wal_bytes_delta": 0,
          "sidecar_bytes_delta": 0,
          "checkpoint_bytes_delta": 0,
          "temporary_spill_bytes_delta": 0
        },
        {
          "method": "tsng",
          "ef_search": 256,
          "metadata_bonus_cap_ppm": 100000,
          "signal_queue_quota_ppm": 500000,
          "graph_seed_limit": 0,
          "p50_ms": 0.6974,
          "p95_ms": 1.5701,
          "p99_ms": 1.6794,
          "mean_recall_at_10": 0.16874999999999998,
          "mean_ndcg_at_10": 0.18796432664791507,
          "mean_result_count": 8.65625,
          "mean_navigation_scores": 3434.3125,
          "mean_candidates_reranked": 256.0,
          "peak_candidates": 0,
          "peak_temp_bytes": 0,
          "estimated_vector_page_reads": 0,
          "estimated_payload_page_reads": 0,
          "estimated_graph_page_reads": 0,
          "mean_bq_posting_lookup_ms": 0.0,
          "mean_bq_node_mapping_ms": 0.0,
          "mean_bq_heap_scan_ms": 0.0,
          "mean_bq_output_sort_ms": 0.0,
          "bq_slot_cache_hits": 0,
          "bq_slot_cache_misses": 0,
          "mean_bq_mapped_candidates": 0.0,
          "mean_adaptive_ef_search": 0.0,
          "mean_vector_density_skew_ppm": 0.0,
          "selected_access_path": "AnnPostFilter",
          "property_path_cost": 0,
          "graph_path_cost": 0,
          "filtered_ann_path_cost": 0,
          "resident_heap_bytes": 53200116,
          "mapped_bytes": 26758086,
          "wal_bytes_delta": 0,
          "sidecar_bytes_delta": 0,
          "checkpoint_bytes_delta": 0,
          "temporary_spill_bytes_delta": 0
        },
        {
          "method": "tsng",
          "ef_search": 256,
          "metadata_bonus_cap_ppm": 100000,
          "signal_queue_quota_ppm": 500000,
          "graph_seed_limit": 16,
          "p50_ms": 0.7159,
          "p95_ms": 0.8106,
          "p99_ms": 0.8631,
          "mean_recall_at_10": 0.659375,
          "mean_ndcg_at_10": 0.7401676315642487,
          "mean_result_count": 10.0,
          "mean_navigation_scores": 2370.3125,
          "mean_candidates_reranked": 256.0,
          "peak_candidates": 0,
          "peak_temp_bytes": 0,
          "estimated_vector_page_reads": 0,
          "estimated_payload_page_reads": 0,
          "estimated_graph_page_reads": 0,
          "mean_bq_posting_lookup_ms": 0.0,
          "mean_bq_node_mapping_ms": 0.0,
          "mean_bq_heap_scan_ms": 0.0,
          "mean_bq_output_sort_ms": 0.0,
          "bq_slot_cache_hits": 0,
          "bq_slot_cache_misses": 0,
          "mean_bq_mapped_candidates": 0.0,
          "mean_adaptive_ef_search": 0.0,
          "mean_vector_density_skew_ppm": 0.0,
          "selected_access_path": "AnnPostFilter",
          "property_path_cost": 0,
          "graph_path_cost": 0,
          "filtered_ann_path_cost": 0,
          "resident_heap_bytes": 53200116,
          "mapped_bytes": 26758086,
          "wal_bytes_delta": 0,
          "sidecar_bytes_delta": 0,
          "checkpoint_bytes_delta": 0,
          "temporary_spill_bytes_delta": 0
        },
        {
          "method": "tsng",
          "ef_search": 256,
          "metadata_bonus_cap_ppm": 100000,
          "signal_queue_quota_ppm": 500000,
          "graph_seed_limit": 64,
          "p50_ms": 0.7196,
          "p95_ms": 0.9803999999999999,
          "p99_ms": 1.0735000000000001,
          "mean_recall_at_10": 0.659375,
          "mean_ndcg_at_10": 0.7401676315642487,
          "mean_result_count": 10.0,
          "mean_navigation_scores": 2381.84375,
          "mean_candidates_reranked": 256.0,
          "peak_candidates": 0,
          "peak_temp_bytes": 0,
          "estimated_vector_page_reads": 0,
          "estimated_payload_page_reads": 0,
          "estimated_graph_page_reads": 0,
          "mean_bq_posting_lookup_ms": 0.0,
          "mean_bq_node_mapping_ms": 0.0,
          "mean_bq_heap_scan_ms": 0.0,
          "mean_bq_output_sort_ms": 0.0,
          "bq_slot_cache_hits": 0,
          "bq_slot_cache_misses": 0,
          "mean_bq_mapped_candidates": 0.0,
          "mean_adaptive_ef_search": 0.0,
          "mean_vector_density_skew_ppm": 0.0,
          "selected_access_path": "AnnPostFilter",
          "property_path_cost": 0,
          "graph_path_cost": 0,
          "filtered_ann_path_cost": 0,
          "resident_heap_bytes": 53200116,
          "mapped_bytes": 26758086,
          "wal_bytes_delta": 0,
          "sidecar_bytes_delta": 0,
          "checkpoint_bytes_delta": 0,
          "temporary_spill_bytes_delta": 0
        },
        {
          "method": "tsng",
          "ef_search": 256,
          "metadata_bonus_cap_ppm": 100000,
          "signal_queue_quota_ppm": 500000,
          "graph_seed_limit": 256,
          "p50_ms": 0.7427,
          "p95_ms": 0.876,
          "p99_ms": 0.8785000000000001,
          "mean_recall_at_10": 0.659375,
          "mean_ndcg_at_10": 0.7401676315642487,
          "mean_result_count": 10.0,
          "mean_navigation_scores": 2407.78125,
          "mean_candidates_reranked": 256.0,
          "peak_candidates": 0,
          "peak_temp_bytes": 0,
          "estimated_vector_page_reads": 0,
          "estimated_payload_page_reads": 0,
          "estimated_graph_page_reads": 0,
          "mean_bq_posting_lookup_ms": 0.0,
          "mean_bq_node_mapping_ms": 0.0,
          "mean_bq_heap_scan_ms": 0.0,
          "mean_bq_output_sort_ms": 0.0,
          "bq_slot_cache_hits": 0,
          "bq_slot_cache_misses": 0,
          "mean_bq_mapped_candidates": 0.0,
          "mean_adaptive_ef_search": 0.0,
          "mean_vector_density_skew_ppm": 0.0,
          "selected_access_path": "AnnPostFilter",
          "property_path_cost": 0,
          "graph_path_cost": 0,
          "filtered_ann_path_cost": 0,
          "resident_heap_bytes": 53200116,
          "mapped_bytes": 26758086,
          "wal_bytes_delta": 0,
          "sidecar_bytes_delta": 0,
          "checkpoint_bytes_delta": 0,
          "temporary_spill_bytes_delta": 0
        },
        {
          "method": "industrial_fixed",
          "ef_search": 512,
          "metadata_bonus_cap_ppm": 0,
          "signal_queue_quota_ppm": 0,
          "graph_seed_limit": 0,
          "p50_ms": 0.4423,
          "p95_ms": 0.6916,
          "p99_ms": 0.7184,
          "mean_recall_at_10": 0.7500000000000001,
          "mean_ndcg_at_10": 0.9338658558616415,
          "mean_result_count": 10.0,
          "mean_navigation_scores": 4608.625,
          "mean_candidates_reranked": 194.96875,
          "peak_candidates": 235,
          "peak_temp_bytes": 3760,
          "estimated_vector_page_reads": 407,
          "estimated_payload_page_reads": 6239,
          "estimated_graph_page_reads": 32,
          "mean_bq_posting_lookup_ms": 0.0,
          "mean_bq_node_mapping_ms": 0.0,
          "mean_bq_heap_scan_ms": 0.0,
          "mean_bq_output_sort_ms": 0.0,
          "bq_slot_cache_hits": 0,
          "bq_slot_cache_misses": 0,
          "mean_bq_mapped_candidates": 0.0,
          "mean_adaptive_ef_search": 512.0,
          "mean_vector_density_skew_ppm": 996968.0,
          "selected_access_path": "GraphVectorUnion",
          "property_path_cost": 41600,
          "graph_path_cost": 10944,
          "filtered_ann_path_cost": 55958,
          "resident_heap_bytes": 53200116,
          "mapped_bytes": 26758086,
          "wal_bytes_delta": 0,
          "sidecar_bytes_delta": 0,
          "checkpoint_bytes_delta": 0,
          "temporary_spill_bytes_delta": 0
        },
        {
          "method": "industrial_selectivity",
          "ef_search": 512,
          "metadata_bonus_cap_ppm": 0,
          "signal_queue_quota_ppm": 0,
          "graph_seed_limit": 0,
          "p50_ms": 0.4819,
          "p95_ms": 0.7602000000000001,
          "p99_ms": 0.8855999999999999,
          "mean_recall_at_10": 0.7500000000000001,
          "mean_ndcg_at_10": 0.9338658558616415,
          "mean_result_count": 10.0,
          "mean_navigation_scores": 4608.625,
          "mean_candidates_reranked": 194.96875,
          "peak_candidates": 235,
          "peak_temp_bytes": 3760,
          "estimated_vector_page_reads": 407,
          "estimated_payload_page_reads": 6239,
          "estimated_graph_page_reads": 32,
          "mean_bq_posting_lookup_ms": 0.0,
          "mean_bq_node_mapping_ms": 0.0,
          "mean_bq_heap_scan_ms": 0.0,
          "mean_bq_output_sort_ms": 0.0,
          "bq_slot_cache_hits": 0,
          "bq_slot_cache_misses": 0,
          "mean_bq_mapped_candidates": 0.0,
          "mean_adaptive_ef_search": 512.0,
          "mean_vector_density_skew_ppm": 996968.0,
          "selected_access_path": "GraphVectorUnion",
          "property_path_cost": 41600,
          "graph_path_cost": 10944,
          "filtered_ann_path_cost": 55958,
          "resident_heap_bytes": 53200116,
          "mapped_bytes": 26758086,
          "wal_bytes_delta": 0,
          "sidecar_bytes_delta": 0,
          "checkpoint_bytes_delta": 0,
          "temporary_spill_bytes_delta": 0
        },
        {
          "method": "industrial_density",
          "ef_search": 512,
          "metadata_bonus_cap_ppm": 0,
          "signal_queue_quota_ppm": 0,
          "graph_seed_limit": 0,
          "p50_ms": 0.4214,
          "p95_ms": 0.6238,
          "p99_ms": 0.6449,
          "mean_recall_at_10": 0.7500000000000001,
          "mean_ndcg_at_10": 0.9338658558616415,
          "mean_result_count": 10.0,
          "mean_navigation_scores": 4608.625,
          "mean_candidates_reranked": 194.96875,
          "peak_candidates": 235,
          "peak_temp_bytes": 3760,
          "estimated_vector_page_reads": 407,
          "estimated_payload_page_reads": 6239,
          "estimated_graph_page_reads": 32,
          "mean_bq_posting_lookup_ms": 0.0,
          "mean_bq_node_mapping_ms": 0.0,
          "mean_bq_heap_scan_ms": 0.0,
          "mean_bq_output_sort_ms": 0.0,
          "bq_slot_cache_hits": 0,
          "bq_slot_cache_misses": 0,
          "mean_bq_mapped_candidates": 0.0,
          "mean_adaptive_ef_search": 512.0,
          "mean_vector_density_skew_ppm": 996968.0,
          "selected_access_path": "GraphVectorUnion",
          "property_path_cost": 41600,
          "graph_path_cost": 10944,
          "filtered_ann_path_cost": 55958,
          "resident_heap_bytes": 53200116,
          "mapped_bytes": 26758086,
          "wal_bytes_delta": 0,
          "sidecar_bytes_delta": 0,
          "checkpoint_bytes_delta": 0,
          "temporary_spill_bytes_delta": 0
        },
        {
          "method": "post_filter",
          "ef_search": 512,
          "metadata_bonus_cap_ppm": 0,
          "signal_queue_quota_ppm": 0,
          "graph_seed_limit": 0,
          "p50_ms": 0.5303,
          "p95_ms": 0.8513999999999999,
          "p99_ms": 0.8720000000000001,
          "mean_recall_at_10": 0.27812499999999996,
          "mean_ndcg_at_10": 0.3022241859065668,
          "mean_result_count": 10.0,
          "mean_navigation_scores": 4608.625,
          "mean_candidates_reranked": 512.0,
          "peak_candidates": 0,
          "peak_temp_bytes": 0,
          "estimated_vector_page_reads": 0,
          "estimated_payload_page_reads": 0,
          "estimated_graph_page_reads": 0,
          "mean_bq_posting_lookup_ms": 0.0,
          "mean_bq_node_mapping_ms": 0.0,
          "mean_bq_heap_scan_ms": 0.0,
          "mean_bq_output_sort_ms": 0.0,
          "bq_slot_cache_hits": 0,
          "bq_slot_cache_misses": 0,
          "mean_bq_mapped_candidates": 0.0,
          "mean_adaptive_ef_search": 0.0,
          "mean_vector_density_skew_ppm": 0.0,
          "selected_access_path": "AnnPostFilter",
          "property_path_cost": 0,
          "graph_path_cost": 0,
          "filtered_ann_path_cost": 0,
          "resident_heap_bytes": 53200116,
          "mapped_bytes": 26758086,
          "wal_bytes_delta": 0,
          "sidecar_bytes_delta": 0,
          "checkpoint_bytes_delta": 0,
          "temporary_spill_bytes_delta": 0
        },
        {
          "method": "tsng",
          "ef_search": 512,
          "metadata_bonus_cap_ppm": 100000,
          "signal_queue_quota_ppm": 0,
          "graph_seed_limit": 0,
          "p50_ms": 0.9155,
          "p95_ms": 1.5196999999999998,
          "p99_ms": 1.7958,
          "mean_recall_at_10": 0.27812499999999996,
          "mean_ndcg_at_10": 0.3022241859065668,
          "mean_result_count": 10.0,
          "mean_navigation_scores": 4608.625,
          "mean_candidates_reranked": 512.0,
          "peak_candidates": 0,
          "peak_temp_bytes": 0,
          "estimated_vector_page_reads": 0,
          "estimated_payload_page_reads": 0,
          "estimated_graph_page_reads": 0,
          "mean_bq_posting_lookup_ms": 0.0,
          "mean_bq_node_mapping_ms": 0.0,
          "mean_bq_heap_scan_ms": 0.0,
          "mean_bq_output_sort_ms": 0.0,
          "bq_slot_cache_hits": 0,
          "bq_slot_cache_misses": 0,
          "mean_bq_mapped_candidates": 0.0,
          "mean_adaptive_ef_search": 0.0,
          "mean_vector_density_skew_ppm": 0.0,
          "selected_access_path": "AnnPostFilter",
          "property_path_cost": 0,
          "graph_path_cost": 0,
          "filtered_ann_path_cost": 0,
          "resident_heap_bytes": 53200116,
          "mapped_bytes": 26758086,
          "wal_bytes_delta": 0,
          "sidecar_bytes_delta": 0,
          "checkpoint_bytes_delta": 0,
          "temporary_spill_bytes_delta": 0
        },
        {
          "method": "tsng",
          "ef_search": 512,
          "metadata_bonus_cap_ppm": 100000,
          "signal_queue_quota_ppm": 0,
          "graph_seed_limit": 16,
          "p50_ms": 1.0736,
          "p95_ms": 1.3518000000000001,
          "p99_ms": 1.6105,
          "mean_recall_at_10": 0.734375,
          "mean_ndcg_at_10": 0.7984120253601507,
          "mean_result_count": 10.0,
          "mean_navigation_scores": 2774.9375,
          "mean_candidates_reranked": 512.0,
          "peak_candidates": 0,
          "peak_temp_bytes": 0,
          "estimated_vector_page_reads": 0,
          "estimated_payload_page_reads": 0,
          "estimated_graph_page_reads": 0,
          "mean_bq_posting_lookup_ms": 0.0,
          "mean_bq_node_mapping_ms": 0.0,
          "mean_bq_heap_scan_ms": 0.0,
          "mean_bq_output_sort_ms": 0.0,
          "bq_slot_cache_hits": 0,
          "bq_slot_cache_misses": 0,
          "mean_bq_mapped_candidates": 0.0,
          "mean_adaptive_ef_search": 0.0,
          "mean_vector_density_skew_ppm": 0.0,
          "selected_access_path": "AnnPostFilter",
          "property_path_cost": 0,
          "graph_path_cost": 0,
          "filtered_ann_path_cost": 0,
          "resident_heap_bytes": 53200116,
          "mapped_bytes": 26758086,
          "wal_bytes_delta": 0,
          "sidecar_bytes_delta": 0,
          "checkpoint_bytes_delta": 0,
          "temporary_spill_bytes_delta": 0
        },
        {
          "method": "graph_union",
          "ef_search": 512,
          "metadata_bonus_cap_ppm": 100000,
          "signal_queue_quota_ppm": 0,
          "graph_seed_limit": 16,
          "p50_ms": 0.5567000000000001,
          "p95_ms": 0.8149000000000001,
          "p99_ms": 0.8196,
          "mean_recall_at_10": 0.42187499999999983,
          "mean_ndcg_at_10": 0.6143848667689361,
          "mean_result_count": 10.0,
          "mean_navigation_scores": 4608.625,
          "mean_candidates_reranked": 526.53125,
          "peak_candidates": 0,
          "peak_temp_bytes": 0,
          "estimated_vector_page_reads": 0,
          "estimated_payload_page_reads": 0,
          "estimated_graph_page_reads": 0,
          "mean_bq_posting_lookup_ms": 0.0,
          "mean_bq_node_mapping_ms": 0.0,
          "mean_bq_heap_scan_ms": 0.0,
          "mean_bq_output_sort_ms": 0.0,
          "bq_slot_cache_hits": 0,
          "bq_slot_cache_misses": 0,
          "mean_bq_mapped_candidates": 0.0,
          "mean_adaptive_ef_search": 0.0,
          "mean_vector_density_skew_ppm": 0.0,
          "selected_access_path": "AnnPostFilter",
          "property_path_cost": 0,
          "graph_path_cost": 0,
          "filtered_ann_path_cost": 0,
          "resident_heap_bytes": 53200116,
          "mapped_bytes": 26758086,
          "wal_bytes_delta": 0,
          "sidecar_bytes_delta": 0,
          "checkpoint_bytes_delta": 0,
          "temporary_spill_bytes_delta": 0
        },
        {
          "method": "tsng",
          "ef_search": 512,
          "metadata_bonus_cap_ppm": 100000,
          "signal_queue_quota_ppm": 0,
          "graph_seed_limit": 64,
          "p50_ms": 1.085,
          "p95_ms": 1.3037999999999998,
          "p99_ms": 1.3271,
          "mean_recall_at_10": 0.734375,
          "mean_ndcg_at_10": 0.7984120253601507,
          "mean_result_count": 10.0,
          "mean_navigation_scores": 2780.53125,
          "mean_candidates_reranked": 512.0,
          "peak_candidates": 0,
          "peak_temp_bytes": 0,
          "estimated_vector_page_reads": 0,
          "estimated_payload_page_reads": 0,
          "estimated_graph_page_reads": 0,
          "mean_bq_posting_lookup_ms": 0.0,
          "mean_bq_node_mapping_ms": 0.0,
          "mean_bq_heap_scan_ms": 0.0,
          "mean_bq_output_sort_ms": 0.0,
          "bq_slot_cache_hits": 0,
          "bq_slot_cache_misses": 0,
          "mean_bq_mapped_candidates": 0.0,
          "mean_adaptive_ef_search": 0.0,
          "mean_vector_density_skew_ppm": 0.0,
          "selected_access_path": "AnnPostFilter",
          "property_path_cost": 0,
          "graph_path_cost": 0,
          "filtered_ann_path_cost": 0,
          "resident_heap_bytes": 53200116,
          "mapped_bytes": 26758086,
          "wal_bytes_delta": 0,
          "sidecar_bytes_delta": 0,
          "checkpoint_bytes_delta": 0,
          "temporary_spill_bytes_delta": 0
        },
        {
          "method": "graph_union",
          "ef_search": 512,
          "metadata_bonus_cap_ppm": 100000,
          "signal_queue_quota_ppm": 0,
          "graph_seed_limit": 64,
          "p50_ms": 0.6077,
          "p95_ms": 0.9342,
          "p99_ms": 0.9911,
          "mean_recall_at_10": 0.5843750000000001,
          "mean_ndcg_at_10": 0.7826545066054145,
          "mean_result_count": 10.0,
          "mean_navigation_scores": 4608.625,
          "mean_candidates_reranked": 572.09375,
          "peak_candidates": 0,
          "peak_temp_bytes": 0,
          "estimated_vector_page_reads": 0,
          "estimated_payload_page_reads": 0,
          "estimated_graph_page_reads": 0,
          "mean_bq_posting_lookup_ms": 0.0,
          "mean_bq_node_mapping_ms": 0.0,
          "mean_bq_heap_scan_ms": 0.0,
          "mean_bq_output_sort_ms": 0.0,
          "bq_slot_cache_hits": 0,
          "bq_slot_cache_misses": 0,
          "mean_bq_mapped_candidates": 0.0,
          "mean_adaptive_ef_search": 0.0,
          "mean_vector_density_skew_ppm": 0.0,
          "selected_access_path": "AnnPostFilter",
          "property_path_cost": 0,
          "graph_path_cost": 0,
          "filtered_ann_path_cost": 0,
          "resident_heap_bytes": 53200116,
          "mapped_bytes": 26758086,
          "wal_bytes_delta": 0,
          "sidecar_bytes_delta": 0,
          "checkpoint_bytes_delta": 0,
          "temporary_spill_bytes_delta": 0
        },
        {
          "method": "tsng",
          "ef_search": 512,
          "metadata_bonus_cap_ppm": 100000,
          "signal_queue_quota_ppm": 0,
          "graph_seed_limit": 256,
          "p50_ms": 1.1020999999999999,
          "p95_ms": 1.4178000000000002,
          "p99_ms": 1.4183,
          "mean_recall_at_10": 0.734375,
          "mean_ndcg_at_10": 0.7984120253601507,
          "mean_result_count": 10.0,
          "mean_navigation_scores": 2795.0,
          "mean_candidates_reranked": 512.0,
          "peak_candidates": 0,
          "peak_temp_bytes": 0,
          "estimated_vector_page_reads": 0,
          "estimated_payload_page_reads": 0,
          "estimated_graph_page_reads": 0,
          "mean_bq_posting_lookup_ms": 0.0,
          "mean_bq_node_mapping_ms": 0.0,
          "mean_bq_heap_scan_ms": 0.0,
          "mean_bq_output_sort_ms": 0.0,
          "bq_slot_cache_hits": 0,
          "bq_slot_cache_misses": 0,
          "mean_bq_mapped_candidates": 0.0,
          "mean_adaptive_ef_search": 0.0,
          "mean_vector_density_skew_ppm": 0.0,
          "selected_access_path": "AnnPostFilter",
          "property_path_cost": 0,
          "graph_path_cost": 0,
          "filtered_ann_path_cost": 0,
          "resident_heap_bytes": 53200116,
          "mapped_bytes": 26758086,
          "wal_bytes_delta": 0,
          "sidecar_bytes_delta": 0,
          "checkpoint_bytes_delta": 0,
          "temporary_spill_bytes_delta": 0
        },
        {
          "method": "graph_union",
          "ef_search": 512,
          "metadata_bonus_cap_ppm": 100000,
          "signal_queue_quota_ppm": 0,
          "graph_seed_limit": 256,
          "p50_ms": 0.6454,
          "p95_ms": 0.8749,
          "p99_ms": 0.8811,
          "mean_recall_at_10": 0.7500000000000001,
          "mean_ndcg_at_10": 0.9338658558616415,
          "mean_result_count": 10.0,
          "mean_navigation_scores": 4608.625,
          "mean_candidates_reranked": 658.03125,
          "peak_candidates": 0,
          "peak_temp_bytes": 0,
          "estimated_vector_page_reads": 0,
          "estimated_payload_page_reads": 0,
          "estimated_graph_page_reads": 0,
          "mean_bq_posting_lookup_ms": 0.0,
          "mean_bq_node_mapping_ms": 0.0,
          "mean_bq_heap_scan_ms": 0.0,
          "mean_bq_output_sort_ms": 0.0,
          "bq_slot_cache_hits": 0,
          "bq_slot_cache_misses": 0,
          "mean_bq_mapped_candidates": 0.0,
          "mean_adaptive_ef_search": 0.0,
          "mean_vector_density_skew_ppm": 0.0,
          "selected_access_path": "AnnPostFilter",
          "property_path_cost": 0,
          "graph_path_cost": 0,
          "filtered_ann_path_cost": 0,
          "resident_heap_bytes": 53200116,
          "mapped_bytes": 26758086,
          "wal_bytes_delta": 0,
          "sidecar_bytes_delta": 0,
          "checkpoint_bytes_delta": 0,
          "temporary_spill_bytes_delta": 0
        },
        {
          "method": "tsng",
          "ef_search": 512,
          "metadata_bonus_cap_ppm": 100000,
          "signal_queue_quota_ppm": 100000,
          "graph_seed_limit": 0,
          "p50_ms": 1.4881,
          "p95_ms": 2.6182000000000003,
          "p99_ms": 2.7308,
          "mean_recall_at_10": 0.3625,
          "mean_ndcg_at_10": 0.3959993423904167,
          "mean_result_count": 10.0,
          "mean_navigation_scores": 5169.0625,
          "mean_candidates_reranked": 512.0,
          "peak_candidates": 0,
          "peak_temp_bytes": 0,
          "estimated_vector_page_reads": 0,
          "estimated_payload_page_reads": 0,
          "estimated_graph_page_reads": 0,
          "mean_bq_posting_lookup_ms": 0.0,
          "mean_bq_node_mapping_ms": 0.0,
          "mean_bq_heap_scan_ms": 0.0,
          "mean_bq_output_sort_ms": 0.0,
          "bq_slot_cache_hits": 0,
          "bq_slot_cache_misses": 0,
          "mean_bq_mapped_candidates": 0.0,
          "mean_adaptive_ef_search": 0.0,
          "mean_vector_density_skew_ppm": 0.0,
          "selected_access_path": "AnnPostFilter",
          "property_path_cost": 0,
          "graph_path_cost": 0,
          "filtered_ann_path_cost": 0,
          "resident_heap_bytes": 53200116,
          "mapped_bytes": 26758086,
          "wal_bytes_delta": 0,
          "sidecar_bytes_delta": 0,
          "checkpoint_bytes_delta": 0,
          "temporary_spill_bytes_delta": 0
        },
        {
          "method": "tsng",
          "ef_search": 512,
          "metadata_bonus_cap_ppm": 100000,
          "signal_queue_quota_ppm": 100000,
          "graph_seed_limit": 16,
          "p50_ms": 1.035,
          "p95_ms": 1.1805999999999999,
          "p99_ms": 1.1827999999999999,
          "mean_recall_at_10": 0.734375,
          "mean_ndcg_at_10": 0.7984120253601507,
          "mean_result_count": 10.0,
          "mean_navigation_scores": 2774.9375,
          "mean_candidates_reranked": 512.0,
          "peak_candidates": 0,
          "peak_temp_bytes": 0,
          "estimated_vector_page_reads": 0,
          "estimated_payload_page_reads": 0,
          "estimated_graph_page_reads": 0,
          "mean_bq_posting_lookup_ms": 0.0,
          "mean_bq_node_mapping_ms": 0.0,
          "mean_bq_heap_scan_ms": 0.0,
          "mean_bq_output_sort_ms": 0.0,
          "bq_slot_cache_hits": 0,
          "bq_slot_cache_misses": 0,
          "mean_bq_mapped_candidates": 0.0,
          "mean_adaptive_ef_search": 0.0,
          "mean_vector_density_skew_ppm": 0.0,
          "selected_access_path": "AnnPostFilter",
          "property_path_cost": 0,
          "graph_path_cost": 0,
          "filtered_ann_path_cost": 0,
          "resident_heap_bytes": 53200116,
          "mapped_bytes": 26758086,
          "wal_bytes_delta": 0,
          "sidecar_bytes_delta": 0,
          "checkpoint_bytes_delta": 0,
          "temporary_spill_bytes_delta": 0
        },
        {
          "method": "tsng",
          "ef_search": 512,
          "metadata_bonus_cap_ppm": 100000,
          "signal_queue_quota_ppm": 100000,
          "graph_seed_limit": 64,
          "p50_ms": 1.0502,
          "p95_ms": 1.3297,
          "p99_ms": 1.3353,
          "mean_recall_at_10": 0.734375,
          "mean_ndcg_at_10": 0.7984120253601507,
          "mean_result_count": 10.0,
          "mean_navigation_scores": 2780.53125,
          "mean_candidates_reranked": 512.0,
          "peak_candidates": 0,
          "peak_temp_bytes": 0,
          "estimated_vector_page_reads": 0,
          "estimated_payload_page_reads": 0,
          "estimated_graph_page_reads": 0,
          "mean_bq_posting_lookup_ms": 0.0,
          "mean_bq_node_mapping_ms": 0.0,
          "mean_bq_heap_scan_ms": 0.0,
          "mean_bq_output_sort_ms": 0.0,
          "bq_slot_cache_hits": 0,
          "bq_slot_cache_misses": 0,
          "mean_bq_mapped_candidates": 0.0,
          "mean_adaptive_ef_search": 0.0,
          "mean_vector_density_skew_ppm": 0.0,
          "selected_access_path": "AnnPostFilter",
          "property_path_cost": 0,
          "graph_path_cost": 0,
          "filtered_ann_path_cost": 0,
          "resident_heap_bytes": 53200116,
          "mapped_bytes": 26758086,
          "wal_bytes_delta": 0,
          "sidecar_bytes_delta": 0,
          "checkpoint_bytes_delta": 0,
          "temporary_spill_bytes_delta": 0
        },
        {
          "method": "tsng",
          "ef_search": 512,
          "metadata_bonus_cap_ppm": 100000,
          "signal_queue_quota_ppm": 100000,
          "graph_seed_limit": 256,
          "p50_ms": 1.0523,
          "p95_ms": 1.1322,
          "p99_ms": 1.1948,
          "mean_recall_at_10": 0.734375,
          "mean_ndcg_at_10": 0.7984120253601507,
          "mean_result_count": 10.0,
          "mean_navigation_scores": 2795.0,
          "mean_candidates_reranked": 512.0,
          "peak_candidates": 0,
          "peak_temp_bytes": 0,
          "estimated_vector_page_reads": 0,
          "estimated_payload_page_reads": 0,
          "estimated_graph_page_reads": 0,
          "mean_bq_posting_lookup_ms": 0.0,
          "mean_bq_node_mapping_ms": 0.0,
          "mean_bq_heap_scan_ms": 0.0,
          "mean_bq_output_sort_ms": 0.0,
          "bq_slot_cache_hits": 0,
          "bq_slot_cache_misses": 0,
          "mean_bq_mapped_candidates": 0.0,
          "mean_adaptive_ef_search": 0.0,
          "mean_vector_density_skew_ppm": 0.0,
          "selected_access_path": "AnnPostFilter",
          "property_path_cost": 0,
          "graph_path_cost": 0,
          "filtered_ann_path_cost": 0,
          "resident_heap_bytes": 53200116,
          "mapped_bytes": 26758086,
          "wal_bytes_delta": 0,
          "sidecar_bytes_delta": 0,
          "checkpoint_bytes_delta": 0,
          "temporary_spill_bytes_delta": 0
        },
        {
          "method": "tsng",
          "ef_search": 512,
          "metadata_bonus_cap_ppm": 100000,
          "signal_queue_quota_ppm": 200000,
          "graph_seed_limit": 0,
          "p50_ms": 1.4117000000000002,
          "p95_ms": 2.5742,
          "p99_ms": 2.8428,
          "mean_recall_at_10": 0.3625,
          "mean_ndcg_at_10": 0.3959993423904167,
          "mean_result_count": 10.0,
          "mean_navigation_scores": 5169.0625,
          "mean_candidates_reranked": 512.0,
          "peak_candidates": 0,
          "peak_temp_bytes": 0,
          "estimated_vector_page_reads": 0,
          "estimated_payload_page_reads": 0,
          "estimated_graph_page_reads": 0,
          "mean_bq_posting_lookup_ms": 0.0,
          "mean_bq_node_mapping_ms": 0.0,
          "mean_bq_heap_scan_ms": 0.0,
          "mean_bq_output_sort_ms": 0.0,
          "bq_slot_cache_hits": 0,
          "bq_slot_cache_misses": 0,
          "mean_bq_mapped_candidates": 0.0,
          "mean_adaptive_ef_search": 0.0,
          "mean_vector_density_skew_ppm": 0.0,
          "selected_access_path": "AnnPostFilter",
          "property_path_cost": 0,
          "graph_path_cost": 0,
          "filtered_ann_path_cost": 0,
          "resident_heap_bytes": 53200116,
          "mapped_bytes": 26758086,
          "wal_bytes_delta": 0,
          "sidecar_bytes_delta": 0,
          "checkpoint_bytes_delta": 0,
          "temporary_spill_bytes_delta": 0
        },
        {
          "method": "tsng",
          "ef_search": 512,
          "metadata_bonus_cap_ppm": 100000,
          "signal_queue_quota_ppm": 200000,
          "graph_seed_limit": 16,
          "p50_ms": 1.0277,
          "p95_ms": 1.1653,
          "p99_ms": 1.178,
          "mean_recall_at_10": 0.734375,
          "mean_ndcg_at_10": 0.7984120253601507,
          "mean_result_count": 10.0,
          "mean_navigation_scores": 2774.9375,
          "mean_candidates_reranked": 512.0,
          "peak_candidates": 0,
          "peak_temp_bytes": 0,
          "estimated_vector_page_reads": 0,
          "estimated_payload_page_reads": 0,
          "estimated_graph_page_reads": 0,
          "mean_bq_posting_lookup_ms": 0.0,
          "mean_bq_node_mapping_ms": 0.0,
          "mean_bq_heap_scan_ms": 0.0,
          "mean_bq_output_sort_ms": 0.0,
          "bq_slot_cache_hits": 0,
          "bq_slot_cache_misses": 0,
          "mean_bq_mapped_candidates": 0.0,
          "mean_adaptive_ef_search": 0.0,
          "mean_vector_density_skew_ppm": 0.0,
          "selected_access_path": "AnnPostFilter",
          "property_path_cost": 0,
          "graph_path_cost": 0,
          "filtered_ann_path_cost": 0,
          "resident_heap_bytes": 53200116,
          "mapped_bytes": 26758086,
          "wal_bytes_delta": 0,
          "sidecar_bytes_delta": 0,
          "checkpoint_bytes_delta": 0,
          "temporary_spill_bytes_delta": 0
        },
        {
          "method": "tsng",
          "ef_search": 512,
          "metadata_bonus_cap_ppm": 100000,
          "signal_queue_quota_ppm": 200000,
          "graph_seed_limit": 64,
          "p50_ms": 1.0768,
          "p95_ms": 1.2130999999999998,
          "p99_ms": 1.4133,
          "mean_recall_at_10": 0.734375,
          "mean_ndcg_at_10": 0.7984120253601507,
          "mean_result_count": 10.0,
          "mean_navigation_scores": 2780.53125,
          "mean_candidates_reranked": 512.0,
          "peak_candidates": 0,
          "peak_temp_bytes": 0,
          "estimated_vector_page_reads": 0,
          "estimated_payload_page_reads": 0,
          "estimated_graph_page_reads": 0,
          "mean_bq_posting_lookup_ms": 0.0,
          "mean_bq_node_mapping_ms": 0.0,
          "mean_bq_heap_scan_ms": 0.0,
          "mean_bq_output_sort_ms": 0.0,
          "bq_slot_cache_hits": 0,
          "bq_slot_cache_misses": 0,
          "mean_bq_mapped_candidates": 0.0,
          "mean_adaptive_ef_search": 0.0,
          "mean_vector_density_skew_ppm": 0.0,
          "selected_access_path": "AnnPostFilter",
          "property_path_cost": 0,
          "graph_path_cost": 0,
          "filtered_ann_path_cost": 0,
          "resident_heap_bytes": 53200116,
          "mapped_bytes": 26758086,
          "wal_bytes_delta": 0,
          "sidecar_bytes_delta": 0,
          "checkpoint_bytes_delta": 0,
          "temporary_spill_bytes_delta": 0
        },
        {
          "method": "tsng",
          "ef_search": 512,
          "metadata_bonus_cap_ppm": 100000,
          "signal_queue_quota_ppm": 200000,
          "graph_seed_limit": 256,
          "p50_ms": 1.0977000000000001,
          "p95_ms": 1.5338,
          "p99_ms": 1.5809000000000002,
          "mean_recall_at_10": 0.734375,
          "mean_ndcg_at_10": 0.7984120253601507,
          "mean_result_count": 10.0,
          "mean_navigation_scores": 2795.0,
          "mean_candidates_reranked": 512.0,
          "peak_candidates": 0,
          "peak_temp_bytes": 0,
          "estimated_vector_page_reads": 0,
          "estimated_payload_page_reads": 0,
          "estimated_graph_page_reads": 0,
          "mean_bq_posting_lookup_ms": 0.0,
          "mean_bq_node_mapping_ms": 0.0,
          "mean_bq_heap_scan_ms": 0.0,
          "mean_bq_output_sort_ms": 0.0,
          "bq_slot_cache_hits": 0,
          "bq_slot_cache_misses": 0,
          "mean_bq_mapped_candidates": 0.0,
          "mean_adaptive_ef_search": 0.0,
          "mean_vector_density_skew_ppm": 0.0,
          "selected_access_path": "AnnPostFilter",
          "property_path_cost": 0,
          "graph_path_cost": 0,
          "filtered_ann_path_cost": 0,
          "resident_heap_bytes": 53200116,
          "mapped_bytes": 26758086,
          "wal_bytes_delta": 0,
          "sidecar_bytes_delta": 0,
          "checkpoint_bytes_delta": 0,
          "temporary_spill_bytes_delta": 0
        },
        {
          "method": "tsng",
          "ef_search": 512,
          "metadata_bonus_cap_ppm": 100000,
          "signal_queue_quota_ppm": 250000,
          "graph_seed_limit": 0,
          "p50_ms": 1.3894,
          "p95_ms": 2.7079999999999997,
          "p99_ms": 2.7433,
          "mean_recall_at_10": 0.3625,
          "mean_ndcg_at_10": 0.3959993423904167,
          "mean_result_count": 10.0,
          "mean_navigation_scores": 5169.0625,
          "mean_candidates_reranked": 512.0,
          "peak_candidates": 0,
          "peak_temp_bytes": 0,
          "estimated_vector_page_reads": 0,
          "estimated_payload_page_reads": 0,
          "estimated_graph_page_reads": 0,
          "mean_bq_posting_lookup_ms": 0.0,
          "mean_bq_node_mapping_ms": 0.0,
          "mean_bq_heap_scan_ms": 0.0,
          "mean_bq_output_sort_ms": 0.0,
          "bq_slot_cache_hits": 0,
          "bq_slot_cache_misses": 0,
          "mean_bq_mapped_candidates": 0.0,
          "mean_adaptive_ef_search": 0.0,
          "mean_vector_density_skew_ppm": 0.0,
          "selected_access_path": "AnnPostFilter",
          "property_path_cost": 0,
          "graph_path_cost": 0,
          "filtered_ann_path_cost": 0,
          "resident_heap_bytes": 53200116,
          "mapped_bytes": 26758086,
          "wal_bytes_delta": 0,
          "sidecar_bytes_delta": 0,
          "checkpoint_bytes_delta": 0,
          "temporary_spill_bytes_delta": 0
        },
        {
          "method": "tsng",
          "ef_search": 512,
          "metadata_bonus_cap_ppm": 100000,
          "signal_queue_quota_ppm": 250000,
          "graph_seed_limit": 16,
          "p50_ms": 1.0434,
          "p95_ms": 1.1095,
          "p99_ms": 1.1245999999999998,
          "mean_recall_at_10": 0.734375,
          "mean_ndcg_at_10": 0.7984120253601507,
          "mean_result_count": 10.0,
          "mean_navigation_scores": 2774.9375,
          "mean_candidates_reranked": 512.0,
          "peak_candidates": 0,
          "peak_temp_bytes": 0,
          "estimated_vector_page_reads": 0,
          "estimated_payload_page_reads": 0,
          "estimated_graph_page_reads": 0,
          "mean_bq_posting_lookup_ms": 0.0,
          "mean_bq_node_mapping_ms": 0.0,
          "mean_bq_heap_scan_ms": 0.0,
          "mean_bq_output_sort_ms": 0.0,
          "bq_slot_cache_hits": 0,
          "bq_slot_cache_misses": 0,
          "mean_bq_mapped_candidates": 0.0,
          "mean_adaptive_ef_search": 0.0,
          "mean_vector_density_skew_ppm": 0.0,
          "selected_access_path": "AnnPostFilter",
          "property_path_cost": 0,
          "graph_path_cost": 0,
          "filtered_ann_path_cost": 0,
          "resident_heap_bytes": 53200116,
          "mapped_bytes": 26758086,
          "wal_bytes_delta": 0,
          "sidecar_bytes_delta": 0,
          "checkpoint_bytes_delta": 0,
          "temporary_spill_bytes_delta": 0
        },
        {
          "method": "tsng",
          "ef_search": 512,
          "metadata_bonus_cap_ppm": 100000,
          "signal_queue_quota_ppm": 250000,
          "graph_seed_limit": 64,
          "p50_ms": 1.0426,
          "p95_ms": 1.3738000000000001,
          "p99_ms": 1.3841999999999999,
          "mean_recall_at_10": 0.734375,
          "mean_ndcg_at_10": 0.7984120253601507,
          "mean_result_count": 10.0,
          "mean_navigation_scores": 2780.53125,
          "mean_candidates_reranked": 512.0,
          "peak_candidates": 0,
          "peak_temp_bytes": 0,
          "estimated_vector_page_reads": 0,
          "estimated_payload_page_reads": 0,
          "estimated_graph_page_reads": 0,
          "mean_bq_posting_lookup_ms": 0.0,
          "mean_bq_node_mapping_ms": 0.0,
          "mean_bq_heap_scan_ms": 0.0,
          "mean_bq_output_sort_ms": 0.0,
          "bq_slot_cache_hits": 0,
          "bq_slot_cache_misses": 0,
          "mean_bq_mapped_candidates": 0.0,
          "mean_adaptive_ef_search": 0.0,
          "mean_vector_density_skew_ppm": 0.0,
          "selected_access_path": "AnnPostFilter",
          "property_path_cost": 0,
          "graph_path_cost": 0,
          "filtered_ann_path_cost": 0,
          "resident_heap_bytes": 53200116,
          "mapped_bytes": 26758086,
          "wal_bytes_delta": 0,
          "sidecar_bytes_delta": 0,
          "checkpoint_bytes_delta": 0,
          "temporary_spill_bytes_delta": 0
        },
        {
          "method": "tsng",
          "ef_search": 512,
          "metadata_bonus_cap_ppm": 100000,
          "signal_queue_quota_ppm": 250000,
          "graph_seed_limit": 256,
          "p50_ms": 1.0776,
          "p95_ms": 1.2848,
          "p99_ms": 1.3883999999999999,
          "mean_recall_at_10": 0.734375,
          "mean_ndcg_at_10": 0.7984120253601507,
          "mean_result_count": 10.0,
          "mean_navigation_scores": 2795.0,
          "mean_candidates_reranked": 512.0,
          "peak_candidates": 0,
          "peak_temp_bytes": 0,
          "estimated_vector_page_reads": 0,
          "estimated_payload_page_reads": 0,
          "estimated_graph_page_reads": 0,
          "mean_bq_posting_lookup_ms": 0.0,
          "mean_bq_node_mapping_ms": 0.0,
          "mean_bq_heap_scan_ms": 0.0,
          "mean_bq_output_sort_ms": 0.0,
          "bq_slot_cache_hits": 0,
          "bq_slot_cache_misses": 0,
          "mean_bq_mapped_candidates": 0.0,
          "mean_adaptive_ef_search": 0.0,
          "mean_vector_density_skew_ppm": 0.0,
          "selected_access_path": "AnnPostFilter",
          "property_path_cost": 0,
          "graph_path_cost": 0,
          "filtered_ann_path_cost": 0,
          "resident_heap_bytes": 53200116,
          "mapped_bytes": 26758086,
          "wal_bytes_delta": 0,
          "sidecar_bytes_delta": 0,
          "checkpoint_bytes_delta": 0,
          "temporary_spill_bytes_delta": 0
        },
        {
          "method": "tsng",
          "ef_search": 512,
          "metadata_bonus_cap_ppm": 100000,
          "signal_queue_quota_ppm": 330000,
          "graph_seed_limit": 0,
          "p50_ms": 1.4022999999999999,
          "p95_ms": 2.6332999999999998,
          "p99_ms": 2.7551,
          "mean_recall_at_10": 0.3625,
          "mean_ndcg_at_10": 0.3959993423904167,
          "mean_result_count": 10.0,
          "mean_navigation_scores": 5169.0625,
          "mean_candidates_reranked": 512.0,
          "peak_candidates": 0,
          "peak_temp_bytes": 0,
          "estimated_vector_page_reads": 0,
          "estimated_payload_page_reads": 0,
          "estimated_graph_page_reads": 0,
          "mean_bq_posting_lookup_ms": 0.0,
          "mean_bq_node_mapping_ms": 0.0,
          "mean_bq_heap_scan_ms": 0.0,
          "mean_bq_output_sort_ms": 0.0,
          "bq_slot_cache_hits": 0,
          "bq_slot_cache_misses": 0,
          "mean_bq_mapped_candidates": 0.0,
          "mean_adaptive_ef_search": 0.0,
          "mean_vector_density_skew_ppm": 0.0,
          "selected_access_path": "AnnPostFilter",
          "property_path_cost": 0,
          "graph_path_cost": 0,
          "filtered_ann_path_cost": 0,
          "resident_heap_bytes": 53200116,
          "mapped_bytes": 26758086,
          "wal_bytes_delta": 0,
          "sidecar_bytes_delta": 0,
          "checkpoint_bytes_delta": 0,
          "temporary_spill_bytes_delta": 0
        },
        {
          "method": "tsng",
          "ef_search": 512,
          "metadata_bonus_cap_ppm": 100000,
          "signal_queue_quota_ppm": 330000,
          "graph_seed_limit": 16,
          "p50_ms": 1.0287,
          "p95_ms": 1.1620000000000001,
          "p99_ms": 1.1694,
          "mean_recall_at_10": 0.734375,
          "mean_ndcg_at_10": 0.7984120253601507,
          "mean_result_count": 10.0,
          "mean_navigation_scores": 2774.9375,
          "mean_candidates_reranked": 512.0,
          "peak_candidates": 0,
          "peak_temp_bytes": 0,
          "estimated_vector_page_reads": 0,
          "estimated_payload_page_reads": 0,
          "estimated_graph_page_reads": 0,
          "mean_bq_posting_lookup_ms": 0.0,
          "mean_bq_node_mapping_ms": 0.0,
          "mean_bq_heap_scan_ms": 0.0,
          "mean_bq_output_sort_ms": 0.0,
          "bq_slot_cache_hits": 0,
          "bq_slot_cache_misses": 0,
          "mean_bq_mapped_candidates": 0.0,
          "mean_adaptive_ef_search": 0.0,
          "mean_vector_density_skew_ppm": 0.0,
          "selected_access_path": "AnnPostFilter",
          "property_path_cost": 0,
          "graph_path_cost": 0,
          "filtered_ann_path_cost": 0,
          "resident_heap_bytes": 53200116,
          "mapped_bytes": 26758086,
          "wal_bytes_delta": 0,
          "sidecar_bytes_delta": 0,
          "checkpoint_bytes_delta": 0,
          "temporary_spill_bytes_delta": 0
        },
        {
          "method": "tsng",
          "ef_search": 512,
          "metadata_bonus_cap_ppm": 100000,
          "signal_queue_quota_ppm": 330000,
          "graph_seed_limit": 64,
          "p50_ms": 1.0607,
          "p95_ms": 1.2708000000000002,
          "p99_ms": 1.3209,
          "mean_recall_at_10": 0.734375,
          "mean_ndcg_at_10": 0.7984120253601507,
          "mean_result_count": 10.0,
          "mean_navigation_scores": 2780.53125,
          "mean_candidates_reranked": 512.0,
          "peak_candidates": 0,
          "peak_temp_bytes": 0,
          "estimated_vector_page_reads": 0,
          "estimated_payload_page_reads": 0,
          "estimated_graph_page_reads": 0,
          "mean_bq_posting_lookup_ms": 0.0,
          "mean_bq_node_mapping_ms": 0.0,
          "mean_bq_heap_scan_ms": 0.0,
          "mean_bq_output_sort_ms": 0.0,
          "bq_slot_cache_hits": 0,
          "bq_slot_cache_misses": 0,
          "mean_bq_mapped_candidates": 0.0,
          "mean_adaptive_ef_search": 0.0,
          "mean_vector_density_skew_ppm": 0.0,
          "selected_access_path": "AnnPostFilter",
          "property_path_cost": 0,
          "graph_path_cost": 0,
          "filtered_ann_path_cost": 0,
          "resident_heap_bytes": 53200116,
          "mapped_bytes": 26758086,
          "wal_bytes_delta": 0,
          "sidecar_bytes_delta": 0,
          "checkpoint_bytes_delta": 0,
          "temporary_spill_bytes_delta": 0
        },
        {
          "method": "tsng",
          "ef_search": 512,
          "metadata_bonus_cap_ppm": 100000,
          "signal_queue_quota_ppm": 330000,
          "graph_seed_limit": 256,
          "p50_ms": 1.0476,
          "p95_ms": 1.1322999999999999,
          "p99_ms": 1.1589,
          "mean_recall_at_10": 0.734375,
          "mean_ndcg_at_10": 0.7984120253601507,
          "mean_result_count": 10.0,
          "mean_navigation_scores": 2795.0,
          "mean_candidates_reranked": 512.0,
          "peak_candidates": 0,
          "peak_temp_bytes": 0,
          "estimated_vector_page_reads": 0,
          "estimated_payload_page_reads": 0,
          "estimated_graph_page_reads": 0,
          "mean_bq_posting_lookup_ms": 0.0,
          "mean_bq_node_mapping_ms": 0.0,
          "mean_bq_heap_scan_ms": 0.0,
          "mean_bq_output_sort_ms": 0.0,
          "bq_slot_cache_hits": 0,
          "bq_slot_cache_misses": 0,
          "mean_bq_mapped_candidates": 0.0,
          "mean_adaptive_ef_search": 0.0,
          "mean_vector_density_skew_ppm": 0.0,
          "selected_access_path": "AnnPostFilter",
          "property_path_cost": 0,
          "graph_path_cost": 0,
          "filtered_ann_path_cost": 0,
          "resident_heap_bytes": 53200116,
          "mapped_bytes": 26758086,
          "wal_bytes_delta": 0,
          "sidecar_bytes_delta": 0,
          "checkpoint_bytes_delta": 0,
          "temporary_spill_bytes_delta": 0
        },
        {
          "method": "tsng",
          "ef_search": 512,
          "metadata_bonus_cap_ppm": 100000,
          "signal_queue_quota_ppm": 500000,
          "graph_seed_limit": 0,
          "p50_ms": 1.4594,
          "p95_ms": 2.4369,
          "p99_ms": 2.7808,
          "mean_recall_at_10": 0.3625,
          "mean_ndcg_at_10": 0.3959993423904167,
          "mean_result_count": 10.0,
          "mean_navigation_scores": 5169.0625,
          "mean_candidates_reranked": 512.0,
          "peak_candidates": 0,
          "peak_temp_bytes": 0,
          "estimated_vector_page_reads": 0,
          "estimated_payload_page_reads": 0,
          "estimated_graph_page_reads": 0,
          "mean_bq_posting_lookup_ms": 0.0,
          "mean_bq_node_mapping_ms": 0.0,
          "mean_bq_heap_scan_ms": 0.0,
          "mean_bq_output_sort_ms": 0.0,
          "bq_slot_cache_hits": 0,
          "bq_slot_cache_misses": 0,
          "mean_bq_mapped_candidates": 0.0,
          "mean_adaptive_ef_search": 0.0,
          "mean_vector_density_skew_ppm": 0.0,
          "selected_access_path": "AnnPostFilter",
          "property_path_cost": 0,
          "graph_path_cost": 0,
          "filtered_ann_path_cost": 0,
          "resident_heap_bytes": 53200116,
          "mapped_bytes": 26758086,
          "wal_bytes_delta": 0,
          "sidecar_bytes_delta": 0,
          "checkpoint_bytes_delta": 0,
          "temporary_spill_bytes_delta": 0
        },
        {
          "method": "tsng",
          "ef_search": 512,
          "metadata_bonus_cap_ppm": 100000,
          "signal_queue_quota_ppm": 500000,
          "graph_seed_limit": 16,
          "p50_ms": 1.0436,
          "p95_ms": 1.1692,
          "p99_ms": 1.2097,
          "mean_recall_at_10": 0.734375,
          "mean_ndcg_at_10": 0.7984120253601507,
          "mean_result_count": 10.0,
          "mean_navigation_scores": 2774.9375,
          "mean_candidates_reranked": 512.0,
          "peak_candidates": 0,
          "peak_temp_bytes": 0,
          "estimated_vector_page_reads": 0,
          "estimated_payload_page_reads": 0,
          "estimated_graph_page_reads": 0,
          "mean_bq_posting_lookup_ms": 0.0,
          "mean_bq_node_mapping_ms": 0.0,
          "mean_bq_heap_scan_ms": 0.0,
          "mean_bq_output_sort_ms": 0.0,
          "bq_slot_cache_hits": 0,
          "bq_slot_cache_misses": 0,
          "mean_bq_mapped_candidates": 0.0,
          "mean_adaptive_ef_search": 0.0,
          "mean_vector_density_skew_ppm": 0.0,
          "selected_access_path": "AnnPostFilter",
          "property_path_cost": 0,
          "graph_path_cost": 0,
          "filtered_ann_path_cost": 0,
          "resident_heap_bytes": 53200116,
          "mapped_bytes": 26758086,
          "wal_bytes_delta": 0,
          "sidecar_bytes_delta": 0,
          "checkpoint_bytes_delta": 0,
          "temporary_spill_bytes_delta": 0
        },
        {
          "method": "tsng",
          "ef_search": 512,
          "metadata_bonus_cap_ppm": 100000,
          "signal_queue_quota_ppm": 500000,
          "graph_seed_limit": 64,
          "p50_ms": 1.0472000000000001,
          "p95_ms": 1.2651,
          "p99_ms": 1.3121999999999998,
          "mean_recall_at_10": 0.734375,
          "mean_ndcg_at_10": 0.7984120253601507,
          "mean_result_count": 10.0,
          "mean_navigation_scores": 2780.53125,
          "mean_candidates_reranked": 512.0,
          "peak_candidates": 0,
          "peak_temp_bytes": 0,
          "estimated_vector_page_reads": 0,
          "estimated_payload_page_reads": 0,
          "estimated_graph_page_reads": 0,
          "mean_bq_posting_lookup_ms": 0.0,
          "mean_bq_node_mapping_ms": 0.0,
          "mean_bq_heap_scan_ms": 0.0,
          "mean_bq_output_sort_ms": 0.0,
          "bq_slot_cache_hits": 0,
          "bq_slot_cache_misses": 0,
          "mean_bq_mapped_candidates": 0.0,
          "mean_adaptive_ef_search": 0.0,
          "mean_vector_density_skew_ppm": 0.0,
          "selected_access_path": "AnnPostFilter",
          "property_path_cost": 0,
          "graph_path_cost": 0,
          "filtered_ann_path_cost": 0,
          "resident_heap_bytes": 53200116,
          "mapped_bytes": 26758086,
          "wal_bytes_delta": 0,
          "sidecar_bytes_delta": 0,
          "checkpoint_bytes_delta": 0,
          "temporary_spill_bytes_delta": 0
        },
        {
          "method": "tsng",
          "ef_search": 512,
          "metadata_bonus_cap_ppm": 100000,
          "signal_queue_quota_ppm": 500000,
          "graph_seed_limit": 256,
          "p50_ms": 1.0529000000000002,
          "p95_ms": 1.2737,
          "p99_ms": 1.537,
          "mean_recall_at_10": 0.734375,
          "mean_ndcg_at_10": 0.7984120253601507,
          "mean_result_count": 10.0,
          "mean_navigation_scores": 2795.0,
          "mean_candidates_reranked": 512.0,
          "peak_candidates": 0,
          "peak_temp_bytes": 0,
          "estimated_vector_page_reads": 0,
          "estimated_payload_page_reads": 0,
          "estimated_graph_page_reads": 0,
          "mean_bq_posting_lookup_ms": 0.0,
          "mean_bq_node_mapping_ms": 0.0,
          "mean_bq_heap_scan_ms": 0.0,
          "mean_bq_output_sort_ms": 0.0,
          "bq_slot_cache_hits": 0,
          "bq_slot_cache_misses": 0,
          "mean_bq_mapped_candidates": 0.0,
          "mean_adaptive_ef_search": 0.0,
          "mean_vector_density_skew_ppm": 0.0,
          "selected_access_path": "AnnPostFilter",
          "property_path_cost": 0,
          "graph_path_cost": 0,
          "filtered_ann_path_cost": 0,
          "resident_heap_bytes": 53200116,
          "mapped_bytes": 26758086,
          "wal_bytes_delta": 0,
          "sidecar_bytes_delta": 0,
          "checkpoint_bytes_delta": 0,
          "temporary_spill_bytes_delta": 0
        },
        {
          "method": "industrial_fixed",
          "ef_search": 1024,
          "metadata_bonus_cap_ppm": 0,
          "signal_queue_quota_ppm": 0,
          "graph_seed_limit": 0,
          "p50_ms": 0.7971,
          "p95_ms": 1.1605999999999999,
          "p99_ms": 1.1965999999999999,
          "mean_recall_at_10": 0.8375000000000001,
          "mean_ndcg_at_10": 0.957012806310067,
          "mean_result_count": 10.0,
          "mean_navigation_scores": 6826.15625,
          "mean_candidates_reranked": 236.71875,
          "peak_candidates": 266,
          "peak_temp_bytes": 4256,
          "estimated_vector_page_reads": 491,
          "estimated_payload_page_reads": 7575,
          "estimated_graph_page_reads": 32,
          "mean_bq_posting_lookup_ms": 0.0,
          "mean_bq_node_mapping_ms": 0.0,
          "mean_bq_heap_scan_ms": 0.0,
          "mean_bq_output_sort_ms": 0.0,
          "bq_slot_cache_hits": 0,
          "bq_slot_cache_misses": 0,
          "mean_bq_mapped_candidates": 0.0,
          "mean_adaptive_ef_search": 1024.0,
          "mean_vector_density_skew_ppm": 996968.0,
          "selected_access_path": "GraphVectorUnion",
          "property_path_cost": 74368,
          "graph_path_cost": 11968,
          "filtered_ann_path_cost": 111914,
          "resident_heap_bytes": 53200116,
          "mapped_bytes": 26758086,
          "wal_bytes_delta": 0,
          "sidecar_bytes_delta": 0,
          "checkpoint_bytes_delta": 0,
          "temporary_spill_bytes_delta": 0
        },
        {
          "method": "industrial_selectivity",
          "ef_search": 1024,
          "metadata_bonus_cap_ppm": 0,
          "signal_queue_quota_ppm": 0,
          "graph_seed_limit": 0,
          "p50_ms": 0.839,
          "p95_ms": 1.3759,
          "p99_ms": 1.6919000000000002,
          "mean_recall_at_10": 0.8375000000000001,
          "mean_ndcg_at_10": 0.957012806310067,
          "mean_result_count": 10.0,
          "mean_navigation_scores": 6826.15625,
          "mean_candidates_reranked": 236.71875,
          "peak_candidates": 266,
          "peak_temp_bytes": 4256,
          "estimated_vector_page_reads": 491,
          "estimated_payload_page_reads": 7575,
          "estimated_graph_page_reads": 32,
          "mean_bq_posting_lookup_ms": 0.0,
          "mean_bq_node_mapping_ms": 0.0,
          "mean_bq_heap_scan_ms": 0.0,
          "mean_bq_output_sort_ms": 0.0,
          "bq_slot_cache_hits": 0,
          "bq_slot_cache_misses": 0,
          "mean_bq_mapped_candidates": 0.0,
          "mean_adaptive_ef_search": 1024.0,
          "mean_vector_density_skew_ppm": 996968.0,
          "selected_access_path": "GraphVectorUnion",
          "property_path_cost": 74368,
          "graph_path_cost": 11968,
          "filtered_ann_path_cost": 111914,
          "resident_heap_bytes": 53200116,
          "mapped_bytes": 26758086,
          "wal_bytes_delta": 0,
          "sidecar_bytes_delta": 0,
          "checkpoint_bytes_delta": 0,
          "temporary_spill_bytes_delta": 0
        },
        {
          "method": "industrial_density",
          "ef_search": 1024,
          "metadata_bonus_cap_ppm": 0,
          "signal_queue_quota_ppm": 0,
          "graph_seed_limit": 0,
          "p50_ms": 0.8616999999999999,
          "p95_ms": 1.4465999999999999,
          "p99_ms": 1.4799,
          "mean_recall_at_10": 0.8375000000000001,
          "mean_ndcg_at_10": 0.957012806310067,
          "mean_result_count": 10.0,
          "mean_navigation_scores": 6826.15625,
          "mean_candidates_reranked": 236.71875,
          "peak_candidates": 266,
          "peak_temp_bytes": 4256,
          "estimated_vector_page_reads": 491,
          "estimated_payload_page_reads": 7575,
          "estimated_graph_page_reads": 32,
          "mean_bq_posting_lookup_ms": 0.0,
          "mean_bq_node_mapping_ms": 0.0,
          "mean_bq_heap_scan_ms": 0.0,
          "mean_bq_output_sort_ms": 0.0,
          "bq_slot_cache_hits": 0,
          "bq_slot_cache_misses": 0,
          "mean_bq_mapped_candidates": 0.0,
          "mean_adaptive_ef_search": 1024.0,
          "mean_vector_density_skew_ppm": 996968.0,
          "selected_access_path": "GraphVectorUnion",
          "property_path_cost": 74368,
          "graph_path_cost": 11968,
          "filtered_ann_path_cost": 111914,
          "resident_heap_bytes": 53200116,
          "mapped_bytes": 26758086,
          "wal_bytes_delta": 0,
          "sidecar_bytes_delta": 0,
          "checkpoint_bytes_delta": 0,
          "temporary_spill_bytes_delta": 0
        },
        {
          "method": "post_filter",
          "ef_search": 1024,
          "metadata_bonus_cap_ppm": 0,
          "signal_queue_quota_ppm": 0,
          "graph_seed_limit": 0,
          "p50_ms": 1.2056,
          "p95_ms": 1.9498,
          "p99_ms": 2.043,
          "mean_recall_at_10": 0.5031250000000002,
          "mean_ndcg_at_10": 0.5328445084302593,
          "mean_result_count": 10.0,
          "mean_navigation_scores": 6826.15625,
          "mean_candidates_reranked": 1024.0,
          "peak_candidates": 0,
          "peak_temp_bytes": 0,
          "estimated_vector_page_reads": 0,
          "estimated_payload_page_reads": 0,
          "estimated_graph_page_reads": 0,
          "mean_bq_posting_lookup_ms": 0.0,
          "mean_bq_node_mapping_ms": 0.0,
          "mean_bq_heap_scan_ms": 0.0,
          "mean_bq_output_sort_ms": 0.0,
          "bq_slot_cache_hits": 0,
          "bq_slot_cache_misses": 0,
          "mean_bq_mapped_candidates": 0.0,
          "mean_adaptive_ef_search": 0.0,
          "mean_vector_density_skew_ppm": 0.0,
          "selected_access_path": "AnnPostFilter",
          "property_path_cost": 0,
          "graph_path_cost": 0,
          "filtered_ann_path_cost": 0,
          "resident_heap_bytes": 53200116,
          "mapped_bytes": 26758086,
          "wal_bytes_delta": 0,
          "sidecar_bytes_delta": 0,
          "checkpoint_bytes_delta": 0,
          "temporary_spill_bytes_delta": 0
        },
        {
          "method": "tsng",
          "ef_search": 1024,
          "metadata_bonus_cap_ppm": 100000,
          "signal_queue_quota_ppm": 0,
          "graph_seed_limit": 0,
          "p50_ms": 1.8327,
          "p95_ms": 3.0847,
          "p99_ms": 3.2114000000000003,
          "mean_recall_at_10": 0.5031250000000002,
          "mean_ndcg_at_10": 0.5328445084302593,
          "mean_result_count": 10.0,
          "mean_navigation_scores": 6826.15625,
          "mean_candidates_reranked": 1024.0,
          "peak_candidates": 0,
          "peak_temp_bytes": 0,
          "estimated_vector_page_reads": 0,
          "estimated_payload_page_reads": 0,
          "estimated_graph_page_reads": 0,
          "mean_bq_posting_lookup_ms": 0.0,
          "mean_bq_node_mapping_ms": 0.0,
          "mean_bq_heap_scan_ms": 0.0,
          "mean_bq_output_sort_ms": 0.0,
          "bq_slot_cache_hits": 0,
          "bq_slot_cache_misses": 0,
          "mean_bq_mapped_candidates": 0.0,
          "mean_adaptive_ef_search": 0.0,
          "mean_vector_density_skew_ppm": 0.0,
          "selected_access_path": "AnnPostFilter",
          "property_path_cost": 0,
          "graph_path_cost": 0,
          "filtered_ann_path_cost": 0,
          "resident_heap_bytes": 53200116,
          "mapped_bytes": 26758086,
          "wal_bytes_delta": 0,
          "sidecar_bytes_delta": 0,
          "checkpoint_bytes_delta": 0,
          "temporary_spill_bytes_delta": 0
        },
        {
          "method": "tsng",
          "ef_search": 1024,
          "metadata_bonus_cap_ppm": 100000,
          "signal_queue_quota_ppm": 0,
          "graph_seed_limit": 16,
          "p50_ms": 1.5740999999999998,
          "p95_ms": 2.5012,
          "p99_ms": 2.799,
          "mean_recall_at_10": 0.85625,
          "mean_ndcg_at_10": 0.9038272900776978,
          "mean_result_count": 10.0,
          "mean_navigation_scores": 3064.90625,
          "mean_candidates_reranked": 1024.0,
          "peak_candidates": 0,
          "peak_temp_bytes": 0,
          "estimated_vector_page_reads": 0,
          "estimated_payload_page_reads": 0,
          "estimated_graph_page_reads": 0,
          "mean_bq_posting_lookup_ms": 0.0,
          "mean_bq_node_mapping_ms": 0.0,
          "mean_bq_heap_scan_ms": 0.0,
          "mean_bq_output_sort_ms": 0.0,
          "bq_slot_cache_hits": 0,
          "bq_slot_cache_misses": 0,
          "mean_bq_mapped_candidates": 0.0,
          "mean_adaptive_ef_search": 0.0,
          "mean_vector_density_skew_ppm": 0.0,
          "selected_access_path": "AnnPostFilter",
          "property_path_cost": 0,
          "graph_path_cost": 0,
          "filtered_ann_path_cost": 0,
          "resident_heap_bytes": 53200116,
          "mapped_bytes": 26758086,
          "wal_bytes_delta": 0,
          "sidecar_bytes_delta": 0,
          "checkpoint_bytes_delta": 0,
          "temporary_spill_bytes_delta": 0
        },
        {
          "method": "graph_union",
          "ef_search": 1024,
          "metadata_bonus_cap_ppm": 100000,
          "signal_queue_quota_ppm": 0,
          "graph_seed_limit": 16,
          "p50_ms": 1.0578,
          "p95_ms": 1.6769,
          "p99_ms": 1.7396,
          "mean_recall_at_10": 0.6,
          "mean_ndcg_at_10": 0.7354031039548281,
          "mean_result_count": 10.0,
          "mean_navigation_scores": 6826.15625,
          "mean_candidates_reranked": 1036.15625,
          "peak_candidates": 0,
          "peak_temp_bytes": 0,
          "estimated_vector_page_reads": 0,
          "estimated_payload_page_reads": 0,
          "estimated_graph_page_reads": 0,
          "mean_bq_posting_lookup_ms": 0.0,
          "mean_bq_node_mapping_ms": 0.0,
          "mean_bq_heap_scan_ms": 0.0,
          "mean_bq_output_sort_ms": 0.0,
          "bq_slot_cache_hits": 0,
          "bq_slot_cache_misses": 0,
          "mean_bq_mapped_candidates": 0.0,
          "mean_adaptive_ef_search": 0.0,
          "mean_vector_density_skew_ppm": 0.0,
          "selected_access_path": "AnnPostFilter",
          "property_path_cost": 0,
          "graph_path_cost": 0,
          "filtered_ann_path_cost": 0,
          "resident_heap_bytes": 53200116,
          "mapped_bytes": 26758086,
          "wal_bytes_delta": 0,
          "sidecar_bytes_delta": 0,
          "checkpoint_bytes_delta": 0,
          "temporary_spill_bytes_delta": 0
        },
        {
          "method": "tsng",
          "ef_search": 1024,
          "metadata_bonus_cap_ppm": 100000,
          "signal_queue_quota_ppm": 0,
          "graph_seed_limit": 64,
          "p50_ms": 1.6452,
          "p95_ms": 2.0958,
          "p99_ms": 2.2674000000000003,
          "mean_recall_at_10": 0.85625,
          "mean_ndcg_at_10": 0.9038272900776978,
          "mean_result_count": 10.0,
          "mean_navigation_scores": 3066.75,
          "mean_candidates_reranked": 1024.0,
          "peak_candidates": 0,
          "peak_temp_bytes": 0,
          "estimated_vector_page_reads": 0,
          "estimated_payload_page_reads": 0,
          "estimated_graph_page_reads": 0,
          "mean_bq_posting_lookup_ms": 0.0,
          "mean_bq_node_mapping_ms": 0.0,
          "mean_bq_heap_scan_ms": 0.0,
          "mean_bq_output_sort_ms": 0.0,
          "bq_slot_cache_hits": 0,
          "bq_slot_cache_misses": 0,
          "mean_bq_mapped_candidates": 0.0,
          "mean_adaptive_ef_search": 0.0,
          "mean_vector_density_skew_ppm": 0.0,
          "selected_access_path": "AnnPostFilter",
          "property_path_cost": 0,
          "graph_path_cost": 0,
          "filtered_ann_path_cost": 0,
          "resident_heap_bytes": 53200116,
          "mapped_bytes": 26758086,
          "wal_bytes_delta": 0,
          "sidecar_bytes_delta": 0,
          "checkpoint_bytes_delta": 0,
          "temporary_spill_bytes_delta": 0
        },
        {
          "method": "graph_union",
          "ef_search": 1024,
          "metadata_bonus_cap_ppm": 100000,
          "signal_queue_quota_ppm": 0,
          "graph_seed_limit": 64,
          "p50_ms": 1.2149,
          "p95_ms": 1.5328,
          "p99_ms": 1.6222,
          "mean_recall_at_10": 0.715625,
          "mean_ndcg_at_10": 0.8488032843063509,
          "mean_result_count": 10.0,
          "mean_navigation_scores": 6826.15625,
          "mean_candidates_reranked": 1075.09375,
          "peak_candidates": 0,
          "peak_temp_bytes": 0,
          "estimated_vector_page_reads": 0,
          "estimated_payload_page_reads": 0,
          "estimated_graph_page_reads": 0,
          "mean_bq_posting_lookup_ms": 0.0,
          "mean_bq_node_mapping_ms": 0.0,
          "mean_bq_heap_scan_ms": 0.0,
          "mean_bq_output_sort_ms": 0.0,
          "bq_slot_cache_hits": 0,
          "bq_slot_cache_misses": 0,
          "mean_bq_mapped_candidates": 0.0,
          "mean_adaptive_ef_search": 0.0,
          "mean_vector_density_skew_ppm": 0.0,
          "selected_access_path": "AnnPostFilter",
          "property_path_cost": 0,
          "graph_path_cost": 0,
          "filtered_ann_path_cost": 0,
          "resident_heap_bytes": 53200116,
          "mapped_bytes": 26758086,
          "wal_bytes_delta": 0,
          "sidecar_bytes_delta": 0,
          "checkpoint_bytes_delta": 0,
          "temporary_spill_bytes_delta": 0
        },
        {
          "method": "tsng",
          "ef_search": 1024,
          "metadata_bonus_cap_ppm": 100000,
          "signal_queue_quota_ppm": 0,
          "graph_seed_limit": 256,
          "p50_ms": 1.5826,
          "p95_ms": 1.7553,
          "p99_ms": 1.8225,
          "mean_recall_at_10": 0.85625,
          "mean_ndcg_at_10": 0.9038272900776978,
          "mean_result_count": 10.0,
          "mean_navigation_scores": 3075.5625,
          "mean_candidates_reranked": 1024.0,
          "peak_candidates": 0,
          "peak_temp_bytes": 0,
          "estimated_vector_page_reads": 0,
          "estimated_payload_page_reads": 0,
          "estimated_graph_page_reads": 0,
          "mean_bq_posting_lookup_ms": 0.0,
          "mean_bq_node_mapping_ms": 0.0,
          "mean_bq_heap_scan_ms": 0.0,
          "mean_bq_output_sort_ms": 0.0,
          "bq_slot_cache_hits": 0,
          "bq_slot_cache_misses": 0,
          "mean_bq_mapped_candidates": 0.0,
          "mean_adaptive_ef_search": 0.0,
          "mean_vector_density_skew_ppm": 0.0,
          "selected_access_path": "AnnPostFilter",
          "property_path_cost": 0,
          "graph_path_cost": 0,
          "filtered_ann_path_cost": 0,
          "resident_heap_bytes": 53200116,
          "mapped_bytes": 26758086,
          "wal_bytes_delta": 0,
          "sidecar_bytes_delta": 0,
          "checkpoint_bytes_delta": 0,
          "temporary_spill_bytes_delta": 0
        },
        {
          "method": "graph_union",
          "ef_search": 1024,
          "metadata_bonus_cap_ppm": 100000,
          "signal_queue_quota_ppm": 0,
          "graph_seed_limit": 256,
          "p50_ms": 1.1758,
          "p95_ms": 1.4851,
          "p99_ms": 1.5196999999999998,
          "mean_recall_at_10": 0.8375000000000001,
          "mean_ndcg_at_10": 0.957012806310067,
          "mean_result_count": 10.0,
          "mean_navigation_scores": 6826.15625,
          "mean_candidates_reranked": 1149.5625,
          "peak_candidates": 0,
          "peak_temp_bytes": 0,
          "estimated_vector_page_reads": 0,
          "estimated_payload_page_reads": 0,
          "estimated_graph_page_reads": 0,
          "mean_bq_posting_lookup_ms": 0.0,
          "mean_bq_node_mapping_ms": 0.0,
          "mean_bq_heap_scan_ms": 0.0,
          "mean_bq_output_sort_ms": 0.0,
          "bq_slot_cache_hits": 0,
          "bq_slot_cache_misses": 0,
          "mean_bq_mapped_candidates": 0.0,
          "mean_adaptive_ef_search": 0.0,
          "mean_vector_density_skew_ppm": 0.0,
          "selected_access_path": "AnnPostFilter",
          "property_path_cost": 0,
          "graph_path_cost": 0,
          "filtered_ann_path_cost": 0,
          "resident_heap_bytes": 53200116,
          "mapped_bytes": 26758086,
          "wal_bytes_delta": 0,
          "sidecar_bytes_delta": 0,
          "checkpoint_bytes_delta": 0,
          "temporary_spill_bytes_delta": 0
        },
        {
          "method": "tsng",
          "ef_search": 1024,
          "metadata_bonus_cap_ppm": 100000,
          "signal_queue_quota_ppm": 100000,
          "graph_seed_limit": 0,
          "p50_ms": 2.611,
          "p95_ms": 4.0103,
          "p99_ms": 4.258,
          "mean_recall_at_10": 0.5750000000000001,
          "mean_ndcg_at_10": 0.6106293782238665,
          "mean_result_count": 10.0,
          "mean_navigation_scores": 7338.15625,
          "mean_candidates_reranked": 1024.0,
          "peak_candidates": 0,
          "peak_temp_bytes": 0,
          "estimated_vector_page_reads": 0,
          "estimated_payload_page_reads": 0,
          "estimated_graph_page_reads": 0,
          "mean_bq_posting_lookup_ms": 0.0,
          "mean_bq_node_mapping_ms": 0.0,
          "mean_bq_heap_scan_ms": 0.0,
          "mean_bq_output_sort_ms": 0.0,
          "bq_slot_cache_hits": 0,
          "bq_slot_cache_misses": 0,
          "mean_bq_mapped_candidates": 0.0,
          "mean_adaptive_ef_search": 0.0,
          "mean_vector_density_skew_ppm": 0.0,
          "selected_access_path": "AnnPostFilter",
          "property_path_cost": 0,
          "graph_path_cost": 0,
          "filtered_ann_path_cost": 0,
          "resident_heap_bytes": 53200116,
          "mapped_bytes": 26758086,
          "wal_bytes_delta": 0,
          "sidecar_bytes_delta": 0,
          "checkpoint_bytes_delta": 0,
          "temporary_spill_bytes_delta": 0
        },
        {
          "method": "tsng",
          "ef_search": 1024,
          "metadata_bonus_cap_ppm": 100000,
          "signal_queue_quota_ppm": 100000,
          "graph_seed_limit": 16,
          "p50_ms": 1.5127000000000002,
          "p95_ms": 1.7179,
          "p99_ms": 1.8374000000000001,
          "mean_recall_at_10": 0.85625,
          "mean_ndcg_at_10": 0.9038272900776978,
          "mean_result_count": 10.0,
          "mean_navigation_scores": 3064.90625,
          "mean_candidates_reranked": 1024.0,
          "peak_candidates": 0,
          "peak_temp_bytes": 0,
          "estimated_vector_page_reads": 0,
          "estimated_payload_page_reads": 0,
          "estimated_graph_page_reads": 0,
          "mean_bq_posting_lookup_ms": 0.0,
          "mean_bq_node_mapping_ms": 0.0,
          "mean_bq_heap_scan_ms": 0.0,
          "mean_bq_output_sort_ms": 0.0,
          "bq_slot_cache_hits": 0,
          "bq_slot_cache_misses": 0,
          "mean_bq_mapped_candidates": 0.0,
          "mean_adaptive_ef_search": 0.0,
          "mean_vector_density_skew_ppm": 0.0,
          "selected_access_path": "AnnPostFilter",
          "property_path_cost": 0,
          "graph_path_cost": 0,
          "filtered_ann_path_cost": 0,
          "resident_heap_bytes": 53200116,
          "mapped_bytes": 26758086,
          "wal_bytes_delta": 0,
          "sidecar_bytes_delta": 0,
          "checkpoint_bytes_delta": 0,
          "temporary_spill_bytes_delta": 0
        },
        {
          "method": "tsng",
          "ef_search": 1024,
          "metadata_bonus_cap_ppm": 100000,
          "signal_queue_quota_ppm": 100000,
          "graph_seed_limit": 64,
          "p50_ms": 1.5051,
          "p95_ms": 1.6598,
          "p99_ms": 1.7048,
          "mean_recall_at_10": 0.85625,
          "mean_ndcg_at_10": 0.9038272900776978,
          "mean_result_count": 10.0,
          "mean_navigation_scores": 3066.75,
          "mean_candidates_reranked": 1024.0,
          "peak_candidates": 0,
          "peak_temp_bytes": 0,
          "estimated_vector_page_reads": 0,
          "estimated_payload_page_reads": 0,
          "estimated_graph_page_reads": 0,
          "mean_bq_posting_lookup_ms": 0.0,
          "mean_bq_node_mapping_ms": 0.0,
          "mean_bq_heap_scan_ms": 0.0,
          "mean_bq_output_sort_ms": 0.0,
          "bq_slot_cache_hits": 0,
          "bq_slot_cache_misses": 0,
          "mean_bq_mapped_candidates": 0.0,
          "mean_adaptive_ef_search": 0.0,
          "mean_vector_density_skew_ppm": 0.0,
          "selected_access_path": "AnnPostFilter",
          "property_path_cost": 0,
          "graph_path_cost": 0,
          "filtered_ann_path_cost": 0,
          "resident_heap_bytes": 53200116,
          "mapped_bytes": 26758086,
          "wal_bytes_delta": 0,
          "sidecar_bytes_delta": 0,
          "checkpoint_bytes_delta": 0,
          "temporary_spill_bytes_delta": 0
        },
        {
          "method": "tsng",
          "ef_search": 1024,
          "metadata_bonus_cap_ppm": 100000,
          "signal_queue_quota_ppm": 100000,
          "graph_seed_limit": 256,
          "p50_ms": 1.5037,
          "p95_ms": 1.6672,
          "p99_ms": 1.8259999999999998,
          "mean_recall_at_10": 0.85625,
          "mean_ndcg_at_10": 0.9038272900776978,
          "mean_result_count": 10.0,
          "mean_navigation_scores": 3075.5625,
          "mean_candidates_reranked": 1024.0,
          "peak_candidates": 0,
          "peak_temp_bytes": 0,
          "estimated_vector_page_reads": 0,
          "estimated_payload_page_reads": 0,
          "estimated_graph_page_reads": 0,
          "mean_bq_posting_lookup_ms": 0.0,
          "mean_bq_node_mapping_ms": 0.0,
          "mean_bq_heap_scan_ms": 0.0,
          "mean_bq_output_sort_ms": 0.0,
          "bq_slot_cache_hits": 0,
          "bq_slot_cache_misses": 0,
          "mean_bq_mapped_candidates": 0.0,
          "mean_adaptive_ef_search": 0.0,
          "mean_vector_density_skew_ppm": 0.0,
          "selected_access_path": "AnnPostFilter",
          "property_path_cost": 0,
          "graph_path_cost": 0,
          "filtered_ann_path_cost": 0,
          "resident_heap_bytes": 53200116,
          "mapped_bytes": 26758086,
          "wal_bytes_delta": 0,
          "sidecar_bytes_delta": 0,
          "checkpoint_bytes_delta": 0,
          "temporary_spill_bytes_delta": 0
        },
        {
          "method": "tsng",
          "ef_search": 1024,
          "metadata_bonus_cap_ppm": 100000,
          "signal_queue_quota_ppm": 200000,
          "graph_seed_limit": 0,
          "p50_ms": 2.7041999999999997,
          "p95_ms": 4.013199999999999,
          "p99_ms": 4.0522,
          "mean_recall_at_10": 0.5750000000000001,
          "mean_ndcg_at_10": 0.6106293782238665,
          "mean_result_count": 10.0,
          "mean_navigation_scores": 7338.15625,
          "mean_candidates_reranked": 1024.0,
          "peak_candidates": 0,
          "peak_temp_bytes": 0,
          "estimated_vector_page_reads": 0,
          "estimated_payload_page_reads": 0,
          "estimated_graph_page_reads": 0,
          "mean_bq_posting_lookup_ms": 0.0,
          "mean_bq_node_mapping_ms": 0.0,
          "mean_bq_heap_scan_ms": 0.0,
          "mean_bq_output_sort_ms": 0.0,
          "bq_slot_cache_hits": 0,
          "bq_slot_cache_misses": 0,
          "mean_bq_mapped_candidates": 0.0,
          "mean_adaptive_ef_search": 0.0,
          "mean_vector_density_skew_ppm": 0.0,
          "selected_access_path": "AnnPostFilter",
          "property_path_cost": 0,
          "graph_path_cost": 0,
          "filtered_ann_path_cost": 0,
          "resident_heap_bytes": 53200116,
          "mapped_bytes": 26758086,
          "wal_bytes_delta": 0,
          "sidecar_bytes_delta": 0,
          "checkpoint_bytes_delta": 0,
          "temporary_spill_bytes_delta": 0
        },
        {
          "method": "tsng",
          "ef_search": 1024,
          "metadata_bonus_cap_ppm": 100000,
          "signal_queue_quota_ppm": 200000,
          "graph_seed_limit": 16,
          "p50_ms": 1.5308,
          "p95_ms": 1.7577999999999998,
          "p99_ms": 2.2616,
          "mean_recall_at_10": 0.85625,
          "mean_ndcg_at_10": 0.9038272900776978,
          "mean_result_count": 10.0,
          "mean_navigation_scores": 3064.90625,
          "mean_candidates_reranked": 1024.0,
          "peak_candidates": 0,
          "peak_temp_bytes": 0,
          "estimated_vector_page_reads": 0,
          "estimated_payload_page_reads": 0,
          "estimated_graph_page_reads": 0,
          "mean_bq_posting_lookup_ms": 0.0,
          "mean_bq_node_mapping_ms": 0.0,
          "mean_bq_heap_scan_ms": 0.0,
          "mean_bq_output_sort_ms": 0.0,
          "bq_slot_cache_hits": 0,
          "bq_slot_cache_misses": 0,
          "mean_bq_mapped_candidates": 0.0,
          "mean_adaptive_ef_search": 0.0,
          "mean_vector_density_skew_ppm": 0.0,
          "selected_access_path": "AnnPostFilter",
          "property_path_cost": 0,
          "graph_path_cost": 0,
          "filtered_ann_path_cost": 0,
          "resident_heap_bytes": 53200116,
          "mapped_bytes": 26758086,
          "wal_bytes_delta": 0,
          "sidecar_bytes_delta": 0,
          "checkpoint_bytes_delta": 0,
          "temporary_spill_bytes_delta": 0
        },
        {
          "method": "tsng",
          "ef_search": 1024,
          "metadata_bonus_cap_ppm": 100000,
          "signal_queue_quota_ppm": 200000,
          "graph_seed_limit": 64,
          "p50_ms": 1.5156,
          "p95_ms": 2.1118,
          "p99_ms": 2.3395,
          "mean_recall_at_10": 0.85625,
          "mean_ndcg_at_10": 0.9038272900776978,
          "mean_result_count": 10.0,
          "mean_navigation_scores": 3066.75,
          "mean_candidates_reranked": 1024.0,
          "peak_candidates": 0,
          "peak_temp_bytes": 0,
          "estimated_vector_page_reads": 0,
          "estimated_payload_page_reads": 0,
          "estimated_graph_page_reads": 0,
          "mean_bq_posting_lookup_ms": 0.0,
          "mean_bq_node_mapping_ms": 0.0,
          "mean_bq_heap_scan_ms": 0.0,
          "mean_bq_output_sort_ms": 0.0,
          "bq_slot_cache_hits": 0,
          "bq_slot_cache_misses": 0,
          "mean_bq_mapped_candidates": 0.0,
          "mean_adaptive_ef_search": 0.0,
          "mean_vector_density_skew_ppm": 0.0,
          "selected_access_path": "AnnPostFilter",
          "property_path_cost": 0,
          "graph_path_cost": 0,
          "filtered_ann_path_cost": 0,
          "resident_heap_bytes": 53200116,
          "mapped_bytes": 26758086,
          "wal_bytes_delta": 0,
          "sidecar_bytes_delta": 0,
          "checkpoint_bytes_delta": 0,
          "temporary_spill_bytes_delta": 0
        },
        {
          "method": "tsng",
          "ef_search": 1024,
          "metadata_bonus_cap_ppm": 100000,
          "signal_queue_quota_ppm": 200000,
          "graph_seed_limit": 256,
          "p50_ms": 1.5371,
          "p95_ms": 1.9987,
          "p99_ms": 2.0166,
          "mean_recall_at_10": 0.85625,
          "mean_ndcg_at_10": 0.9038272900776978,
          "mean_result_count": 10.0,
          "mean_navigation_scores": 3075.5625,
          "mean_candidates_reranked": 1024.0,
          "peak_candidates": 0,
          "peak_temp_bytes": 0,
          "estimated_vector_page_reads": 0,
          "estimated_payload_page_reads": 0,
          "estimated_graph_page_reads": 0,
          "mean_bq_posting_lookup_ms": 0.0,
          "mean_bq_node_mapping_ms": 0.0,
          "mean_bq_heap_scan_ms": 0.0,
          "mean_bq_output_sort_ms": 0.0,
          "bq_slot_cache_hits": 0,
          "bq_slot_cache_misses": 0,
          "mean_bq_mapped_candidates": 0.0,
          "mean_adaptive_ef_search": 0.0,
          "mean_vector_density_skew_ppm": 0.0,
          "selected_access_path": "AnnPostFilter",
          "property_path_cost": 0,
          "graph_path_cost": 0,
          "filtered_ann_path_cost": 0,
          "resident_heap_bytes": 53200116,
          "mapped_bytes": 26758086,
          "wal_bytes_delta": 0,
          "sidecar_bytes_delta": 0,
          "checkpoint_bytes_delta": 0,
          "temporary_spill_bytes_delta": 0
        },
        {
          "method": "tsng",
          "ef_search": 1024,
          "metadata_bonus_cap_ppm": 100000,
          "signal_queue_quota_ppm": 250000,
          "graph_seed_limit": 0,
          "p50_ms": 2.6243,
          "p95_ms": 3.888,
          "p99_ms": 4.0537,
          "mean_recall_at_10": 0.5750000000000001,
          "mean_ndcg_at_10": 0.6106293782238665,
          "mean_result_count": 10.0,
          "mean_navigation_scores": 7338.15625,
          "mean_candidates_reranked": 1024.0,
          "peak_candidates": 0,
          "peak_temp_bytes": 0,
          "estimated_vector_page_reads": 0,
          "estimated_payload_page_reads": 0,
          "estimated_graph_page_reads": 0,
          "mean_bq_posting_lookup_ms": 0.0,
          "mean_bq_node_mapping_ms": 0.0,
          "mean_bq_heap_scan_ms": 0.0,
          "mean_bq_output_sort_ms": 0.0,
          "bq_slot_cache_hits": 0,
          "bq_slot_cache_misses": 0,
          "mean_bq_mapped_candidates": 0.0,
          "mean_adaptive_ef_search": 0.0,
          "mean_vector_density_skew_ppm": 0.0,
          "selected_access_path": "AnnPostFilter",
          "property_path_cost": 0,
          "graph_path_cost": 0,
          "filtered_ann_path_cost": 0,
          "resident_heap_bytes": 53200116,
          "mapped_bytes": 26758086,
          "wal_bytes_delta": 0,
          "sidecar_bytes_delta": 0,
          "checkpoint_bytes_delta": 0,
          "temporary_spill_bytes_delta": 0
        },
        {
          "method": "tsng",
          "ef_search": 1024,
          "metadata_bonus_cap_ppm": 100000,
          "signal_queue_quota_ppm": 250000,
          "graph_seed_limit": 16,
          "p50_ms": 1.5356,
          "p95_ms": 1.8113000000000001,
          "p99_ms": 1.8593,
          "mean_recall_at_10": 0.85625,
          "mean_ndcg_at_10": 0.9038272900776978,
          "mean_result_count": 10.0,
          "mean_navigation_scores": 3064.90625,
          "mean_candidates_reranked": 1024.0,
          "peak_candidates": 0,
          "peak_temp_bytes": 0,
          "estimated_vector_page_reads": 0,
          "estimated_payload_page_reads": 0,
          "estimated_graph_page_reads": 0,
          "mean_bq_posting_lookup_ms": 0.0,
          "mean_bq_node_mapping_ms": 0.0,
          "mean_bq_heap_scan_ms": 0.0,
          "mean_bq_output_sort_ms": 0.0,
          "bq_slot_cache_hits": 0,
          "bq_slot_cache_misses": 0,
          "mean_bq_mapped_candidates": 0.0,
          "mean_adaptive_ef_search": 0.0,
          "mean_vector_density_skew_ppm": 0.0,
          "selected_access_path": "AnnPostFilter",
          "property_path_cost": 0,
          "graph_path_cost": 0,
          "filtered_ann_path_cost": 0,
          "resident_heap_bytes": 53200116,
          "mapped_bytes": 26758086,
          "wal_bytes_delta": 0,
          "sidecar_bytes_delta": 0,
          "checkpoint_bytes_delta": 0,
          "temporary_spill_bytes_delta": 0
        },
        {
          "method": "tsng",
          "ef_search": 1024,
          "metadata_bonus_cap_ppm": 100000,
          "signal_queue_quota_ppm": 250000,
          "graph_seed_limit": 64,
          "p50_ms": 1.5453999999999999,
          "p95_ms": 1.7558,
          "p99_ms": 1.8002,
          "mean_recall_at_10": 0.85625,
          "mean_ndcg_at_10": 0.9038272900776978,
          "mean_result_count": 10.0,
          "mean_navigation_scores": 3066.75,
          "mean_candidates_reranked": 1024.0,
          "peak_candidates": 0,
          "peak_temp_bytes": 0,
          "estimated_vector_page_reads": 0,
          "estimated_payload_page_reads": 0,
          "estimated_graph_page_reads": 0,
          "mean_bq_posting_lookup_ms": 0.0,
          "mean_bq_node_mapping_ms": 0.0,
          "mean_bq_heap_scan_ms": 0.0,
          "mean_bq_output_sort_ms": 0.0,
          "bq_slot_cache_hits": 0,
          "bq_slot_cache_misses": 0,
          "mean_bq_mapped_candidates": 0.0,
          "mean_adaptive_ef_search": 0.0,
          "mean_vector_density_skew_ppm": 0.0,
          "selected_access_path": "AnnPostFilter",
          "property_path_cost": 0,
          "graph_path_cost": 0,
          "filtered_ann_path_cost": 0,
          "resident_heap_bytes": 53200116,
          "mapped_bytes": 26758086,
          "wal_bytes_delta": 0,
          "sidecar_bytes_delta": 0,
          "checkpoint_bytes_delta": 0,
          "temporary_spill_bytes_delta": 0
        },
        {
          "method": "tsng",
          "ef_search": 1024,
          "metadata_bonus_cap_ppm": 100000,
          "signal_queue_quota_ppm": 250000,
          "graph_seed_limit": 256,
          "p50_ms": 1.5446,
          "p95_ms": 2.0172,
          "p99_ms": 2.3211999999999997,
          "mean_recall_at_10": 0.85625,
          "mean_ndcg_at_10": 0.9038272900776978,
          "mean_result_count": 10.0,
          "mean_navigation_scores": 3075.5625,
          "mean_candidates_reranked": 1024.0,
          "peak_candidates": 0,
          "peak_temp_bytes": 0,
          "estimated_vector_page_reads": 0,
          "estimated_payload_page_reads": 0,
          "estimated_graph_page_reads": 0,
          "mean_bq_posting_lookup_ms": 0.0,
          "mean_bq_node_mapping_ms": 0.0,
          "mean_bq_heap_scan_ms": 0.0,
          "mean_bq_output_sort_ms": 0.0,
          "bq_slot_cache_hits": 0,
          "bq_slot_cache_misses": 0,
          "mean_bq_mapped_candidates": 0.0,
          "mean_adaptive_ef_search": 0.0,
          "mean_vector_density_skew_ppm": 0.0,
          "selected_access_path": "AnnPostFilter",
          "property_path_cost": 0,
          "graph_path_cost": 0,
          "filtered_ann_path_cost": 0,
          "resident_heap_bytes": 53200116,
          "mapped_bytes": 26758086,
          "wal_bytes_delta": 0,
          "sidecar_bytes_delta": 0,
          "checkpoint_bytes_delta": 0,
          "temporary_spill_bytes_delta": 0
        },
        {
          "method": "tsng",
          "ef_search": 1024,
          "metadata_bonus_cap_ppm": 100000,
          "signal_queue_quota_ppm": 330000,
          "graph_seed_limit": 0,
          "p50_ms": 2.4785,
          "p95_ms": 4.3278,
          "p99_ms": 4.6269,
          "mean_recall_at_10": 0.5750000000000001,
          "mean_ndcg_at_10": 0.6106293782238665,
          "mean_result_count": 10.0,
          "mean_navigation_scores": 7338.15625,
          "mean_candidates_reranked": 1024.0,
          "peak_candidates": 0,
          "peak_temp_bytes": 0,
          "estimated_vector_page_reads": 0,
          "estimated_payload_page_reads": 0,
          "estimated_graph_page_reads": 0,
          "mean_bq_posting_lookup_ms": 0.0,
          "mean_bq_node_mapping_ms": 0.0,
          "mean_bq_heap_scan_ms": 0.0,
          "mean_bq_output_sort_ms": 0.0,
          "bq_slot_cache_hits": 0,
          "bq_slot_cache_misses": 0,
          "mean_bq_mapped_candidates": 0.0,
          "mean_adaptive_ef_search": 0.0,
          "mean_vector_density_skew_ppm": 0.0,
          "selected_access_path": "AnnPostFilter",
          "property_path_cost": 0,
          "graph_path_cost": 0,
          "filtered_ann_path_cost": 0,
          "resident_heap_bytes": 53200116,
          "mapped_bytes": 26758086,
          "wal_bytes_delta": 0,
          "sidecar_bytes_delta": 0,
          "checkpoint_bytes_delta": 0,
          "temporary_spill_bytes_delta": 0
        },
        {
          "method": "tsng",
          "ef_search": 1024,
          "metadata_bonus_cap_ppm": 100000,
          "signal_queue_quota_ppm": 330000,
          "graph_seed_limit": 16,
          "p50_ms": 1.6103,
          "p95_ms": 2.0189,
          "p99_ms": 2.1892,
          "mean_recall_at_10": 0.85625,
          "mean_ndcg_at_10": 0.9038272900776978,
          "mean_result_count": 10.0,
          "mean_navigation_scores": 3064.90625,
          "mean_candidates_reranked": 1024.0,
          "peak_candidates": 0,
          "peak_temp_bytes": 0,
          "estimated_vector_page_reads": 0,
          "estimated_payload_page_reads": 0,
          "estimated_graph_page_reads": 0,
          "mean_bq_posting_lookup_ms": 0.0,
          "mean_bq_node_mapping_ms": 0.0,
          "mean_bq_heap_scan_ms": 0.0,
          "mean_bq_output_sort_ms": 0.0,
          "bq_slot_cache_hits": 0,
          "bq_slot_cache_misses": 0,
          "mean_bq_mapped_candidates": 0.0,
          "mean_adaptive_ef_search": 0.0,
          "mean_vector_density_skew_ppm": 0.0,
          "selected_access_path": "AnnPostFilter",
          "property_path_cost": 0,
          "graph_path_cost": 0,
          "filtered_ann_path_cost": 0,
          "resident_heap_bytes": 53200116,
          "mapped_bytes": 26758086,
          "wal_bytes_delta": 0,
          "sidecar_bytes_delta": 0,
          "checkpoint_bytes_delta": 0,
          "temporary_spill_bytes_delta": 0
        },
        {
          "method": "tsng",
          "ef_search": 1024,
          "metadata_bonus_cap_ppm": 100000,
          "signal_queue_quota_ppm": 330000,
          "graph_seed_limit": 64,
          "p50_ms": 1.6234000000000002,
          "p95_ms": 1.9734000000000003,
          "p99_ms": 2.0816,
          "mean_recall_at_10": 0.85625,
          "mean_ndcg_at_10": 0.9038272900776978,
          "mean_result_count": 10.0,
          "mean_navigation_scores": 3066.75,
          "mean_candidates_reranked": 1024.0,
          "peak_candidates": 0,
          "peak_temp_bytes": 0,
          "estimated_vector_page_reads": 0,
          "estimated_payload_page_reads": 0,
          "estimated_graph_page_reads": 0,
          "mean_bq_posting_lookup_ms": 0.0,
          "mean_bq_node_mapping_ms": 0.0,
          "mean_bq_heap_scan_ms": 0.0,
          "mean_bq_output_sort_ms": 0.0,
          "bq_slot_cache_hits": 0,
          "bq_slot_cache_misses": 0,
          "mean_bq_mapped_candidates": 0.0,
          "mean_adaptive_ef_search": 0.0,
          "mean_vector_density_skew_ppm": 0.0,
          "selected_access_path": "AnnPostFilter",
          "property_path_cost": 0,
          "graph_path_cost": 0,
          "filtered_ann_path_cost": 0,
          "resident_heap_bytes": 53200116,
          "mapped_bytes": 26758086,
          "wal_bytes_delta": 0,
          "sidecar_bytes_delta": 0,
          "checkpoint_bytes_delta": 0,
          "temporary_spill_bytes_delta": 0
        },
        {
          "method": "tsng",
          "ef_search": 1024,
          "metadata_bonus_cap_ppm": 100000,
          "signal_queue_quota_ppm": 330000,
          "graph_seed_limit": 256,
          "p50_ms": 1.7219,
          "p95_ms": 2.0414,
          "p99_ms": 2.0452,
          "mean_recall_at_10": 0.85625,
          "mean_ndcg_at_10": 0.9038272900776978,
          "mean_result_count": 10.0,
          "mean_navigation_scores": 3075.5625,
          "mean_candidates_reranked": 1024.0,
          "peak_candidates": 0,
          "peak_temp_bytes": 0,
          "estimated_vector_page_reads": 0,
          "estimated_payload_page_reads": 0,
          "estimated_graph_page_reads": 0,
          "mean_bq_posting_lookup_ms": 0.0,
          "mean_bq_node_mapping_ms": 0.0,
          "mean_bq_heap_scan_ms": 0.0,
          "mean_bq_output_sort_ms": 0.0,
          "bq_slot_cache_hits": 0,
          "bq_slot_cache_misses": 0,
          "mean_bq_mapped_candidates": 0.0,
          "mean_adaptive_ef_search": 0.0,
          "mean_vector_density_skew_ppm": 0.0,
          "selected_access_path": "AnnPostFilter",
          "property_path_cost": 0,
          "graph_path_cost": 0,
          "filtered_ann_path_cost": 0,
          "resident_heap_bytes": 53200116,
          "mapped_bytes": 26758086,
          "wal_bytes_delta": 0,
          "sidecar_bytes_delta": 0,
          "checkpoint_bytes_delta": 0,
          "temporary_spill_bytes_delta": 0
        },
        {
          "method": "tsng",
          "ef_search": 1024,
          "metadata_bonus_cap_ppm": 100000,
          "signal_queue_quota_ppm": 500000,
          "graph_seed_limit": 0,
          "p50_ms": 2.407,
          "p95_ms": 3.8255,
          "p99_ms": 3.9752,
          "mean_recall_at_10": 0.5750000000000001,
          "mean_ndcg_at_10": 0.6106293782238665,
          "mean_result_count": 10.0,
          "mean_navigation_scores": 7338.15625,
          "mean_candidates_reranked": 1024.0,
          "peak_candidates": 0,
          "peak_temp_bytes": 0,
          "estimated_vector_page_reads": 0,
          "estimated_payload_page_reads": 0,
          "estimated_graph_page_reads": 0,
          "mean_bq_posting_lookup_ms": 0.0,
          "mean_bq_node_mapping_ms": 0.0,
          "mean_bq_heap_scan_ms": 0.0,
          "mean_bq_output_sort_ms": 0.0,
          "bq_slot_cache_hits": 0,
          "bq_slot_cache_misses": 0,
          "mean_bq_mapped_candidates": 0.0,
          "mean_adaptive_ef_search": 0.0,
          "mean_vector_density_skew_ppm": 0.0,
          "selected_access_path": "AnnPostFilter",
          "property_path_cost": 0,
          "graph_path_cost": 0,
          "filtered_ann_path_cost": 0,
          "resident_heap_bytes": 53200116,
          "mapped_bytes": 26758086,
          "wal_bytes_delta": 0,
          "sidecar_bytes_delta": 0,
          "checkpoint_bytes_delta": 0,
          "temporary_spill_bytes_delta": 0
        },
        {
          "method": "tsng",
          "ef_search": 1024,
          "metadata_bonus_cap_ppm": 100000,
          "signal_queue_quota_ppm": 500000,
          "graph_seed_limit": 16,
          "p50_ms": 1.5878999999999999,
          "p95_ms": 1.8174000000000001,
          "p99_ms": 1.8519999999999999,
          "mean_recall_at_10": 0.85625,
          "mean_ndcg_at_10": 0.9038272900776978,
          "mean_result_count": 10.0,
          "mean_navigation_scores": 3064.90625,
          "mean_candidates_reranked": 1024.0,
          "peak_candidates": 0,
          "peak_temp_bytes": 0,
          "estimated_vector_page_reads": 0,
          "estimated_payload_page_reads": 0,
          "estimated_graph_page_reads": 0,
          "mean_bq_posting_lookup_ms": 0.0,
          "mean_bq_node_mapping_ms": 0.0,
          "mean_bq_heap_scan_ms": 0.0,
          "mean_bq_output_sort_ms": 0.0,
          "bq_slot_cache_hits": 0,
          "bq_slot_cache_misses": 0,
          "mean_bq_mapped_candidates": 0.0,
          "mean_adaptive_ef_search": 0.0,
          "mean_vector_density_skew_ppm": 0.0,
          "selected_access_path": "AnnPostFilter",
          "property_path_cost": 0,
          "graph_path_cost": 0,
          "filtered_ann_path_cost": 0,
          "resident_heap_bytes": 53200116,
          "mapped_bytes": 26758086,
          "wal_bytes_delta": 0,
          "sidecar_bytes_delta": 0,
          "checkpoint_bytes_delta": 0,
          "temporary_spill_bytes_delta": 0
        },
        {
          "method": "tsng",
          "ef_search": 1024,
          "metadata_bonus_cap_ppm": 100000,
          "signal_queue_quota_ppm": 500000,
          "graph_seed_limit": 64,
          "p50_ms": 1.5391000000000001,
          "p95_ms": 1.8026,
          "p99_ms": 1.8216,
          "mean_recall_at_10": 0.85625,
          "mean_ndcg_at_10": 0.9038272900776978,
          "mean_result_count": 10.0,
          "mean_navigation_scores": 3066.75,
          "mean_candidates_reranked": 1024.0,
          "peak_candidates": 0,
          "peak_temp_bytes": 0,
          "estimated_vector_page_reads": 0,
          "estimated_payload_page_reads": 0,
          "estimated_graph_page_reads": 0,
          "mean_bq_posting_lookup_ms": 0.0,
          "mean_bq_node_mapping_ms": 0.0,
          "mean_bq_heap_scan_ms": 0.0,
          "mean_bq_output_sort_ms": 0.0,
          "bq_slot_cache_hits": 0,
          "bq_slot_cache_misses": 0,
          "mean_bq_mapped_candidates": 0.0,
          "mean_adaptive_ef_search": 0.0,
          "mean_vector_density_skew_ppm": 0.0,
          "selected_access_path": "AnnPostFilter",
          "property_path_cost": 0,
          "graph_path_cost": 0,
          "filtered_ann_path_cost": 0,
          "resident_heap_bytes": 53200116,
          "mapped_bytes": 26758086,
          "wal_bytes_delta": 0,
          "sidecar_bytes_delta": 0,
          "checkpoint_bytes_delta": 0,
          "temporary_spill_bytes_delta": 0
        },
        {
          "method": "tsng",
          "ef_search": 1024,
          "metadata_bonus_cap_ppm": 100000,
          "signal_queue_quota_ppm": 500000,
          "graph_seed_limit": 256,
          "p50_ms": 1.5672,
          "p95_ms": 1.8989,
          "p99_ms": 1.9059000000000001,
          "mean_recall_at_10": 0.85625,
          "mean_ndcg_at_10": 0.9038272900776978,
          "mean_result_count": 10.0,
          "mean_navigation_scores": 3075.5625,
          "mean_candidates_reranked": 1024.0,
          "peak_candidates": 0,
          "peak_temp_bytes": 0,
          "estimated_vector_page_reads": 0,
          "estimated_payload_page_reads": 0,
          "estimated_graph_page_reads": 0,
          "mean_bq_posting_lookup_ms": 0.0,
          "mean_bq_node_mapping_ms": 0.0,
          "mean_bq_heap_scan_ms": 0.0,
          "mean_bq_output_sort_ms": 0.0,
          "bq_slot_cache_hits": 0,
          "bq_slot_cache_misses": 0,
          "mean_bq_mapped_candidates": 0.0,
          "mean_adaptive_ef_search": 0.0,
          "mean_vector_density_skew_ppm": 0.0,
          "selected_access_path": "AnnPostFilter",
          "property_path_cost": 0,
          "graph_path_cost": 0,
          "filtered_ann_path_cost": 0,
          "resident_heap_bytes": 53200116,
          "mapped_bytes": 26758086,
          "wal_bytes_delta": 0,
          "sidecar_bytes_delta": 0,
          "checkpoint_bytes_delta": 0,
          "temporary_spill_bytes_delta": 0
        },
        {
          "method": "industrial_fixed",
          "ef_search": 2048,
          "metadata_bonus_cap_ppm": 0,
          "signal_queue_quota_ppm": 0,
          "graph_seed_limit": 0,
          "p50_ms": 1.2429999999999999,
          "p95_ms": 1.8181,
          "p99_ms": 1.8494,
          "mean_recall_at_10": 0.9624999999999999,
          "mean_ndcg_at_10": 0.9900798783792463,
          "mean_result_count": 10.0,
          "mean_navigation_scores": 9129.0,
          "mean_candidates_reranked": 279.09375,
          "peak_candidates": 284,
          "peak_temp_bytes": 4544,
          "estimated_vector_page_reads": 572,
          "estimated_payload_page_reads": 8931,
          "estimated_graph_page_reads": 32,
          "mean_bq_posting_lookup_ms": 0.0,
          "mean_bq_node_mapping_ms": 0.0,
          "mean_bq_heap_scan_ms": 0.0,
          "mean_bq_output_sort_ms": 0.0,
          "bq_slot_cache_hits": 0,
          "bq_slot_cache_misses": 0,
          "mean_bq_mapped_candidates": 0.0,
          "mean_adaptive_ef_search": 2048.0,
          "mean_vector_density_skew_ppm": 996968.0,
          "selected_access_path": "GraphVectorUnion",
          "property_path_cost": 139904,
          "graph_path_cost": 14016,
          "filtered_ann_path_cost": 223826,
          "resident_heap_bytes": 53200116,
          "mapped_bytes": 26758086,
          "wal_bytes_delta": 0,
          "sidecar_bytes_delta": 0,
          "checkpoint_bytes_delta": 0,
          "temporary_spill_bytes_delta": 0
        },
        {
          "method": "industrial_selectivity",
          "ef_search": 2048,
          "metadata_bonus_cap_ppm": 0,
          "signal_queue_quota_ppm": 0,
          "graph_seed_limit": 0,
          "p50_ms": 1.2554,
          "p95_ms": 1.7056,
          "p99_ms": 1.8243999999999998,
          "mean_recall_at_10": 0.9624999999999999,
          "mean_ndcg_at_10": 0.9900798783792463,
          "mean_result_count": 10.0,
          "mean_navigation_scores": 9129.0,
          "mean_candidates_reranked": 279.09375,
          "peak_candidates": 284,
          "peak_temp_bytes": 4544,
          "estimated_vector_page_reads": 572,
          "estimated_payload_page_reads": 8931,
          "estimated_graph_page_reads": 32,
          "mean_bq_posting_lookup_ms": 0.0,
          "mean_bq_node_mapping_ms": 0.0,
          "mean_bq_heap_scan_ms": 0.0,
          "mean_bq_output_sort_ms": 0.0,
          "bq_slot_cache_hits": 0,
          "bq_slot_cache_misses": 0,
          "mean_bq_mapped_candidates": 0.0,
          "mean_adaptive_ef_search": 2048.0,
          "mean_vector_density_skew_ppm": 996968.0,
          "selected_access_path": "GraphVectorUnion",
          "property_path_cost": 139904,
          "graph_path_cost": 14016,
          "filtered_ann_path_cost": 223826,
          "resident_heap_bytes": 53200116,
          "mapped_bytes": 26758086,
          "wal_bytes_delta": 0,
          "sidecar_bytes_delta": 0,
          "checkpoint_bytes_delta": 0,
          "temporary_spill_bytes_delta": 0
        },
        {
          "method": "industrial_density",
          "ef_search": 2048,
          "metadata_bonus_cap_ppm": 0,
          "signal_queue_quota_ppm": 0,
          "graph_seed_limit": 0,
          "p50_ms": 1.3173,
          "p95_ms": 1.7413,
          "p99_ms": 1.825,
          "mean_recall_at_10": 0.9624999999999999,
          "mean_ndcg_at_10": 0.9900798783792463,
          "mean_result_count": 10.0,
          "mean_navigation_scores": 9129.0,
          "mean_candidates_reranked": 279.09375,
          "peak_candidates": 284,
          "peak_temp_bytes": 4544,
          "estimated_vector_page_reads": 572,
          "estimated_payload_page_reads": 8931,
          "estimated_graph_page_reads": 32,
          "mean_bq_posting_lookup_ms": 0.0,
          "mean_bq_node_mapping_ms": 0.0,
          "mean_bq_heap_scan_ms": 0.0,
          "mean_bq_output_sort_ms": 0.0,
          "bq_slot_cache_hits": 0,
          "bq_slot_cache_misses": 0,
          "mean_bq_mapped_candidates": 0.0,
          "mean_adaptive_ef_search": 2048.0,
          "mean_vector_density_skew_ppm": 996968.0,
          "selected_access_path": "GraphVectorUnion",
          "property_path_cost": 139904,
          "graph_path_cost": 14016,
          "filtered_ann_path_cost": 223826,
          "resident_heap_bytes": 53200116,
          "mapped_bytes": 26758086,
          "wal_bytes_delta": 0,
          "sidecar_bytes_delta": 0,
          "checkpoint_bytes_delta": 0,
          "temporary_spill_bytes_delta": 0
        },
        {
          "method": "post_filter",
          "ef_search": 2048,
          "metadata_bonus_cap_ppm": 0,
          "signal_queue_quota_ppm": 0,
          "graph_seed_limit": 0,
          "p50_ms": 2.0286000000000004,
          "p95_ms": 2.6573,
          "p99_ms": 2.6954000000000002,
          "mean_recall_at_10": 0.8656249999999999,
          "mean_ndcg_at_10": 0.882057011647563,
          "mean_result_count": 10.0,
          "mean_navigation_scores": 9129.0,
          "mean_candidates_reranked": 2048.0,
          "peak_candidates": 0,
          "peak_temp_bytes": 0,
          "estimated_vector_page_reads": 0,
          "estimated_payload_page_reads": 0,
          "estimated_graph_page_reads": 0,
          "mean_bq_posting_lookup_ms": 0.0,
          "mean_bq_node_mapping_ms": 0.0,
          "mean_bq_heap_scan_ms": 0.0,
          "mean_bq_output_sort_ms": 0.0,
          "bq_slot_cache_hits": 0,
          "bq_slot_cache_misses": 0,
          "mean_bq_mapped_candidates": 0.0,
          "mean_adaptive_ef_search": 0.0,
          "mean_vector_density_skew_ppm": 0.0,
          "selected_access_path": "AnnPostFilter",
          "property_path_cost": 0,
          "graph_path_cost": 0,
          "filtered_ann_path_cost": 0,
          "resident_heap_bytes": 53200116,
          "mapped_bytes": 26758086,
          "wal_bytes_delta": 0,
          "sidecar_bytes_delta": 0,
          "checkpoint_bytes_delta": 0,
          "temporary_spill_bytes_delta": 0
        },
        {
          "method": "tsng",
          "ef_search": 2048,
          "metadata_bonus_cap_ppm": 100000,
          "signal_queue_quota_ppm": 0,
          "graph_seed_limit": 0,
          "p50_ms": 2.9008,
          "p95_ms": 4.3374,
          "p99_ms": 4.407699999999999,
          "mean_recall_at_10": 0.8656249999999999,
          "mean_ndcg_at_10": 0.882057011647563,
          "mean_result_count": 10.0,
          "mean_navigation_scores": 9129.0,
          "mean_candidates_reranked": 2048.0,
          "peak_candidates": 0,
          "peak_temp_bytes": 0,
          "estimated_vector_page_reads": 0,
          "estimated_payload_page_reads": 0,
          "estimated_graph_page_reads": 0,
          "mean_bq_posting_lookup_ms": 0.0,
          "mean_bq_node_mapping_ms": 0.0,
          "mean_bq_heap_scan_ms": 0.0,
          "mean_bq_output_sort_ms": 0.0,
          "bq_slot_cache_hits": 0,
          "bq_slot_cache_misses": 0,
          "mean_bq_mapped_candidates": 0.0,
          "mean_adaptive_ef_search": 0.0,
          "mean_vector_density_skew_ppm": 0.0,
          "selected_access_path": "AnnPostFilter",
          "property_path_cost": 0,
          "graph_path_cost": 0,
          "filtered_ann_path_cost": 0,
          "resident_heap_bytes": 53200116,
          "mapped_bytes": 26758086,
          "wal_bytes_delta": 0,
          "sidecar_bytes_delta": 0,
          "checkpoint_bytes_delta": 0,
          "temporary_spill_bytes_delta": 0
        },
        {
          "method": "tsng",
          "ef_search": 2048,
          "metadata_bonus_cap_ppm": 100000,
          "signal_queue_quota_ppm": 0,
          "graph_seed_limit": 16,
          "p50_ms": 2.5233,
          "p95_ms": 3.1774,
          "p99_ms": 3.5152,
          "mean_recall_at_10": 0.9562499999999998,
          "mean_ndcg_at_10": 0.9741435697427038,
          "mean_result_count": 10.0,
          "mean_navigation_scores": 3303.40625,
          "mean_candidates_reranked": 2048.0,
          "peak_candidates": 0,
          "peak_temp_bytes": 0,
          "estimated_vector_page_reads": 0,
          "estimated_payload_page_reads": 0,
          "estimated_graph_page_reads": 0,
          "mean_bq_posting_lookup_ms": 0.0,
          "mean_bq_node_mapping_ms": 0.0,
          "mean_bq_heap_scan_ms": 0.0,
          "mean_bq_output_sort_ms": 0.0,
          "bq_slot_cache_hits": 0,
          "bq_slot_cache_misses": 0,
          "mean_bq_mapped_candidates": 0.0,
          "mean_adaptive_ef_search": 0.0,
          "mean_vector_density_skew_ppm": 0.0,
          "selected_access_path": "AnnPostFilter",
          "property_path_cost": 0,
          "graph_path_cost": 0,
          "filtered_ann_path_cost": 0,
          "resident_heap_bytes": 53200116,
          "mapped_bytes": 26758086,
          "wal_bytes_delta": 0,
          "sidecar_bytes_delta": 0,
          "checkpoint_bytes_delta": 0,
          "temporary_spill_bytes_delta": 0
        },
        {
          "method": "graph_union",
          "ef_search": 2048,
          "metadata_bonus_cap_ppm": 100000,
          "signal_queue_quota_ppm": 0,
          "graph_seed_limit": 16,
          "p50_ms": 2.0444,
          "p95_ms": 2.5465,
          "p99_ms": 2.5615,
          "mean_recall_at_10": 0.8968749999999999,
          "mean_ndcg_at_10": 0.9336607629109231,
          "mean_result_count": 10.0,
          "mean_navigation_scores": 9129.0,
          "mean_candidates_reranked": 2053.84375,
          "peak_candidates": 0,
          "peak_temp_bytes": 0,
          "estimated_vector_page_reads": 0,
          "estimated_payload_page_reads": 0,
          "estimated_graph_page_reads": 0,
          "mean_bq_posting_lookup_ms": 0.0,
          "mean_bq_node_mapping_ms": 0.0,
          "mean_bq_heap_scan_ms": 0.0,
          "mean_bq_output_sort_ms": 0.0,
          "bq_slot_cache_hits": 0,
          "bq_slot_cache_misses": 0,
          "mean_bq_mapped_candidates": 0.0,
          "mean_adaptive_ef_search": 0.0,
          "mean_vector_density_skew_ppm": 0.0,
          "selected_access_path": "AnnPostFilter",
          "property_path_cost": 0,
          "graph_path_cost": 0,
          "filtered_ann_path_cost": 0,
          "resident_heap_bytes": 53200116,
          "mapped_bytes": 26758086,
          "wal_bytes_delta": 0,
          "sidecar_bytes_delta": 0,
          "checkpoint_bytes_delta": 0,
          "temporary_spill_bytes_delta": 0
        },
        {
          "method": "tsng",
          "ef_search": 2048,
          "metadata_bonus_cap_ppm": 100000,
          "signal_queue_quota_ppm": 0,
          "graph_seed_limit": 64,
          "p50_ms": 2.453,
          "p95_ms": 2.7218,
          "p99_ms": 2.9188,
          "mean_recall_at_10": 0.9562499999999998,
          "mean_ndcg_at_10": 0.9741435697427038,
          "mean_result_count": 10.0,
          "mean_navigation_scores": 3303.8125,
          "mean_candidates_reranked": 2048.0,
          "peak_candidates": 0,
          "peak_temp_bytes": 0,
          "estimated_vector_page_reads": 0,
          "estimated_payload_page_reads": 0,
          "estimated_graph_page_reads": 0,
          "mean_bq_posting_lookup_ms": 0.0,
          "mean_bq_node_mapping_ms": 0.0,
          "mean_bq_heap_scan_ms": 0.0,
          "mean_bq_output_sort_ms": 0.0,
          "bq_slot_cache_hits": 0,
          "bq_slot_cache_misses": 0,
          "mean_bq_mapped_candidates": 0.0,
          "mean_adaptive_ef_search": 0.0,
          "mean_vector_density_skew_ppm": 0.0,
          "selected_access_path": "AnnPostFilter",
          "property_path_cost": 0,
          "graph_path_cost": 0,
          "filtered_ann_path_cost": 0,
          "resident_heap_bytes": 53200116,
          "mapped_bytes": 26758086,
          "wal_bytes_delta": 0,
          "sidecar_bytes_delta": 0,
          "checkpoint_bytes_delta": 0,
          "temporary_spill_bytes_delta": 0
        },
        {
          "method": "graph_union",
          "ef_search": 2048,
          "metadata_bonus_cap_ppm": 100000,
          "signal_queue_quota_ppm": 0,
          "graph_seed_limit": 64,
          "p50_ms": 2.1142000000000003,
          "p95_ms": 2.72,
          "p99_ms": 2.7832999999999997,
          "mean_recall_at_10": 0.928125,
          "mean_ndcg_at_10": 0.9595903347729067,
          "mean_result_count": 10.0,
          "mean_navigation_scores": 9129.0,
          "mean_candidates_reranked": 2073.375,
          "peak_candidates": 0,
          "peak_temp_bytes": 0,
          "estimated_vector_page_reads": 0,
          "estimated_payload_page_reads": 0,
          "estimated_graph_page_reads": 0,
          "mean_bq_posting_lookup_ms": 0.0,
          "mean_bq_node_mapping_ms": 0.0,
          "mean_bq_heap_scan_ms": 0.0,
          "mean_bq_output_sort_ms": 0.0,
          "bq_slot_cache_hits": 0,
          "bq_slot_cache_misses": 0,
          "mean_bq_mapped_candidates": 0.0,
          "mean_adaptive_ef_search": 0.0,
          "mean_vector_density_skew_ppm": 0.0,
          "selected_access_path": "AnnPostFilter",
          "property_path_cost": 0,
          "graph_path_cost": 0,
          "filtered_ann_path_cost": 0,
          "resident_heap_bytes": 53200116,
          "mapped_bytes": 26758086,
          "wal_bytes_delta": 0,
          "sidecar_bytes_delta": 0,
          "checkpoint_bytes_delta": 0,
          "temporary_spill_bytes_delta": 0
        },
        {
          "method": "tsng",
          "ef_search": 2048,
          "metadata_bonus_cap_ppm": 100000,
          "signal_queue_quota_ppm": 0,
          "graph_seed_limit": 256,
          "p50_ms": 2.5592,
          "p95_ms": 3.195,
          "p99_ms": 3.3579,
          "mean_recall_at_10": 0.9562499999999998,
          "mean_ndcg_at_10": 0.9741435697427038,
          "mean_result_count": 10.0,
          "mean_navigation_scores": 3314.09375,
          "mean_candidates_reranked": 2048.0,
          "peak_candidates": 0,
          "peak_temp_bytes": 0,
          "estimated_vector_page_reads": 0,
          "estimated_payload_page_reads": 0,
          "estimated_graph_page_reads": 0,
          "mean_bq_posting_lookup_ms": 0.0,
          "mean_bq_node_mapping_ms": 0.0,
          "mean_bq_heap_scan_ms": 0.0,
          "mean_bq_output_sort_ms": 0.0,
          "bq_slot_cache_hits": 0,
          "bq_slot_cache_misses": 0,
          "mean_bq_mapped_candidates": 0.0,
          "mean_adaptive_ef_search": 0.0,
          "mean_vector_density_skew_ppm": 0.0,
          "selected_access_path": "AnnPostFilter",
          "property_path_cost": 0,
          "graph_path_cost": 0,
          "filtered_ann_path_cost": 0,
          "resident_heap_bytes": 53200116,
          "mapped_bytes": 26758086,
          "wal_bytes_delta": 0,
          "sidecar_bytes_delta": 0,
          "checkpoint_bytes_delta": 0,
          "temporary_spill_bytes_delta": 0
        },
        {
          "method": "graph_union",
          "ef_search": 2048,
          "metadata_bonus_cap_ppm": 100000,
          "signal_queue_quota_ppm": 0,
          "graph_seed_limit": 256,
          "p50_ms": 2.0837,
          "p95_ms": 2.6306,
          "p99_ms": 2.7148,
          "mean_recall_at_10": 0.9624999999999999,
          "mean_ndcg_at_10": 0.9900798783792463,
          "mean_result_count": 10.0,
          "mean_navigation_scores": 9129.0,
          "mean_candidates_reranked": 2110.65625,
          "peak_candidates": 0,
          "peak_temp_bytes": 0,
          "estimated_vector_page_reads": 0,
          "estimated_payload_page_reads": 0,
          "estimated_graph_page_reads": 0,
          "mean_bq_posting_lookup_ms": 0.0,
          "mean_bq_node_mapping_ms": 0.0,
          "mean_bq_heap_scan_ms": 0.0,
          "mean_bq_output_sort_ms": 0.0,
          "bq_slot_cache_hits": 0,
          "bq_slot_cache_misses": 0,
          "mean_bq_mapped_candidates": 0.0,
          "mean_adaptive_ef_search": 0.0,
          "mean_vector_density_skew_ppm": 0.0,
          "selected_access_path": "AnnPostFilter",
          "property_path_cost": 0,
          "graph_path_cost": 0,
          "filtered_ann_path_cost": 0,
          "resident_heap_bytes": 53200116,
          "mapped_bytes": 26758086,
          "wal_bytes_delta": 0,
          "sidecar_bytes_delta": 0,
          "checkpoint_bytes_delta": 0,
          "temporary_spill_bytes_delta": 0
        },
        {
          "method": "tsng",
          "ef_search": 2048,
          "metadata_bonus_cap_ppm": 100000,
          "signal_queue_quota_ppm": 100000,
          "graph_seed_limit": 0,
          "p50_ms": 4.0343,
          "p95_ms": 6.3321000000000005,
          "p99_ms": 6.4652,
          "mean_recall_at_10": 0.8656249999999999,
          "mean_ndcg_at_10": 0.882057011647563,
          "mean_result_count": 10.0,
          "mean_navigation_scores": 9238.84375,
          "mean_candidates_reranked": 2048.0,
          "peak_candidates": 0,
          "peak_temp_bytes": 0,
          "estimated_vector_page_reads": 0,
          "estimated_payload_page_reads": 0,
          "estimated_graph_page_reads": 0,
          "mean_bq_posting_lookup_ms": 0.0,
          "mean_bq_node_mapping_ms": 0.0,
          "mean_bq_heap_scan_ms": 0.0,
          "mean_bq_output_sort_ms": 0.0,
          "bq_slot_cache_hits": 0,
          "bq_slot_cache_misses": 0,
          "mean_bq_mapped_candidates": 0.0,
          "mean_adaptive_ef_search": 0.0,
          "mean_vector_density_skew_ppm": 0.0,
          "selected_access_path": "AnnPostFilter",
          "property_path_cost": 0,
          "graph_path_cost": 0,
          "filtered_ann_path_cost": 0,
          "resident_heap_bytes": 53200116,
          "mapped_bytes": 26758086,
          "wal_bytes_delta": 0,
          "sidecar_bytes_delta": 0,
          "checkpoint_bytes_delta": 0,
          "temporary_spill_bytes_delta": 0
        },
        {
          "method": "tsng",
          "ef_search": 2048,
          "metadata_bonus_cap_ppm": 100000,
          "signal_queue_quota_ppm": 100000,
          "graph_seed_limit": 16,
          "p50_ms": 2.4162,
          "p95_ms": 2.6466,
          "p99_ms": 2.6933000000000002,
          "mean_recall_at_10": 0.9562499999999998,
          "mean_ndcg_at_10": 0.9741435697427038,
          "mean_result_count": 10.0,
          "mean_navigation_scores": 3303.40625,
          "mean_candidates_reranked": 2048.0,
          "peak_candidates": 0,
          "peak_temp_bytes": 0,
          "estimated_vector_page_reads": 0,
          "estimated_payload_page_reads": 0,
          "estimated_graph_page_reads": 0,
          "mean_bq_posting_lookup_ms": 0.0,
          "mean_bq_node_mapping_ms": 0.0,
          "mean_bq_heap_scan_ms": 0.0,
          "mean_bq_output_sort_ms": 0.0,
          "bq_slot_cache_hits": 0,
          "bq_slot_cache_misses": 0,
          "mean_bq_mapped_candidates": 0.0,
          "mean_adaptive_ef_search": 0.0,
          "mean_vector_density_skew_ppm": 0.0,
          "selected_access_path": "AnnPostFilter",
          "property_path_cost": 0,
          "graph_path_cost": 0,
          "filtered_ann_path_cost": 0,
          "resident_heap_bytes": 53200116,
          "mapped_bytes": 26758086,
          "wal_bytes_delta": 0,
          "sidecar_bytes_delta": 0,
          "checkpoint_bytes_delta": 0,
          "temporary_spill_bytes_delta": 0
        },
        {
          "method": "tsng",
          "ef_search": 2048,
          "metadata_bonus_cap_ppm": 100000,
          "signal_queue_quota_ppm": 100000,
          "graph_seed_limit": 64,
          "p50_ms": 2.3920999999999997,
          "p95_ms": 2.6088999999999998,
          "p99_ms": 2.7154000000000003,
          "mean_recall_at_10": 0.9562499999999998,
          "mean_ndcg_at_10": 0.9741435697427038,
          "mean_result_count": 10.0,
          "mean_navigation_scores": 3303.8125,
          "mean_candidates_reranked": 2048.0,
          "peak_candidates": 0,
          "peak_temp_bytes": 0,
          "estimated_vector_page_reads": 0,
          "estimated_payload_page_reads": 0,
          "estimated_graph_page_reads": 0,
          "mean_bq_posting_lookup_ms": 0.0,
          "mean_bq_node_mapping_ms": 0.0,
          "mean_bq_heap_scan_ms": 0.0,
          "mean_bq_output_sort_ms": 0.0,
          "bq_slot_cache_hits": 0,
          "bq_slot_cache_misses": 0,
          "mean_bq_mapped_candidates": 0.0,
          "mean_adaptive_ef_search": 0.0,
          "mean_vector_density_skew_ppm": 0.0,
          "selected_access_path": "AnnPostFilter",
          "property_path_cost": 0,
          "graph_path_cost": 0,
          "filtered_ann_path_cost": 0,
          "resident_heap_bytes": 53200116,
          "mapped_bytes": 26758086,
          "wal_bytes_delta": 0,
          "sidecar_bytes_delta": 0,
          "checkpoint_bytes_delta": 0,
          "temporary_spill_bytes_delta": 0
        },
        {
          "method": "tsng",
          "ef_search": 2048,
          "metadata_bonus_cap_ppm": 100000,
          "signal_queue_quota_ppm": 100000,
          "graph_seed_limit": 256,
          "p50_ms": 2.454,
          "p95_ms": 2.9491,
          "p99_ms": 2.9726000000000004,
          "mean_recall_at_10": 0.9562499999999998,
          "mean_ndcg_at_10": 0.9741435697427038,
          "mean_result_count": 10.0,
          "mean_navigation_scores": 3314.09375,
          "mean_candidates_reranked": 2048.0,
          "peak_candidates": 0,
          "peak_temp_bytes": 0,
          "estimated_vector_page_reads": 0,
          "estimated_payload_page_reads": 0,
          "estimated_graph_page_reads": 0,
          "mean_bq_posting_lookup_ms": 0.0,
          "mean_bq_node_mapping_ms": 0.0,
          "mean_bq_heap_scan_ms": 0.0,
          "mean_bq_output_sort_ms": 0.0,
          "bq_slot_cache_hits": 0,
          "bq_slot_cache_misses": 0,
          "mean_bq_mapped_candidates": 0.0,
          "mean_adaptive_ef_search": 0.0,
          "mean_vector_density_skew_ppm": 0.0,
          "selected_access_path": "AnnPostFilter",
          "property_path_cost": 0,
          "graph_path_cost": 0,
          "filtered_ann_path_cost": 0,
          "resident_heap_bytes": 53200116,
          "mapped_bytes": 26758086,
          "wal_bytes_delta": 0,
          "sidecar_bytes_delta": 0,
          "checkpoint_bytes_delta": 0,
          "temporary_spill_bytes_delta": 0
        },
        {
          "method": "tsng",
          "ef_search": 2048,
          "metadata_bonus_cap_ppm": 100000,
          "signal_queue_quota_ppm": 200000,
          "graph_seed_limit": 0,
          "p50_ms": 4.0966,
          "p95_ms": 6.5173000000000005,
          "p99_ms": 6.520899999999999,
          "mean_recall_at_10": 0.8656249999999999,
          "mean_ndcg_at_10": 0.882057011647563,
          "mean_result_count": 10.0,
          "mean_navigation_scores": 9238.84375,
          "mean_candidates_reranked": 2048.0,
          "peak_candidates": 0,
          "peak_temp_bytes": 0,
          "estimated_vector_page_reads": 0,
          "estimated_payload_page_reads": 0,
          "estimated_graph_page_reads": 0,
          "mean_bq_posting_lookup_ms": 0.0,
          "mean_bq_node_mapping_ms": 0.0,
          "mean_bq_heap_scan_ms": 0.0,
          "mean_bq_output_sort_ms": 0.0,
          "bq_slot_cache_hits": 0,
          "bq_slot_cache_misses": 0,
          "mean_bq_mapped_candidates": 0.0,
          "mean_adaptive_ef_search": 0.0,
          "mean_vector_density_skew_ppm": 0.0,
          "selected_access_path": "AnnPostFilter",
          "property_path_cost": 0,
          "graph_path_cost": 0,
          "filtered_ann_path_cost": 0,
          "resident_heap_bytes": 53200116,
          "mapped_bytes": 26758086,
          "wal_bytes_delta": 0,
          "sidecar_bytes_delta": 0,
          "checkpoint_bytes_delta": 0,
          "temporary_spill_bytes_delta": 0
        },
        {
          "method": "tsng",
          "ef_search": 2048,
          "metadata_bonus_cap_ppm": 100000,
          "signal_queue_quota_ppm": 200000,
          "graph_seed_limit": 16,
          "p50_ms": 2.4804,
          "p95_ms": 2.9659999999999997,
          "p99_ms": 3.1522,
          "mean_recall_at_10": 0.9562499999999998,
          "mean_ndcg_at_10": 0.9741435697427038,
          "mean_result_count": 10.0,
          "mean_navigation_scores": 3303.40625,
          "mean_candidates_reranked": 2048.0,
          "peak_candidates": 0,
          "peak_temp_bytes": 0,
          "estimated_vector_page_reads": 0,
          "estimated_payload_page_reads": 0,
          "estimated_graph_page_reads": 0,
          "mean_bq_posting_lookup_ms": 0.0,
          "mean_bq_node_mapping_ms": 0.0,
          "mean_bq_heap_scan_ms": 0.0,
          "mean_bq_output_sort_ms": 0.0,
          "bq_slot_cache_hits": 0,
          "bq_slot_cache_misses": 0,
          "mean_bq_mapped_candidates": 0.0,
          "mean_adaptive_ef_search": 0.0,
          "mean_vector_density_skew_ppm": 0.0,
          "selected_access_path": "AnnPostFilter",
          "property_path_cost": 0,
          "graph_path_cost": 0,
          "filtered_ann_path_cost": 0,
          "resident_heap_bytes": 53200116,
          "mapped_bytes": 26758086,
          "wal_bytes_delta": 0,
          "sidecar_bytes_delta": 0,
          "checkpoint_bytes_delta": 0,
          "temporary_spill_bytes_delta": 0
        },
        {
          "method": "tsng",
          "ef_search": 2048,
          "metadata_bonus_cap_ppm": 100000,
          "signal_queue_quota_ppm": 200000,
          "graph_seed_limit": 64,
          "p50_ms": 2.3846000000000003,
          "p95_ms": 2.6221,
          "p99_ms": 2.6338,
          "mean_recall_at_10": 0.9562499999999998,
          "mean_ndcg_at_10": 0.9741435697427038,
          "mean_result_count": 10.0,
          "mean_navigation_scores": 3303.8125,
          "mean_candidates_reranked": 2048.0,
          "peak_candidates": 0,
          "peak_temp_bytes": 0,
          "estimated_vector_page_reads": 0,
          "estimated_payload_page_reads": 0,
          "estimated_graph_page_reads": 0,
          "mean_bq_posting_lookup_ms": 0.0,
          "mean_bq_node_mapping_ms": 0.0,
          "mean_bq_heap_scan_ms": 0.0,
          "mean_bq_output_sort_ms": 0.0,
          "bq_slot_cache_hits": 0,
          "bq_slot_cache_misses": 0,
          "mean_bq_mapped_candidates": 0.0,
          "mean_adaptive_ef_search": 0.0,
          "mean_vector_density_skew_ppm": 0.0,
          "selected_access_path": "AnnPostFilter",
          "property_path_cost": 0,
          "graph_path_cost": 0,
          "filtered_ann_path_cost": 0,
          "resident_heap_bytes": 53200116,
          "mapped_bytes": 26758086,
          "wal_bytes_delta": 0,
          "sidecar_bytes_delta": 0,
          "checkpoint_bytes_delta": 0,
          "temporary_spill_bytes_delta": 0
        },
        {
          "method": "tsng",
          "ef_search": 2048,
          "metadata_bonus_cap_ppm": 100000,
          "signal_queue_quota_ppm": 200000,
          "graph_seed_limit": 256,
          "p50_ms": 2.437,
          "p95_ms": 3.7319,
          "p99_ms": 3.9251,
          "mean_recall_at_10": 0.9562499999999998,
          "mean_ndcg_at_10": 0.9741435697427038,
          "mean_result_count": 10.0,
          "mean_navigation_scores": 3314.09375,
          "mean_candidates_reranked": 2048.0,
          "peak_candidates": 0,
          "peak_temp_bytes": 0,
          "estimated_vector_page_reads": 0,
          "estimated_payload_page_reads": 0,
          "estimated_graph_page_reads": 0,
          "mean_bq_posting_lookup_ms": 0.0,
          "mean_bq_node_mapping_ms": 0.0,
          "mean_bq_heap_scan_ms": 0.0,
          "mean_bq_output_sort_ms": 0.0,
          "bq_slot_cache_hits": 0,
          "bq_slot_cache_misses": 0,
          "mean_bq_mapped_candidates": 0.0,
          "mean_adaptive_ef_search": 0.0,
          "mean_vector_density_skew_ppm": 0.0,
          "selected_access_path": "AnnPostFilter",
          "property_path_cost": 0,
          "graph_path_cost": 0,
          "filtered_ann_path_cost": 0,
          "resident_heap_bytes": 53200116,
          "mapped_bytes": 26758086,
          "wal_bytes_delta": 0,
          "sidecar_bytes_delta": 0,
          "checkpoint_bytes_delta": 0,
          "temporary_spill_bytes_delta": 0
        },
        {
          "method": "tsng",
          "ef_search": 2048,
          "metadata_bonus_cap_ppm": 100000,
          "signal_queue_quota_ppm": 250000,
          "graph_seed_limit": 0,
          "p50_ms": 3.762,
          "p95_ms": 6.3889000000000005,
          "p99_ms": 6.6878,
          "mean_recall_at_10": 0.8656249999999999,
          "mean_ndcg_at_10": 0.882057011647563,
          "mean_result_count": 10.0,
          "mean_navigation_scores": 9238.84375,
          "mean_candidates_reranked": 2048.0,
          "peak_candidates": 0,
          "peak_temp_bytes": 0,
          "estimated_vector_page_reads": 0,
          "estimated_payload_page_reads": 0,
          "estimated_graph_page_reads": 0,
          "mean_bq_posting_lookup_ms": 0.0,
          "mean_bq_node_mapping_ms": 0.0,
          "mean_bq_heap_scan_ms": 0.0,
          "mean_bq_output_sort_ms": 0.0,
          "bq_slot_cache_hits": 0,
          "bq_slot_cache_misses": 0,
          "mean_bq_mapped_candidates": 0.0,
          "mean_adaptive_ef_search": 0.0,
          "mean_vector_density_skew_ppm": 0.0,
          "selected_access_path": "AnnPostFilter",
          "property_path_cost": 0,
          "graph_path_cost": 0,
          "filtered_ann_path_cost": 0,
          "resident_heap_bytes": 53200116,
          "mapped_bytes": 26758086,
          "wal_bytes_delta": 0,
          "sidecar_bytes_delta": 0,
          "checkpoint_bytes_delta": 0,
          "temporary_spill_bytes_delta": 0
        },
        {
          "method": "tsng",
          "ef_search": 2048,
          "metadata_bonus_cap_ppm": 100000,
          "signal_queue_quota_ppm": 250000,
          "graph_seed_limit": 16,
          "p50_ms": 2.3167999999999997,
          "p95_ms": 2.4568,
          "p99_ms": 2.491,
          "mean_recall_at_10": 0.9562499999999998,
          "mean_ndcg_at_10": 0.9741435697427038,
          "mean_result_count": 10.0,
          "mean_navigation_scores": 3303.40625,
          "mean_candidates_reranked": 2048.0,
          "peak_candidates": 0,
          "peak_temp_bytes": 0,
          "estimated_vector_page_reads": 0,
          "estimated_payload_page_reads": 0,
          "estimated_graph_page_reads": 0,
          "mean_bq_posting_lookup_ms": 0.0,
          "mean_bq_node_mapping_ms": 0.0,
          "mean_bq_heap_scan_ms": 0.0,
          "mean_bq_output_sort_ms": 0.0,
          "bq_slot_cache_hits": 0,
          "bq_slot_cache_misses": 0,
          "mean_bq_mapped_candidates": 0.0,
          "mean_adaptive_ef_search": 0.0,
          "mean_vector_density_skew_ppm": 0.0,
          "selected_access_path": "AnnPostFilter",
          "property_path_cost": 0,
          "graph_path_cost": 0,
          "filtered_ann_path_cost": 0,
          "resident_heap_bytes": 53200116,
          "mapped_bytes": 26758086,
          "wal_bytes_delta": 0,
          "sidecar_bytes_delta": 0,
          "checkpoint_bytes_delta": 0,
          "temporary_spill_bytes_delta": 0
        },
        {
          "method": "tsng",
          "ef_search": 2048,
          "metadata_bonus_cap_ppm": 100000,
          "signal_queue_quota_ppm": 250000,
          "graph_seed_limit": 64,
          "p50_ms": 2.3655999999999997,
          "p95_ms": 2.6706999999999996,
          "p99_ms": 2.6801,
          "mean_recall_at_10": 0.9562499999999998,
          "mean_ndcg_at_10": 0.9741435697427038,
          "mean_result_count": 10.0,
          "mean_navigation_scores": 3303.8125,
          "mean_candidates_reranked": 2048.0,
          "peak_candidates": 0,
          "peak_temp_bytes": 0,
          "estimated_vector_page_reads": 0,
          "estimated_payload_page_reads": 0,
          "estimated_graph_page_reads": 0,
          "mean_bq_posting_lookup_ms": 0.0,
          "mean_bq_node_mapping_ms": 0.0,
          "mean_bq_heap_scan_ms": 0.0,
          "mean_bq_output_sort_ms": 0.0,
          "bq_slot_cache_hits": 0,
          "bq_slot_cache_misses": 0,
          "mean_bq_mapped_candidates": 0.0,
          "mean_adaptive_ef_search": 0.0,
          "mean_vector_density_skew_ppm": 0.0,
          "selected_access_path": "AnnPostFilter",
          "property_path_cost": 0,
          "graph_path_cost": 0,
          "filtered_ann_path_cost": 0,
          "resident_heap_bytes": 53200116,
          "mapped_bytes": 26758086,
          "wal_bytes_delta": 0,
          "sidecar_bytes_delta": 0,
          "checkpoint_bytes_delta": 0,
          "temporary_spill_bytes_delta": 0
        },
        {
          "method": "tsng",
          "ef_search": 2048,
          "metadata_bonus_cap_ppm": 100000,
          "signal_queue_quota_ppm": 250000,
          "graph_seed_limit": 256,
          "p50_ms": 2.3571999999999997,
          "p95_ms": 2.4827999999999997,
          "p99_ms": 2.4831,
          "mean_recall_at_10": 0.9562499999999998,
          "mean_ndcg_at_10": 0.9741435697427038,
          "mean_result_count": 10.0,
          "mean_navigation_scores": 3314.09375,
          "mean_candidates_reranked": 2048.0,
          "peak_candidates": 0,
          "peak_temp_bytes": 0,
          "estimated_vector_page_reads": 0,
          "estimated_payload_page_reads": 0,
          "estimated_graph_page_reads": 0,
          "mean_bq_posting_lookup_ms": 0.0,
          "mean_bq_node_mapping_ms": 0.0,
          "mean_bq_heap_scan_ms": 0.0,
          "mean_bq_output_sort_ms": 0.0,
          "bq_slot_cache_hits": 0,
          "bq_slot_cache_misses": 0,
          "mean_bq_mapped_candidates": 0.0,
          "mean_adaptive_ef_search": 0.0,
          "mean_vector_density_skew_ppm": 0.0,
          "selected_access_path": "AnnPostFilter",
          "property_path_cost": 0,
          "graph_path_cost": 0,
          "filtered_ann_path_cost": 0,
          "resident_heap_bytes": 53200116,
          "mapped_bytes": 26758086,
          "wal_bytes_delta": 0,
          "sidecar_bytes_delta": 0,
          "checkpoint_bytes_delta": 0,
          "temporary_spill_bytes_delta": 0
        },
        {
          "method": "tsng",
          "ef_search": 2048,
          "metadata_bonus_cap_ppm": 100000,
          "signal_queue_quota_ppm": 330000,
          "graph_seed_limit": 0,
          "p50_ms": 3.9833999999999996,
          "p95_ms": 6.1947,
          "p99_ms": 6.6261,
          "mean_recall_at_10": 0.8656249999999999,
          "mean_ndcg_at_10": 0.882057011647563,
          "mean_result_count": 10.0,
          "mean_navigation_scores": 9238.84375,
          "mean_candidates_reranked": 2048.0,
          "peak_candidates": 0,
          "peak_temp_bytes": 0,
          "estimated_vector_page_reads": 0,
          "estimated_payload_page_reads": 0,
          "estimated_graph_page_reads": 0,
          "mean_bq_posting_lookup_ms": 0.0,
          "mean_bq_node_mapping_ms": 0.0,
          "mean_bq_heap_scan_ms": 0.0,
          "mean_bq_output_sort_ms": 0.0,
          "bq_slot_cache_hits": 0,
          "bq_slot_cache_misses": 0,
          "mean_bq_mapped_candidates": 0.0,
          "mean_adaptive_ef_search": 0.0,
          "mean_vector_density_skew_ppm": 0.0,
          "selected_access_path": "AnnPostFilter",
          "property_path_cost": 0,
          "graph_path_cost": 0,
          "filtered_ann_path_cost": 0,
          "resident_heap_bytes": 53200116,
          "mapped_bytes": 26758086,
          "wal_bytes_delta": 0,
          "sidecar_bytes_delta": 0,
          "checkpoint_bytes_delta": 0,
          "temporary_spill_bytes_delta": 0
        },
        {
          "method": "tsng",
          "ef_search": 2048,
          "metadata_bonus_cap_ppm": 100000,
          "signal_queue_quota_ppm": 330000,
          "graph_seed_limit": 16,
          "p50_ms": 2.4087,
          "p95_ms": 3.0158,
          "p99_ms": 3.1909,
          "mean_recall_at_10": 0.9562499999999998,
          "mean_ndcg_at_10": 0.9741435697427038,
          "mean_result_count": 10.0,
          "mean_navigation_scores": 3303.40625,
          "mean_candidates_reranked": 2048.0,
          "peak_candidates": 0,
          "peak_temp_bytes": 0,
          "estimated_vector_page_reads": 0,
          "estimated_payload_page_reads": 0,
          "estimated_graph_page_reads": 0,
          "mean_bq_posting_lookup_ms": 0.0,
          "mean_bq_node_mapping_ms": 0.0,
          "mean_bq_heap_scan_ms": 0.0,
          "mean_bq_output_sort_ms": 0.0,
          "bq_slot_cache_hits": 0,
          "bq_slot_cache_misses": 0,
          "mean_bq_mapped_candidates": 0.0,
          "mean_adaptive_ef_search": 0.0,
          "mean_vector_density_skew_ppm": 0.0,
          "selected_access_path": "AnnPostFilter",
          "property_path_cost": 0,
          "graph_path_cost": 0,
          "filtered_ann_path_cost": 0,
          "resident_heap_bytes": 53200116,
          "mapped_bytes": 26758086,
          "wal_bytes_delta": 0,
          "sidecar_bytes_delta": 0,
          "checkpoint_bytes_delta": 0,
          "temporary_spill_bytes_delta": 0
        },
        {
          "method": "tsng",
          "ef_search": 2048,
          "metadata_bonus_cap_ppm": 100000,
          "signal_queue_quota_ppm": 330000,
          "graph_seed_limit": 64,
          "p50_ms": 2.3891,
          "p95_ms": 2.6811000000000003,
          "p99_ms": 2.9689,
          "mean_recall_at_10": 0.9562499999999998,
          "mean_ndcg_at_10": 0.9741435697427038,
          "mean_result_count": 10.0,
          "mean_navigation_scores": 3303.8125,
          "mean_candidates_reranked": 2048.0,
          "peak_candidates": 0,
          "peak_temp_bytes": 0,
          "estimated_vector_page_reads": 0,
          "estimated_payload_page_reads": 0,
          "estimated_graph_page_reads": 0,
          "mean_bq_posting_lookup_ms": 0.0,
          "mean_bq_node_mapping_ms": 0.0,
          "mean_bq_heap_scan_ms": 0.0,
          "mean_bq_output_sort_ms": 0.0,
          "bq_slot_cache_hits": 0,
          "bq_slot_cache_misses": 0,
          "mean_bq_mapped_candidates": 0.0,
          "mean_adaptive_ef_search": 0.0,
          "mean_vector_density_skew_ppm": 0.0,
          "selected_access_path": "AnnPostFilter",
          "property_path_cost": 0,
          "graph_path_cost": 0,
          "filtered_ann_path_cost": 0,
          "resident_heap_bytes": 53200116,
          "mapped_bytes": 26758086,
          "wal_bytes_delta": 0,
          "sidecar_bytes_delta": 0,
          "checkpoint_bytes_delta": 0,
          "temporary_spill_bytes_delta": 0
        },
        {
          "method": "tsng",
          "ef_search": 2048,
          "metadata_bonus_cap_ppm": 100000,
          "signal_queue_quota_ppm": 330000,
          "graph_seed_limit": 256,
          "p50_ms": 2.3563,
          "p95_ms": 2.6277000000000004,
          "p99_ms": 2.6582,
          "mean_recall_at_10": 0.9562499999999998,
          "mean_ndcg_at_10": 0.9741435697427038,
          "mean_result_count": 10.0,
          "mean_navigation_scores": 3314.09375,
          "mean_candidates_reranked": 2048.0,
          "peak_candidates": 0,
          "peak_temp_bytes": 0,
          "estimated_vector_page_reads": 0,
          "estimated_payload_page_reads": 0,
          "estimated_graph_page_reads": 0,
          "mean_bq_posting_lookup_ms": 0.0,
          "mean_bq_node_mapping_ms": 0.0,
          "mean_bq_heap_scan_ms": 0.0,
          "mean_bq_output_sort_ms": 0.0,
          "bq_slot_cache_hits": 0,
          "bq_slot_cache_misses": 0,
          "mean_bq_mapped_candidates": 0.0,
          "mean_adaptive_ef_search": 0.0,
          "mean_vector_density_skew_ppm": 0.0,
          "selected_access_path": "AnnPostFilter",
          "property_path_cost": 0,
          "graph_path_cost": 0,
          "filtered_ann_path_cost": 0,
          "resident_heap_bytes": 53200116,
          "mapped_bytes": 26758086,
          "wal_bytes_delta": 0,
          "sidecar_bytes_delta": 0,
          "checkpoint_bytes_delta": 0,
          "temporary_spill_bytes_delta": 0
        },
        {
          "method": "tsng",
          "ef_search": 2048,
          "metadata_bonus_cap_ppm": 100000,
          "signal_queue_quota_ppm": 500000,
          "graph_seed_limit": 0,
          "p50_ms": 3.8529,
          "p95_ms": 6.2686,
          "p99_ms": 6.5401,
          "mean_recall_at_10": 0.8656249999999999,
          "mean_ndcg_at_10": 0.882057011647563,
          "mean_result_count": 10.0,
          "mean_navigation_scores": 9238.84375,
          "mean_candidates_reranked": 2048.0,
          "peak_candidates": 0,
          "peak_temp_bytes": 0,
          "estimated_vector_page_reads": 0,
          "estimated_payload_page_reads": 0,
          "estimated_graph_page_reads": 0,
          "mean_bq_posting_lookup_ms": 0.0,
          "mean_bq_node_mapping_ms": 0.0,
          "mean_bq_heap_scan_ms": 0.0,
          "mean_bq_output_sort_ms": 0.0,
          "bq_slot_cache_hits": 0,
          "bq_slot_cache_misses": 0,
          "mean_bq_mapped_candidates": 0.0,
          "mean_adaptive_ef_search": 0.0,
          "mean_vector_density_skew_ppm": 0.0,
          "selected_access_path": "AnnPostFilter",
          "property_path_cost": 0,
          "graph_path_cost": 0,
          "filtered_ann_path_cost": 0,
          "resident_heap_bytes": 53200116,
          "mapped_bytes": 26758086,
          "wal_bytes_delta": 0,
          "sidecar_bytes_delta": 0,
          "checkpoint_bytes_delta": 0,
          "temporary_spill_bytes_delta": 0
        },
        {
          "method": "tsng",
          "ef_search": 2048,
          "metadata_bonus_cap_ppm": 100000,
          "signal_queue_quota_ppm": 500000,
          "graph_seed_limit": 16,
          "p50_ms": 2.3922000000000003,
          "p95_ms": 3.1466,
          "p99_ms": 3.5577,
          "mean_recall_at_10": 0.9562499999999998,
          "mean_ndcg_at_10": 0.9741435697427038,
          "mean_result_count": 10.0,
          "mean_navigation_scores": 3303.40625,
          "mean_candidates_reranked": 2048.0,
          "peak_candidates": 0,
          "peak_temp_bytes": 0,
          "estimated_vector_page_reads": 0,
          "estimated_payload_page_reads": 0,
          "estimated_graph_page_reads": 0,
          "mean_bq_posting_lookup_ms": 0.0,
          "mean_bq_node_mapping_ms": 0.0,
          "mean_bq_heap_scan_ms": 0.0,
          "mean_bq_output_sort_ms": 0.0,
          "bq_slot_cache_hits": 0,
          "bq_slot_cache_misses": 0,
          "mean_bq_mapped_candidates": 0.0,
          "mean_adaptive_ef_search": 0.0,
          "mean_vector_density_skew_ppm": 0.0,
          "selected_access_path": "AnnPostFilter",
          "property_path_cost": 0,
          "graph_path_cost": 0,
          "filtered_ann_path_cost": 0,
          "resident_heap_bytes": 53200116,
          "mapped_bytes": 26758086,
          "wal_bytes_delta": 0,
          "sidecar_bytes_delta": 0,
          "checkpoint_bytes_delta": 0,
          "temporary_spill_bytes_delta": 0
        },
        {
          "method": "tsng",
          "ef_search": 2048,
          "metadata_bonus_cap_ppm": 100000,
          "signal_queue_quota_ppm": 500000,
          "graph_seed_limit": 64,
          "p50_ms": 2.4223,
          "p95_ms": 2.6709,
          "p99_ms": 2.7881,
          "mean_recall_at_10": 0.9562499999999998,
          "mean_ndcg_at_10": 0.9741435697427038,
          "mean_result_count": 10.0,
          "mean_navigation_scores": 3303.8125,
          "mean_candidates_reranked": 2048.0,
          "peak_candidates": 0,
          "peak_temp_bytes": 0,
          "estimated_vector_page_reads": 0,
          "estimated_payload_page_reads": 0,
          "estimated_graph_page_reads": 0,
          "mean_bq_posting_lookup_ms": 0.0,
          "mean_bq_node_mapping_ms": 0.0,
          "mean_bq_heap_scan_ms": 0.0,
          "mean_bq_output_sort_ms": 0.0,
          "bq_slot_cache_hits": 0,
          "bq_slot_cache_misses": 0,
          "mean_bq_mapped_candidates": 0.0,
          "mean_adaptive_ef_search": 0.0,
          "mean_vector_density_skew_ppm": 0.0,
          "selected_access_path": "AnnPostFilter",
          "property_path_cost": 0,
          "graph_path_cost": 0,
          "filtered_ann_path_cost": 0,
          "resident_heap_bytes": 53200116,
          "mapped_bytes": 26758086,
          "wal_bytes_delta": 0,
          "sidecar_bytes_delta": 0,
          "checkpoint_bytes_delta": 0,
          "temporary_spill_bytes_delta": 0
        },
        {
          "method": "tsng",
          "ef_search": 2048,
          "metadata_bonus_cap_ppm": 100000,
          "signal_queue_quota_ppm": 500000,
          "graph_seed_limit": 256,
          "p50_ms": 2.3495999999999997,
          "p95_ms": 2.7377000000000002,
          "p99_ms": 2.7469,
          "mean_recall_at_10": 0.9562499999999998,
          "mean_ndcg_at_10": 0.9741435697427038,
          "mean_result_count": 10.0,
          "mean_navigation_scores": 3314.09375,
          "mean_candidates_reranked": 2048.0,
          "peak_candidates": 0,
          "peak_temp_bytes": 0,
          "estimated_vector_page_reads": 0,
          "estimated_payload_page_reads": 0,
          "estimated_graph_page_reads": 0,
          "mean_bq_posting_lookup_ms": 0.0,
          "mean_bq_node_mapping_ms": 0.0,
          "mean_bq_heap_scan_ms": 0.0,
          "mean_bq_output_sort_ms": 0.0,
          "bq_slot_cache_hits": 0,
          "bq_slot_cache_misses": 0,
          "mean_bq_mapped_candidates": 0.0,
          "mean_adaptive_ef_search": 0.0,
          "mean_vector_density_skew_ppm": 0.0,
          "selected_access_path": "AnnPostFilter",
          "property_path_cost": 0,
          "graph_path_cost": 0,
          "filtered_ann_path_cost": 0,
          "resident_heap_bytes": 53200116,
          "mapped_bytes": 26758086,
          "wal_bytes_delta": 0,
          "sidecar_bytes_delta": 0,
          "checkpoint_bytes_delta": 0,
          "temporary_spill_bytes_delta": 0
        },
        {
          "method": "industrial_fixed",
          "ef_search": 4096,
          "metadata_bonus_cap_ppm": 0,
          "signal_queue_quota_ppm": 0,
          "graph_seed_limit": 0,
          "p50_ms": 2.0435000000000003,
          "p95_ms": 2.9933,
          "p99_ms": 3.0078,
          "mean_recall_at_10": 1.0,
          "mean_ndcg_at_10": 1.0,
          "mean_result_count": 10.0,
          "mean_navigation_scores": 19523.25,
          "mean_candidates_reranked": 338.875,
          "peak_candidates": 355,
          "peak_temp_bytes": 5680,
          "estimated_vector_page_reads": 694,
          "estimated_payload_page_reads": 10844,
          "estimated_graph_page_reads": 32,
          "mean_bq_posting_lookup_ms": 0.0,
          "mean_bq_node_mapping_ms": 0.0,
          "mean_bq_heap_scan_ms": 0.0,
          "mean_bq_output_sort_ms": 0.0,
          "bq_slot_cache_hits": 0,
          "bq_slot_cache_misses": 0,
          "mean_bq_mapped_candidates": 0.0,
          "mean_adaptive_ef_search": 4096.0,
          "mean_vector_density_skew_ppm": 996968.0,
          "selected_access_path": "GraphVectorUnion",
          "property_path_cost": 270976,
          "graph_path_cost": 18112,
          "filtered_ann_path_cost": 447652,
          "resident_heap_bytes": 53200116,
          "mapped_bytes": 26758086,
          "wal_bytes_delta": 0,
          "sidecar_bytes_delta": 0,
          "checkpoint_bytes_delta": 0,
          "temporary_spill_bytes_delta": 0
        },
        {
          "method": "industrial_selectivity",
          "ef_search": 4096,
          "metadata_bonus_cap_ppm": 0,
          "signal_queue_quota_ppm": 0,
          "graph_seed_limit": 0,
          "p50_ms": 2.0147,
          "p95_ms": 2.8414,
          "p99_ms": 3.2566,
          "mean_recall_at_10": 1.0,
          "mean_ndcg_at_10": 1.0,
          "mean_result_count": 10.0,
          "mean_navigation_scores": 19523.25,
          "mean_candidates_reranked": 338.875,
          "peak_candidates": 355,
          "peak_temp_bytes": 5680,
          "estimated_vector_page_reads": 694,
          "estimated_payload_page_reads": 10844,
          "estimated_graph_page_reads": 32,
          "mean_bq_posting_lookup_ms": 0.0,
          "mean_bq_node_mapping_ms": 0.0,
          "mean_bq_heap_scan_ms": 0.0,
          "mean_bq_output_sort_ms": 0.0,
          "bq_slot_cache_hits": 0,
          "bq_slot_cache_misses": 0,
          "mean_bq_mapped_candidates": 0.0,
          "mean_adaptive_ef_search": 4096.0,
          "mean_vector_density_skew_ppm": 996968.0,
          "selected_access_path": "GraphVectorUnion",
          "property_path_cost": 270976,
          "graph_path_cost": 18112,
          "filtered_ann_path_cost": 447652,
          "resident_heap_bytes": 53200116,
          "mapped_bytes": 26758086,
          "wal_bytes_delta": 0,
          "sidecar_bytes_delta": 0,
          "checkpoint_bytes_delta": 0,
          "temporary_spill_bytes_delta": 0
        },
        {
          "method": "industrial_density",
          "ef_search": 4096,
          "metadata_bonus_cap_ppm": 0,
          "signal_queue_quota_ppm": 0,
          "graph_seed_limit": 0,
          "p50_ms": 1.9327999999999999,
          "p95_ms": 2.9118,
          "p99_ms": 2.9650000000000003,
          "mean_recall_at_10": 1.0,
          "mean_ndcg_at_10": 1.0,
          "mean_result_count": 10.0,
          "mean_navigation_scores": 19523.25,
          "mean_candidates_reranked": 338.875,
          "peak_candidates": 355,
          "peak_temp_bytes": 5680,
          "estimated_vector_page_reads": 694,
          "estimated_payload_page_reads": 10844,
          "estimated_graph_page_reads": 32,
          "mean_bq_posting_lookup_ms": 0.0,
          "mean_bq_node_mapping_ms": 0.0,
          "mean_bq_heap_scan_ms": 0.0,
          "mean_bq_output_sort_ms": 0.0,
          "bq_slot_cache_hits": 0,
          "bq_slot_cache_misses": 0,
          "mean_bq_mapped_candidates": 0.0,
          "mean_adaptive_ef_search": 4096.0,
          "mean_vector_density_skew_ppm": 996968.0,
          "selected_access_path": "GraphVectorUnion",
          "property_path_cost": 270976,
          "graph_path_cost": 18112,
          "filtered_ann_path_cost": 447652,
          "resident_heap_bytes": 53200116,
          "mapped_bytes": 26758086,
          "wal_bytes_delta": 0,
          "sidecar_bytes_delta": 0,
          "checkpoint_bytes_delta": 0,
          "temporary_spill_bytes_delta": 0
        },
        {
          "method": "post_filter",
          "ef_search": 4096,
          "metadata_bonus_cap_ppm": 0,
          "signal_queue_quota_ppm": 0,
          "graph_seed_limit": 0,
          "p50_ms": 3.9094,
          "p95_ms": 4.9934,
          "p99_ms": 4.9959,
          "mean_recall_at_10": 1.0,
          "mean_ndcg_at_10": 1.0,
          "mean_result_count": 10.0,
          "mean_navigation_scores": 19523.25,
          "mean_candidates_reranked": 4096.0,
          "peak_candidates": 0,
          "peak_temp_bytes": 0,
          "estimated_vector_page_reads": 0,
          "estimated_payload_page_reads": 0,
          "estimated_graph_page_reads": 0,
          "mean_bq_posting_lookup_ms": 0.0,
          "mean_bq_node_mapping_ms": 0.0,
          "mean_bq_heap_scan_ms": 0.0,
          "mean_bq_output_sort_ms": 0.0,
          "bq_slot_cache_hits": 0,
          "bq_slot_cache_misses": 0,
          "mean_bq_mapped_candidates": 0.0,
          "mean_adaptive_ef_search": 0.0,
          "mean_vector_density_skew_ppm": 0.0,
          "selected_access_path": "AnnPostFilter",
          "property_path_cost": 0,
          "graph_path_cost": 0,
          "filtered_ann_path_cost": 0,
          "resident_heap_bytes": 53200116,
          "mapped_bytes": 26758086,
          "wal_bytes_delta": 0,
          "sidecar_bytes_delta": 0,
          "checkpoint_bytes_delta": 0,
          "temporary_spill_bytes_delta": 0
        },
        {
          "method": "tsng",
          "ef_search": 4096,
          "metadata_bonus_cap_ppm": 100000,
          "signal_queue_quota_ppm": 0,
          "graph_seed_limit": 0,
          "p50_ms": 5.9634,
          "p95_ms": 7.4996,
          "p99_ms": 8.1672,
          "mean_recall_at_10": 1.0,
          "mean_ndcg_at_10": 1.0,
          "mean_result_count": 10.0,
          "mean_navigation_scores": 19523.25,
          "mean_candidates_reranked": 4096.0,
          "peak_candidates": 0,
          "peak_temp_bytes": 0,
          "estimated_vector_page_reads": 0,
          "estimated_payload_page_reads": 0,
          "estimated_graph_page_reads": 0,
          "mean_bq_posting_lookup_ms": 0.0,
          "mean_bq_node_mapping_ms": 0.0,
          "mean_bq_heap_scan_ms": 0.0,
          "mean_bq_output_sort_ms": 0.0,
          "bq_slot_cache_hits": 0,
          "bq_slot_cache_misses": 0,
          "mean_bq_mapped_candidates": 0.0,
          "mean_adaptive_ef_search": 0.0,
          "mean_vector_density_skew_ppm": 0.0,
          "selected_access_path": "AnnPostFilter",
          "property_path_cost": 0,
          "graph_path_cost": 0,
          "filtered_ann_path_cost": 0,
          "resident_heap_bytes": 53200116,
          "mapped_bytes": 26758086,
          "wal_bytes_delta": 0,
          "sidecar_bytes_delta": 0,
          "checkpoint_bytes_delta": 0,
          "temporary_spill_bytes_delta": 0
        },
        {
          "method": "tsng",
          "ef_search": 4096,
          "metadata_bonus_cap_ppm": 100000,
          "signal_queue_quota_ppm": 0,
          "graph_seed_limit": 16,
          "p50_ms": 7.4106,
          "p95_ms": 9.6105,
          "p99_ms": 9.7017,
          "mean_recall_at_10": 1.0,
          "mean_ndcg_at_10": 1.0,
          "mean_result_count": 10.0,
          "mean_navigation_scores": 16202.65625,
          "mean_candidates_reranked": 4096.0,
          "peak_candidates": 0,
          "peak_temp_bytes": 0,
          "estimated_vector_page_reads": 0,
          "estimated_payload_page_reads": 0,
          "estimated_graph_page_reads": 0,
          "mean_bq_posting_lookup_ms": 0.0,
          "mean_bq_node_mapping_ms": 0.0,
          "mean_bq_heap_scan_ms": 0.0,
          "mean_bq_output_sort_ms": 0.0,
          "bq_slot_cache_hits": 0,
          "bq_slot_cache_misses": 0,
          "mean_bq_mapped_candidates": 0.0,
          "mean_adaptive_ef_search": 0.0,
          "mean_vector_density_skew_ppm": 0.0,
          "selected_access_path": "AnnPostFilter",
          "property_path_cost": 0,
          "graph_path_cost": 0,
          "filtered_ann_path_cost": 0,
          "resident_heap_bytes": 53200116,
          "mapped_bytes": 26758086,
          "wal_bytes_delta": 0,
          "sidecar_bytes_delta": 0,
          "checkpoint_bytes_delta": 0,
          "temporary_spill_bytes_delta": 0
        },
        {
          "method": "graph_union",
          "ef_search": 4096,
          "metadata_bonus_cap_ppm": 100000,
          "signal_queue_quota_ppm": 0,
          "graph_seed_limit": 16,
          "p50_ms": 4.0919,
          "p95_ms": 5.3205,
          "p99_ms": 5.5981,
          "mean_recall_at_10": 1.0,
          "mean_ndcg_at_10": 1.0,
          "mean_result_count": 10.0,
          "mean_navigation_scores": 19523.25,
          "mean_candidates_reranked": 4096.03125,
          "peak_candidates": 0,
          "peak_temp_bytes": 0,
          "estimated_vector_page_reads": 0,
          "estimated_payload_page_reads": 0,
          "estimated_graph_page_reads": 0,
          "mean_bq_posting_lookup_ms": 0.0,
          "mean_bq_node_mapping_ms": 0.0,
          "mean_bq_heap_scan_ms": 0.0,
          "mean_bq_output_sort_ms": 0.0,
          "bq_slot_cache_hits": 0,
          "bq_slot_cache_misses": 0,
          "mean_bq_mapped_candidates": 0.0,
          "mean_adaptive_ef_search": 0.0,
          "mean_vector_density_skew_ppm": 0.0,
          "selected_access_path": "AnnPostFilter",
          "property_path_cost": 0,
          "graph_path_cost": 0,
          "filtered_ann_path_cost": 0,
          "resident_heap_bytes": 53200116,
          "mapped_bytes": 26758086,
          "wal_bytes_delta": 0,
          "sidecar_bytes_delta": 0,
          "checkpoint_bytes_delta": 0,
          "temporary_spill_bytes_delta": 0
        },
        {
          "method": "tsng",
          "ef_search": 4096,
          "metadata_bonus_cap_ppm": 100000,
          "signal_queue_quota_ppm": 0,
          "graph_seed_limit": 64,
          "p50_ms": 7.5844,
          "p95_ms": 9.142900000000001,
          "p99_ms": 9.7629,
          "mean_recall_at_10": 1.0,
          "mean_ndcg_at_10": 1.0,
          "mean_result_count": 10.0,
          "mean_navigation_scores": 16202.71875,
          "mean_candidates_reranked": 4096.0,
          "peak_candidates": 0,
          "peak_temp_bytes": 0,
          "estimated_vector_page_reads": 0,
          "estimated_payload_page_reads": 0,
          "estimated_graph_page_reads": 0,
          "mean_bq_posting_lookup_ms": 0.0,
          "mean_bq_node_mapping_ms": 0.0,
          "mean_bq_heap_scan_ms": 0.0,
          "mean_bq_output_sort_ms": 0.0,
          "bq_slot_cache_hits": 0,
          "bq_slot_cache_misses": 0,
          "mean_bq_mapped_candidates": 0.0,
          "mean_adaptive_ef_search": 0.0,
          "mean_vector_density_skew_ppm": 0.0,
          "selected_access_path": "AnnPostFilter",
          "property_path_cost": 0,
          "graph_path_cost": 0,
          "filtered_ann_path_cost": 0,
          "resident_heap_bytes": 53200116,
          "mapped_bytes": 26758086,
          "wal_bytes_delta": 0,
          "sidecar_bytes_delta": 0,
          "checkpoint_bytes_delta": 0,
          "temporary_spill_bytes_delta": 0
        },
        {
          "method": "graph_union",
          "ef_search": 4096,
          "metadata_bonus_cap_ppm": 100000,
          "signal_queue_quota_ppm": 0,
          "graph_seed_limit": 64,
          "p50_ms": 4.3484,
          "p95_ms": 5.2776000000000005,
          "p99_ms": 5.5965,
          "mean_recall_at_10": 1.0,
          "mean_ndcg_at_10": 1.0,
          "mean_result_count": 10.0,
          "mean_navigation_scores": 19523.25,
          "mean_candidates_reranked": 4096.3125,
          "peak_candidates": 0,
          "peak_temp_bytes": 0,
          "estimated_vector_page_reads": 0,
          "estimated_payload_page_reads": 0,
          "estimated_graph_page_reads": 0,
          "mean_bq_posting_lookup_ms": 0.0,
          "mean_bq_node_mapping_ms": 0.0,
          "mean_bq_heap_scan_ms": 0.0,
          "mean_bq_output_sort_ms": 0.0,
          "bq_slot_cache_hits": 0,
          "bq_slot_cache_misses": 0,
          "mean_bq_mapped_candidates": 0.0,
          "mean_adaptive_ef_search": 0.0,
          "mean_vector_density_skew_ppm": 0.0,
          "selected_access_path": "AnnPostFilter",
          "property_path_cost": 0,
          "graph_path_cost": 0,
          "filtered_ann_path_cost": 0,
          "resident_heap_bytes": 53200116,
          "mapped_bytes": 26758086,
          "wal_bytes_delta": 0,
          "sidecar_bytes_delta": 0,
          "checkpoint_bytes_delta": 0,
          "temporary_spill_bytes_delta": 0
        },
        {
          "method": "tsng",
          "ef_search": 4096,
          "metadata_bonus_cap_ppm": 100000,
          "signal_queue_quota_ppm": 0,
          "graph_seed_limit": 256,
          "p50_ms": 7.6721,
          "p95_ms": 9.1548,
          "p99_ms": 9.203899999999999,
          "mean_recall_at_10": 1.0,
          "mean_ndcg_at_10": 1.0,
          "mean_result_count": 10.0,
          "mean_navigation_scores": 16221.875,
          "mean_candidates_reranked": 4096.0,
          "peak_candidates": 0,
          "peak_temp_bytes": 0,
          "estimated_vector_page_reads": 0,
          "estimated_payload_page_reads": 0,
          "estimated_graph_page_reads": 0,
          "mean_bq_posting_lookup_ms": 0.0,
          "mean_bq_node_mapping_ms": 0.0,
          "mean_bq_heap_scan_ms": 0.0,
          "mean_bq_output_sort_ms": 0.0,
          "bq_slot_cache_hits": 0,
          "bq_slot_cache_misses": 0,
          "mean_bq_mapped_candidates": 0.0,
          "mean_adaptive_ef_search": 0.0,
          "mean_vector_density_skew_ppm": 0.0,
          "selected_access_path": "AnnPostFilter",
          "property_path_cost": 0,
          "graph_path_cost": 0,
          "filtered_ann_path_cost": 0,
          "resident_heap_bytes": 53200116,
          "mapped_bytes": 26758086,
          "wal_bytes_delta": 0,
          "sidecar_bytes_delta": 0,
          "checkpoint_bytes_delta": 0,
          "temporary_spill_bytes_delta": 0
        },
        {
          "method": "graph_union",
          "ef_search": 4096,
          "metadata_bonus_cap_ppm": 100000,
          "signal_queue_quota_ppm": 0,
          "graph_seed_limit": 256,
          "p50_ms": 3.9110000000000005,
          "p95_ms": 4.8066,
          "p99_ms": 4.8932,
          "mean_recall_at_10": 1.0,
          "mean_ndcg_at_10": 1.0,
          "mean_result_count": 10.0,
          "mean_navigation_scores": 19523.25,
          "mean_candidates_reranked": 4097.03125,
          "peak_candidates": 0,
          "peak_temp_bytes": 0,
          "estimated_vector_page_reads": 0,
          "estimated_payload_page_reads": 0,
          "estimated_graph_page_reads": 0,
          "mean_bq_posting_lookup_ms": 0.0,
          "mean_bq_node_mapping_ms": 0.0,
          "mean_bq_heap_scan_ms": 0.0,
          "mean_bq_output_sort_ms": 0.0,
          "bq_slot_cache_hits": 0,
          "bq_slot_cache_misses": 0,
          "mean_bq_mapped_candidates": 0.0,
          "mean_adaptive_ef_search": 0.0,
          "mean_vector_density_skew_ppm": 0.0,
          "selected_access_path": "AnnPostFilter",
          "property_path_cost": 0,
          "graph_path_cost": 0,
          "filtered_ann_path_cost": 0,
          "resident_heap_bytes": 53200116,
          "mapped_bytes": 26758086,
          "wal_bytes_delta": 0,
          "sidecar_bytes_delta": 0,
          "checkpoint_bytes_delta": 0,
          "temporary_spill_bytes_delta": 0
        },
        {
          "method": "tsng",
          "ef_search": 4096,
          "metadata_bonus_cap_ppm": 100000,
          "signal_queue_quota_ppm": 100000,
          "graph_seed_limit": 0,
          "p50_ms": 8.8614,
          "p95_ms": 11.7212,
          "p99_ms": 12.2662,
          "mean_recall_at_10": 1.0,
          "mean_ndcg_at_10": 1.0,
          "mean_result_count": 10.0,
          "mean_navigation_scores": 20326.90625,
          "mean_candidates_reranked": 4096.0,
          "peak_candidates": 0,
          "peak_temp_bytes": 0,
          "estimated_vector_page_reads": 0,
          "estimated_payload_page_reads": 0,
          "estimated_graph_page_reads": 0,
          "mean_bq_posting_lookup_ms": 0.0,
          "mean_bq_node_mapping_ms": 0.0,
          "mean_bq_heap_scan_ms": 0.0,
          "mean_bq_output_sort_ms": 0.0,
          "bq_slot_cache_hits": 0,
          "bq_slot_cache_misses": 0,
          "mean_bq_mapped_candidates": 0.0,
          "mean_adaptive_ef_search": 0.0,
          "mean_vector_density_skew_ppm": 0.0,
          "selected_access_path": "AnnPostFilter",
          "property_path_cost": 0,
          "graph_path_cost": 0,
          "filtered_ann_path_cost": 0,
          "resident_heap_bytes": 53200116,
          "mapped_bytes": 26758086,
          "wal_bytes_delta": 0,
          "sidecar_bytes_delta": 0,
          "checkpoint_bytes_delta": 0,
          "temporary_spill_bytes_delta": 0
        },
        {
          "method": "tsng",
          "ef_search": 4096,
          "metadata_bonus_cap_ppm": 100000,
          "signal_queue_quota_ppm": 100000,
          "graph_seed_limit": 16,
          "p50_ms": 7.5182,
          "p95_ms": 9.1675,
          "p99_ms": 9.2877,
          "mean_recall_at_10": 1.0,
          "mean_ndcg_at_10": 1.0,
          "mean_result_count": 10.0,
          "mean_navigation_scores": 16202.65625,
          "mean_candidates_reranked": 4096.0,
          "peak_candidates": 0,
          "peak_temp_bytes": 0,
          "estimated_vector_page_reads": 0,
          "estimated_payload_page_reads": 0,
          "estimated_graph_page_reads": 0,
          "mean_bq_posting_lookup_ms": 0.0,
          "mean_bq_node_mapping_ms": 0.0,
          "mean_bq_heap_scan_ms": 0.0,
          "mean_bq_output_sort_ms": 0.0,
          "bq_slot_cache_hits": 0,
          "bq_slot_cache_misses": 0,
          "mean_bq_mapped_candidates": 0.0,
          "mean_adaptive_ef_search": 0.0,
          "mean_vector_density_skew_ppm": 0.0,
          "selected_access_path": "AnnPostFilter",
          "property_path_cost": 0,
          "graph_path_cost": 0,
          "filtered_ann_path_cost": 0,
          "resident_heap_bytes": 53200116,
          "mapped_bytes": 26758086,
          "wal_bytes_delta": 0,
          "sidecar_bytes_delta": 0,
          "checkpoint_bytes_delta": 0,
          "temporary_spill_bytes_delta": 0
        },
        {
          "method": "tsng",
          "ef_search": 4096,
          "metadata_bonus_cap_ppm": 100000,
          "signal_queue_quota_ppm": 100000,
          "graph_seed_limit": 64,
          "p50_ms": 8.7089,
          "p95_ms": 11.2782,
          "p99_ms": 11.593900000000001,
          "mean_recall_at_10": 1.0,
          "mean_ndcg_at_10": 1.0,
          "mean_result_count": 10.0,
          "mean_navigation_scores": 16202.71875,
          "mean_candidates_reranked": 4096.0,
          "peak_candidates": 0,
          "peak_temp_bytes": 0,
          "estimated_vector_page_reads": 0,
          "estimated_payload_page_reads": 0,
          "estimated_graph_page_reads": 0,
          "mean_bq_posting_lookup_ms": 0.0,
          "mean_bq_node_mapping_ms": 0.0,
          "mean_bq_heap_scan_ms": 0.0,
          "mean_bq_output_sort_ms": 0.0,
          "bq_slot_cache_hits": 0,
          "bq_slot_cache_misses": 0,
          "mean_bq_mapped_candidates": 0.0,
          "mean_adaptive_ef_search": 0.0,
          "mean_vector_density_skew_ppm": 0.0,
          "selected_access_path": "AnnPostFilter",
          "property_path_cost": 0,
          "graph_path_cost": 0,
          "filtered_ann_path_cost": 0,
          "resident_heap_bytes": 53200116,
          "mapped_bytes": 26758086,
          "wal_bytes_delta": 0,
          "sidecar_bytes_delta": 0,
          "checkpoint_bytes_delta": 0,
          "temporary_spill_bytes_delta": 0
        },
        {
          "method": "tsng",
          "ef_search": 4096,
          "metadata_bonus_cap_ppm": 100000,
          "signal_queue_quota_ppm": 100000,
          "graph_seed_limit": 256,
          "p50_ms": 7.1337,
          "p95_ms": 8.978,
          "p99_ms": 9.379,
          "mean_recall_at_10": 1.0,
          "mean_ndcg_at_10": 1.0,
          "mean_result_count": 10.0,
          "mean_navigation_scores": 16221.875,
          "mean_candidates_reranked": 4096.0,
          "peak_candidates": 0,
          "peak_temp_bytes": 0,
          "estimated_vector_page_reads": 0,
          "estimated_payload_page_reads": 0,
          "estimated_graph_page_reads": 0,
          "mean_bq_posting_lookup_ms": 0.0,
          "mean_bq_node_mapping_ms": 0.0,
          "mean_bq_heap_scan_ms": 0.0,
          "mean_bq_output_sort_ms": 0.0,
          "bq_slot_cache_hits": 0,
          "bq_slot_cache_misses": 0,
          "mean_bq_mapped_candidates": 0.0,
          "mean_adaptive_ef_search": 0.0,
          "mean_vector_density_skew_ppm": 0.0,
          "selected_access_path": "AnnPostFilter",
          "property_path_cost": 0,
          "graph_path_cost": 0,
          "filtered_ann_path_cost": 0,
          "resident_heap_bytes": 53200116,
          "mapped_bytes": 26758086,
          "wal_bytes_delta": 0,
          "sidecar_bytes_delta": 0,
          "checkpoint_bytes_delta": 0,
          "temporary_spill_bytes_delta": 0
        },
        {
          "method": "tsng",
          "ef_search": 4096,
          "metadata_bonus_cap_ppm": 100000,
          "signal_queue_quota_ppm": 200000,
          "graph_seed_limit": 0,
          "p50_ms": 8.6197,
          "p95_ms": 12.118500000000001,
          "p99_ms": 12.764899999999999,
          "mean_recall_at_10": 1.0,
          "mean_ndcg_at_10": 1.0,
          "mean_result_count": 10.0,
          "mean_navigation_scores": 20326.90625,
          "mean_candidates_reranked": 4096.0,
          "peak_candidates": 0,
          "peak_temp_bytes": 0,
          "estimated_vector_page_reads": 0,
          "estimated_payload_page_reads": 0,
          "estimated_graph_page_reads": 0,
          "mean_bq_posting_lookup_ms": 0.0,
          "mean_bq_node_mapping_ms": 0.0,
          "mean_bq_heap_scan_ms": 0.0,
          "mean_bq_output_sort_ms": 0.0,
          "bq_slot_cache_hits": 0,
          "bq_slot_cache_misses": 0,
          "mean_bq_mapped_candidates": 0.0,
          "mean_adaptive_ef_search": 0.0,
          "mean_vector_density_skew_ppm": 0.0,
          "selected_access_path": "AnnPostFilter",
          "property_path_cost": 0,
          "graph_path_cost": 0,
          "filtered_ann_path_cost": 0,
          "resident_heap_bytes": 53200116,
          "mapped_bytes": 26758086,
          "wal_bytes_delta": 0,
          "sidecar_bytes_delta": 0,
          "checkpoint_bytes_delta": 0,
          "temporary_spill_bytes_delta": 0
        },
        {
          "method": "tsng",
          "ef_search": 4096,
          "metadata_bonus_cap_ppm": 100000,
          "signal_queue_quota_ppm": 200000,
          "graph_seed_limit": 16,
          "p50_ms": 7.4356,
          "p95_ms": 9.0327,
          "p99_ms": 9.056899999999999,
          "mean_recall_at_10": 1.0,
          "mean_ndcg_at_10": 1.0,
          "mean_result_count": 10.0,
          "mean_navigation_scores": 16202.65625,
          "mean_candidates_reranked": 4096.0,
          "peak_candidates": 0,
          "peak_temp_bytes": 0,
          "estimated_vector_page_reads": 0,
          "estimated_payload_page_reads": 0,
          "estimated_graph_page_reads": 0,
          "mean_bq_posting_lookup_ms": 0.0,
          "mean_bq_node_mapping_ms": 0.0,
          "mean_bq_heap_scan_ms": 0.0,
          "mean_bq_output_sort_ms": 0.0,
          "bq_slot_cache_hits": 0,
          "bq_slot_cache_misses": 0,
          "mean_bq_mapped_candidates": 0.0,
          "mean_adaptive_ef_search": 0.0,
          "mean_vector_density_skew_ppm": 0.0,
          "selected_access_path": "AnnPostFilter",
          "property_path_cost": 0,
          "graph_path_cost": 0,
          "filtered_ann_path_cost": 0,
          "resident_heap_bytes": 53200116,
          "mapped_bytes": 26758086,
          "wal_bytes_delta": 0,
          "sidecar_bytes_delta": 0,
          "checkpoint_bytes_delta": 0,
          "temporary_spill_bytes_delta": 0
        },
        {
          "method": "tsng",
          "ef_search": 4096,
          "metadata_bonus_cap_ppm": 100000,
          "signal_queue_quota_ppm": 200000,
          "graph_seed_limit": 64,
          "p50_ms": 7.4376,
          "p95_ms": 9.119399999999999,
          "p99_ms": 9.4484,
          "mean_recall_at_10": 1.0,
          "mean_ndcg_at_10": 1.0,
          "mean_result_count": 10.0,
          "mean_navigation_scores": 16202.71875,
          "mean_candidates_reranked": 4096.0,
          "peak_candidates": 0,
          "peak_temp_bytes": 0,
          "estimated_vector_page_reads": 0,
          "estimated_payload_page_reads": 0,
          "estimated_graph_page_reads": 0,
          "mean_bq_posting_lookup_ms": 0.0,
          "mean_bq_node_mapping_ms": 0.0,
          "mean_bq_heap_scan_ms": 0.0,
          "mean_bq_output_sort_ms": 0.0,
          "bq_slot_cache_hits": 0,
          "bq_slot_cache_misses": 0,
          "mean_bq_mapped_candidates": 0.0,
          "mean_adaptive_ef_search": 0.0,
          "mean_vector_density_skew_ppm": 0.0,
          "selected_access_path": "AnnPostFilter",
          "property_path_cost": 0,
          "graph_path_cost": 0,
          "filtered_ann_path_cost": 0,
          "resident_heap_bytes": 53200116,
          "mapped_bytes": 26758086,
          "wal_bytes_delta": 0,
          "sidecar_bytes_delta": 0,
          "checkpoint_bytes_delta": 0,
          "temporary_spill_bytes_delta": 0
        },
        {
          "method": "tsng",
          "ef_search": 4096,
          "metadata_bonus_cap_ppm": 100000,
          "signal_queue_quota_ppm": 200000,
          "graph_seed_limit": 256,
          "p50_ms": 7.6248000000000005,
          "p95_ms": 9.28,
          "p99_ms": 9.3394,
          "mean_recall_at_10": 1.0,
          "mean_ndcg_at_10": 1.0,
          "mean_result_count": 10.0,
          "mean_navigation_scores": 16221.875,
          "mean_candidates_reranked": 4096.0,
          "peak_candidates": 0,
          "peak_temp_bytes": 0,
          "estimated_vector_page_reads": 0,
          "estimated_payload_page_reads": 0,
          "estimated_graph_page_reads": 0,
          "mean_bq_posting_lookup_ms": 0.0,
          "mean_bq_node_mapping_ms": 0.0,
          "mean_bq_heap_scan_ms": 0.0,
          "mean_bq_output_sort_ms": 0.0,
          "bq_slot_cache_hits": 0,
          "bq_slot_cache_misses": 0,
          "mean_bq_mapped_candidates": 0.0,
          "mean_adaptive_ef_search": 0.0,
          "mean_vector_density_skew_ppm": 0.0,
          "selected_access_path": "AnnPostFilter",
          "property_path_cost": 0,
          "graph_path_cost": 0,
          "filtered_ann_path_cost": 0,
          "resident_heap_bytes": 53200116,
          "mapped_bytes": 26758086,
          "wal_bytes_delta": 0,
          "sidecar_bytes_delta": 0,
          "checkpoint_bytes_delta": 0,
          "temporary_spill_bytes_delta": 0
        },
        {
          "method": "tsng",
          "ef_search": 4096,
          "metadata_bonus_cap_ppm": 100000,
          "signal_queue_quota_ppm": 250000,
          "graph_seed_limit": 0,
          "p50_ms": 8.9077,
          "p95_ms": 12.8797,
          "p99_ms": 14.923,
          "mean_recall_at_10": 1.0,
          "mean_ndcg_at_10": 1.0,
          "mean_result_count": 10.0,
          "mean_navigation_scores": 20326.90625,
          "mean_candidates_reranked": 4096.0,
          "peak_candidates": 0,
          "peak_temp_bytes": 0,
          "estimated_vector_page_reads": 0,
          "estimated_payload_page_reads": 0,
          "estimated_graph_page_reads": 0,
          "mean_bq_posting_lookup_ms": 0.0,
          "mean_bq_node_mapping_ms": 0.0,
          "mean_bq_heap_scan_ms": 0.0,
          "mean_bq_output_sort_ms": 0.0,
          "bq_slot_cache_hits": 0,
          "bq_slot_cache_misses": 0,
          "mean_bq_mapped_candidates": 0.0,
          "mean_adaptive_ef_search": 0.0,
          "mean_vector_density_skew_ppm": 0.0,
          "selected_access_path": "AnnPostFilter",
          "property_path_cost": 0,
          "graph_path_cost": 0,
          "filtered_ann_path_cost": 0,
          "resident_heap_bytes": 53200116,
          "mapped_bytes": 26758086,
          "wal_bytes_delta": 0,
          "sidecar_bytes_delta": 0,
          "checkpoint_bytes_delta": 0,
          "temporary_spill_bytes_delta": 0
        },
        {
          "method": "tsng",
          "ef_search": 4096,
          "metadata_bonus_cap_ppm": 100000,
          "signal_queue_quota_ppm": 250000,
          "graph_seed_limit": 16,
          "p50_ms": 7.9071,
          "p95_ms": 9.766,
          "p99_ms": 10.257499999999999,
          "mean_recall_at_10": 1.0,
          "mean_ndcg_at_10": 1.0,
          "mean_result_count": 10.0,
          "mean_navigation_scores": 16202.65625,
          "mean_candidates_reranked": 4096.0,
          "peak_candidates": 0,
          "peak_temp_bytes": 0,
          "estimated_vector_page_reads": 0,
          "estimated_payload_page_reads": 0,
          "estimated_graph_page_reads": 0,
          "mean_bq_posting_lookup_ms": 0.0,
          "mean_bq_node_mapping_ms": 0.0,
          "mean_bq_heap_scan_ms": 0.0,
          "mean_bq_output_sort_ms": 0.0,
          "bq_slot_cache_hits": 0,
          "bq_slot_cache_misses": 0,
          "mean_bq_mapped_candidates": 0.0,
          "mean_adaptive_ef_search": 0.0,
          "mean_vector_density_skew_ppm": 0.0,
          "selected_access_path": "AnnPostFilter",
          "property_path_cost": 0,
          "graph_path_cost": 0,
          "filtered_ann_path_cost": 0,
          "resident_heap_bytes": 53200116,
          "mapped_bytes": 26758086,
          "wal_bytes_delta": 0,
          "sidecar_bytes_delta": 0,
          "checkpoint_bytes_delta": 0,
          "temporary_spill_bytes_delta": 0
        },
        {
          "method": "tsng",
          "ef_search": 4096,
          "metadata_bonus_cap_ppm": 100000,
          "signal_queue_quota_ppm": 250000,
          "graph_seed_limit": 64,
          "p50_ms": 7.4642,
          "p95_ms": 9.266399999999999,
          "p99_ms": 9.303600000000001,
          "mean_recall_at_10": 1.0,
          "mean_ndcg_at_10": 1.0,
          "mean_result_count": 10.0,
          "mean_navigation_scores": 16202.71875,
          "mean_candidates_reranked": 4096.0,
          "peak_candidates": 0,
          "peak_temp_bytes": 0,
          "estimated_vector_page_reads": 0,
          "estimated_payload_page_reads": 0,
          "estimated_graph_page_reads": 0,
          "mean_bq_posting_lookup_ms": 0.0,
          "mean_bq_node_mapping_ms": 0.0,
          "mean_bq_heap_scan_ms": 0.0,
          "mean_bq_output_sort_ms": 0.0,
          "bq_slot_cache_hits": 0,
          "bq_slot_cache_misses": 0,
          "mean_bq_mapped_candidates": 0.0,
          "mean_adaptive_ef_search": 0.0,
          "mean_vector_density_skew_ppm": 0.0,
          "selected_access_path": "AnnPostFilter",
          "property_path_cost": 0,
          "graph_path_cost": 0,
          "filtered_ann_path_cost": 0,
          "resident_heap_bytes": 53200116,
          "mapped_bytes": 26758086,
          "wal_bytes_delta": 0,
          "sidecar_bytes_delta": 0,
          "checkpoint_bytes_delta": 0,
          "temporary_spill_bytes_delta": 0
        },
        {
          "method": "tsng",
          "ef_search": 4096,
          "metadata_bonus_cap_ppm": 100000,
          "signal_queue_quota_ppm": 250000,
          "graph_seed_limit": 256,
          "p50_ms": 7.4932,
          "p95_ms": 8.9302,
          "p99_ms": 9.3062,
          "mean_recall_at_10": 1.0,
          "mean_ndcg_at_10": 1.0,
          "mean_result_count": 10.0,
          "mean_navigation_scores": 16221.875,
          "mean_candidates_reranked": 4096.0,
          "peak_candidates": 0,
          "peak_temp_bytes": 0,
          "estimated_vector_page_reads": 0,
          "estimated_payload_page_reads": 0,
          "estimated_graph_page_reads": 0,
          "mean_bq_posting_lookup_ms": 0.0,
          "mean_bq_node_mapping_ms": 0.0,
          "mean_bq_heap_scan_ms": 0.0,
          "mean_bq_output_sort_ms": 0.0,
          "bq_slot_cache_hits": 0,
          "bq_slot_cache_misses": 0,
          "mean_bq_mapped_candidates": 0.0,
          "mean_adaptive_ef_search": 0.0,
          "mean_vector_density_skew_ppm": 0.0,
          "selected_access_path": "AnnPostFilter",
          "property_path_cost": 0,
          "graph_path_cost": 0,
          "filtered_ann_path_cost": 0,
          "resident_heap_bytes": 53200116,
          "mapped_bytes": 26758086,
          "wal_bytes_delta": 0,
          "sidecar_bytes_delta": 0,
          "checkpoint_bytes_delta": 0,
          "temporary_spill_bytes_delta": 0
        },
        {
          "method": "tsng",
          "ef_search": 4096,
          "metadata_bonus_cap_ppm": 100000,
          "signal_queue_quota_ppm": 330000,
          "graph_seed_limit": 0,
          "p50_ms": 9.0101,
          "p95_ms": 11.9613,
          "p99_ms": 13.162500000000001,
          "mean_recall_at_10": 1.0,
          "mean_ndcg_at_10": 1.0,
          "mean_result_count": 10.0,
          "mean_navigation_scores": 20326.90625,
          "mean_candidates_reranked": 4096.0,
          "peak_candidates": 0,
          "peak_temp_bytes": 0,
          "estimated_vector_page_reads": 0,
          "estimated_payload_page_reads": 0,
          "estimated_graph_page_reads": 0,
          "mean_bq_posting_lookup_ms": 0.0,
          "mean_bq_node_mapping_ms": 0.0,
          "mean_bq_heap_scan_ms": 0.0,
          "mean_bq_output_sort_ms": 0.0,
          "bq_slot_cache_hits": 0,
          "bq_slot_cache_misses": 0,
          "mean_bq_mapped_candidates": 0.0,
          "mean_adaptive_ef_search": 0.0,
          "mean_vector_density_skew_ppm": 0.0,
          "selected_access_path": "AnnPostFilter",
          "property_path_cost": 0,
          "graph_path_cost": 0,
          "filtered_ann_path_cost": 0,
          "resident_heap_bytes": 53200116,
          "mapped_bytes": 26758086,
          "wal_bytes_delta": 0,
          "sidecar_bytes_delta": 0,
          "checkpoint_bytes_delta": 0,
          "temporary_spill_bytes_delta": 0
        },
        {
          "method": "tsng",
          "ef_search": 4096,
          "metadata_bonus_cap_ppm": 100000,
          "signal_queue_quota_ppm": 330000,
          "graph_seed_limit": 16,
          "p50_ms": 7.4336,
          "p95_ms": 9.038400000000001,
          "p99_ms": 9.3051,
          "mean_recall_at_10": 1.0,
          "mean_ndcg_at_10": 1.0,
          "mean_result_count": 10.0,
          "mean_navigation_scores": 16202.65625,
          "mean_candidates_reranked": 4096.0,
          "peak_candidates": 0,
          "peak_temp_bytes": 0,
          "estimated_vector_page_reads": 0,
          "estimated_payload_page_reads": 0,
          "estimated_graph_page_reads": 0,
          "mean_bq_posting_lookup_ms": 0.0,
          "mean_bq_node_mapping_ms": 0.0,
          "mean_bq_heap_scan_ms": 0.0,
          "mean_bq_output_sort_ms": 0.0,
          "bq_slot_cache_hits": 0,
          "bq_slot_cache_misses": 0,
          "mean_bq_mapped_candidates": 0.0,
          "mean_adaptive_ef_search": 0.0,
          "mean_vector_density_skew_ppm": 0.0,
          "selected_access_path": "AnnPostFilter",
          "property_path_cost": 0,
          "graph_path_cost": 0,
          "filtered_ann_path_cost": 0,
          "resident_heap_bytes": 53200116,
          "mapped_bytes": 26758086,
          "wal_bytes_delta": 0,
          "sidecar_bytes_delta": 0,
          "checkpoint_bytes_delta": 0,
          "temporary_spill_bytes_delta": 0
        },
        {
          "method": "tsng",
          "ef_search": 4096,
          "metadata_bonus_cap_ppm": 100000,
          "signal_queue_quota_ppm": 330000,
          "graph_seed_limit": 64,
          "p50_ms": 8.149999999999999,
          "p95_ms": 9.698500000000001,
          "p99_ms": 10.2445,
          "mean_recall_at_10": 1.0,
          "mean_ndcg_at_10": 1.0,
          "mean_result_count": 10.0,
          "mean_navigation_scores": 16202.71875,
          "mean_candidates_reranked": 4096.0,
          "peak_candidates": 0,
          "peak_temp_bytes": 0,
          "estimated_vector_page_reads": 0,
          "estimated_payload_page_reads": 0,
          "estimated_graph_page_reads": 0,
          "mean_bq_posting_lookup_ms": 0.0,
          "mean_bq_node_mapping_ms": 0.0,
          "mean_bq_heap_scan_ms": 0.0,
          "mean_bq_output_sort_ms": 0.0,
          "bq_slot_cache_hits": 0,
          "bq_slot_cache_misses": 0,
          "mean_bq_mapped_candidates": 0.0,
          "mean_adaptive_ef_search": 0.0,
          "mean_vector_density_skew_ppm": 0.0,
          "selected_access_path": "AnnPostFilter",
          "property_path_cost": 0,
          "graph_path_cost": 0,
          "filtered_ann_path_cost": 0,
          "resident_heap_bytes": 53200116,
          "mapped_bytes": 26758086,
          "wal_bytes_delta": 0,
          "sidecar_bytes_delta": 0,
          "checkpoint_bytes_delta": 0,
          "temporary_spill_bytes_delta": 0
        },
        {
          "method": "tsng",
          "ef_search": 4096,
          "metadata_bonus_cap_ppm": 100000,
          "signal_queue_quota_ppm": 330000,
          "graph_seed_limit": 256,
          "p50_ms": 7.6785000000000005,
          "p95_ms": 9.0686,
          "p99_ms": 9.229700000000001,
          "mean_recall_at_10": 1.0,
          "mean_ndcg_at_10": 1.0,
          "mean_result_count": 10.0,
          "mean_navigation_scores": 16221.875,
          "mean_candidates_reranked": 4096.0,
          "peak_candidates": 0,
          "peak_temp_bytes": 0,
          "estimated_vector_page_reads": 0,
          "estimated_payload_page_reads": 0,
          "estimated_graph_page_reads": 0,
          "mean_bq_posting_lookup_ms": 0.0,
          "mean_bq_node_mapping_ms": 0.0,
          "mean_bq_heap_scan_ms": 0.0,
          "mean_bq_output_sort_ms": 0.0,
          "bq_slot_cache_hits": 0,
          "bq_slot_cache_misses": 0,
          "mean_bq_mapped_candidates": 0.0,
          "mean_adaptive_ef_search": 0.0,
          "mean_vector_density_skew_ppm": 0.0,
          "selected_access_path": "AnnPostFilter",
          "property_path_cost": 0,
          "graph_path_cost": 0,
          "filtered_ann_path_cost": 0,
          "resident_heap_bytes": 53200116,
          "mapped_bytes": 26758086,
          "wal_bytes_delta": 0,
          "sidecar_bytes_delta": 0,
          "checkpoint_bytes_delta": 0,
          "temporary_spill_bytes_delta": 0
        },
        {
          "method": "tsng",
          "ef_search": 4096,
          "metadata_bonus_cap_ppm": 100000,
          "signal_queue_quota_ppm": 500000,
          "graph_seed_limit": 0,
          "p50_ms": 8.9035,
          "p95_ms": 11.7376,
          "p99_ms": 13.2537,
          "mean_recall_at_10": 1.0,
          "mean_ndcg_at_10": 1.0,
          "mean_result_count": 10.0,
          "mean_navigation_scores": 20326.90625,
          "mean_candidates_reranked": 4096.0,
          "peak_candidates": 0,
          "peak_temp_bytes": 0,
          "estimated_vector_page_reads": 0,
          "estimated_payload_page_reads": 0,
          "estimated_graph_page_reads": 0,
          "mean_bq_posting_lookup_ms": 0.0,
          "mean_bq_node_mapping_ms": 0.0,
          "mean_bq_heap_scan_ms": 0.0,
          "mean_bq_output_sort_ms": 0.0,
          "bq_slot_cache_hits": 0,
          "bq_slot_cache_misses": 0,
          "mean_bq_mapped_candidates": 0.0,
          "mean_adaptive_ef_search": 0.0,
          "mean_vector_density_skew_ppm": 0.0,
          "selected_access_path": "AnnPostFilter",
          "property_path_cost": 0,
          "graph_path_cost": 0,
          "filtered_ann_path_cost": 0,
          "resident_heap_bytes": 53200116,
          "mapped_bytes": 26758086,
          "wal_bytes_delta": 0,
          "sidecar_bytes_delta": 0,
          "checkpoint_bytes_delta": 0,
          "temporary_spill_bytes_delta": 0
        },
        {
          "method": "tsng",
          "ef_search": 4096,
          "metadata_bonus_cap_ppm": 100000,
          "signal_queue_quota_ppm": 500000,
          "graph_seed_limit": 16,
          "p50_ms": 7.851,
          "p95_ms": 8.9597,
          "p99_ms": 9.2277,
          "mean_recall_at_10": 1.0,
          "mean_ndcg_at_10": 1.0,
          "mean_result_count": 10.0,
          "mean_navigation_scores": 16202.65625,
          "mean_candidates_reranked": 4096.0,
          "peak_candidates": 0,
          "peak_temp_bytes": 0,
          "estimated_vector_page_reads": 0,
          "estimated_payload_page_reads": 0,
          "estimated_graph_page_reads": 0,
          "mean_bq_posting_lookup_ms": 0.0,
          "mean_bq_node_mapping_ms": 0.0,
          "mean_bq_heap_scan_ms": 0.0,
          "mean_bq_output_sort_ms": 0.0,
          "bq_slot_cache_hits": 0,
          "bq_slot_cache_misses": 0,
          "mean_bq_mapped_candidates": 0.0,
          "mean_adaptive_ef_search": 0.0,
          "mean_vector_density_skew_ppm": 0.0,
          "selected_access_path": "AnnPostFilter",
          "property_path_cost": 0,
          "graph_path_cost": 0,
          "filtered_ann_path_cost": 0,
          "resident_heap_bytes": 53200116,
          "mapped_bytes": 26758086,
          "wal_bytes_delta": 0,
          "sidecar_bytes_delta": 0,
          "checkpoint_bytes_delta": 0,
          "temporary_spill_bytes_delta": 0
        },
        {
          "method": "tsng",
          "ef_search": 4096,
          "metadata_bonus_cap_ppm": 100000,
          "signal_queue_quota_ppm": 500000,
          "graph_seed_limit": 64,
          "p50_ms": 7.475,
          "p95_ms": 8.9443,
          "p99_ms": 9.634699999999999,
          "mean_recall_at_10": 1.0,
          "mean_ndcg_at_10": 1.0,
          "mean_result_count": 10.0,
          "mean_navigation_scores": 16202.71875,
          "mean_candidates_reranked": 4096.0,
          "peak_candidates": 0,
          "peak_temp_bytes": 0,
          "estimated_vector_page_reads": 0,
          "estimated_payload_page_reads": 0,
          "estimated_graph_page_reads": 0,
          "mean_bq_posting_lookup_ms": 0.0,
          "mean_bq_node_mapping_ms": 0.0,
          "mean_bq_heap_scan_ms": 0.0,
          "mean_bq_output_sort_ms": 0.0,
          "bq_slot_cache_hits": 0,
          "bq_slot_cache_misses": 0,
          "mean_bq_mapped_candidates": 0.0,
          "mean_adaptive_ef_search": 0.0,
          "mean_vector_density_skew_ppm": 0.0,
          "selected_access_path": "AnnPostFilter",
          "property_path_cost": 0,
          "graph_path_cost": 0,
          "filtered_ann_path_cost": 0,
          "resident_heap_bytes": 53200116,
          "mapped_bytes": 26758086,
          "wal_bytes_delta": 0,
          "sidecar_bytes_delta": 0,
          "checkpoint_bytes_delta": 0,
          "temporary_spill_bytes_delta": 0
        },
        {
          "method": "tsng",
          "ef_search": 4096,
          "metadata_bonus_cap_ppm": 100000,
          "signal_queue_quota_ppm": 500000,
          "graph_seed_limit": 256,
          "p50_ms": 7.5054,
          "p95_ms": 9.269400000000001,
          "p99_ms": 9.3755,
          "mean_recall_at_10": 1.0,
          "mean_ndcg_at_10": 1.0,
          "mean_result_count": 10.0,
          "mean_navigation_scores": 16221.875,
          "mean_candidates_reranked": 4096.0,
          "peak_candidates": 0,
          "peak_temp_bytes": 0,
          "estimated_vector_page_reads": 0,
          "estimated_payload_page_reads": 0,
          "estimated_graph_page_reads": 0,
          "mean_bq_posting_lookup_ms": 0.0,
          "mean_bq_node_mapping_ms": 0.0,
          "mean_bq_heap_scan_ms": 0.0,
          "mean_bq_output_sort_ms": 0.0,
          "bq_slot_cache_hits": 0,
          "bq_slot_cache_misses": 0,
          "mean_bq_mapped_candidates": 0.0,
          "mean_adaptive_ef_search": 0.0,
          "mean_vector_density_skew_ppm": 0.0,
          "selected_access_path": "AnnPostFilter",
          "property_path_cost": 0,
          "graph_path_cost": 0,
          "filtered_ann_path_cost": 0,
          "resident_heap_bytes": 53200116,
          "mapped_bytes": 26758086,
          "wal_bytes_delta": 0,
          "sidecar_bytes_delta": 0,
          "checkpoint_bytes_delta": 0,
          "temporary_spill_bytes_delta": 0
        }
      ],
      "gate": {
        "target_recall": 0.8,
        "fixed_ef": 1024,
        "selectivity_ef": 1024,
        "density_ef": 1024,
        "fixed_p95_ms": 1.1605999999999999,
        "selectivity_p95_ms": 1.3759,
        "density_p95_ms": 1.4465999999999999,
        "density_recall_delta": 0.0,
        "density_p95_speedup": 0.9511267800359464,
        "density_page_read_reduction": 0.0,
        "density_candidate_reduction": 0.0,
        "quality_gate_passed": true,
        "density_work_gate_passed": false,
        "memory_gate_passed": true,
        "ssd_wear_gate_passed": true,
        "passed": false,
        "reason": "密度感知模式未降低 P95、向量页读取或候选精排工作量"
      }
    }
  ]
}
C1 同 Recall Gate 报告已写入 target/bench-reports/tsng-c1-matched-recall.json / C1 matched-recall Gate report written to target/bench-reports/tsng-c1-matched-recall.json
